ID_Cliente,Nombre_Completo,Localidad,Mes,Actividad,Sexo,Edad,Estado,Cuota,Inscripcion,Metodo_Pago,Fecha_Alta
1001,Camila Castro,Mendoza Ciudad,2024-11,Musculacion,F,31,Activo,35000,20000,Tarjeta,02/11/2024
1001,Camila Castro,Mendoza Ciudad,2024-12,Musculacion,F,31,Activo,35000,0,Tarjeta,02/11/2024
1002,Camila Medina,Mendoza Ciudad,2024-04,Musculacion,M,70,Activo,35000,20000,Transferencia,18/04/2024
1002,Camila Medina,Mendoza Ciudad,2024-05,Musculacion,M,70,Inactivo,0,0,Transferencia,18/04/2024
1002,Camila Medina,Mendoza Ciudad,2024-06,Musculacion,M,70,Activo,35000,0,Transferencia,18/04/2024
1002,Camila Medina,Mendoza Ciudad,2024-07,Musculacion,M,70,Inactivo,0,0,Transferencia,18/04/2024
1002,Camila Medina,Mendoza Ciudad,2024-08,Musculacion,M,70,Activo,35000,0,Transferencia,18/04/2024
1002,Camila Medina,Mendoza Ciudad,2024-09,Musculacion,M,70,Activo,35000,0,Transferencia,18/04/2024
1002,Camila Medina,Mendoza Ciudad,2024-10,Musculacion,M,70,Activo,35000,0,Transferencia,18/04/2024
1002,Camila Medina,Mendoza Ciudad,2024-11,Musculacion,M,70,Activo,35000,0,Transferencia,18/04/2024
1002,Camila Medina,Mendoza Ciudad,2024-12,Musculacion,M,70,Activo,35000,0,Transferencia,18/04/2024
1003,Bruno Vega,Mendoza Ciudad,2024-02,Musculacion,M,43,Activo,35000,20000,Efectivo,03/02/2024
1003,Bruno Vega,Mendoza Ciudad,2024-03,Musculacion,M,43,Activo,35000,0,Efectivo,03/02/2024
1003,Bruno Vega,Mendoza Ciudad,2024-04,Musculacion,M,43,Activo,35000,0,Efectivo,03/02/2024
1003,Bruno Vega,Mendoza Ciudad,2024-05,Musculacion,M,43,Activo,35000,0,Efectivo,03/02/2024
1003,Bruno Vega,Mendoza Ciudad,2024-06,Musculacion,M,43,Inactivo,0,0,Efectivo,03/02/2024
1003,Bruno Vega,Mendoza Ciudad,2024-07,Musculacion,M,43,Inactivo,0,0,Efectivo,03/02/2024
1003,Bruno Vega,Mendoza Ciudad,2024-08,Musculacion,M,43,Activo,35000,0,Efectivo,03/02/2024
1003,Bruno Vega,Mendoza Ciudad,2024-09,Musculacion,M,43,Activo,35000,0,Efectivo,03/02/2024
1003,Bruno Vega,Mendoza Ciudad,2024-10,Musculacion,M,43,Activo,35000,0,Efectivo,03/02/2024
1003,Bruno Vega,Mendoza Ciudad,2024-11,Musculacion,M,43,Activo,35000,0,Efectivo,03/02/2024
1003,Bruno Vega,Mendoza Ciudad,2024-12,Musculacion,M,43,Activo,35000,0,Efectivo,03/02/2024
1004,Florencia Perez,Guaymallen,2024-11,Funcional,M,53,Activo,35000,20000,Tarjeta,25/11/2024
1004,Florencia Perez,Guaymallen,2024-12,Funcional,M,53,Activo,35000,0,Tarjeta,25/11/2024
1005,Bruno Gimenez,Mendoza Ciudad,2024-09,Funcional,F,31,Activo,35000,20000,Tarjeta,08/09/2024
1005,Bruno Gimenez,Mendoza Ciudad,2024-10,Funcional,F,31,Inactivo,0,0,Tarjeta,08/09/2024
1005,Bruno Gimenez,Mendoza Ciudad,2024-11,Funcional,F,31,Activo,35000,0,Tarjeta,08/09/2024
1005,Bruno Gimenez,Mendoza Ciudad,2024-12,Funcional,F,31,Activo,35000,0,Tarjeta,08/09/2024
1006,Tomas Perez,Mendoza Ciudad,2024-08,Funcional,M,46,Activo,35000,20000,Tarjeta,07/08/2024
1006,Tomas Perez,Mendoza Ciudad,2024-09,Funcional,M,46,Activo,35000,0,Tarjeta,07/08/2024
1006,Tomas Perez,Mendoza Ciudad,2024-10,Funcional,M,46,Activo,35000,0,Tarjeta,07/08/2024
1006,Tomas Perez,Mendoza Ciudad,2024-11,Funcional,M,46,Activo,35000,0,Tarjeta,07/08/2024
1006,Tomas Perez,Mendoza Ciudad,2024-12,Funcional,M,46,Activo,35000,0,Tarjeta,07/08/2024
1007,Sofia Medina,Mendoza Ciudad,2024-01,Defensa Personal,M,66,Activo,25000,20000,Tarjeta,14/01/2024
1007,Sofia Medina,Mendoza Ciudad,2024-02,Defensa Personal,M,66,Activo,25000,0,Tarjeta,14/01/2024
1007,Sofia Medina,Mendoza Ciudad,2024-03,Defensa Personal,M,66,Activo,25000,0,Tarjeta,14/01/2024
1007,Sofia Medina,Mendoza Ciudad,2024-04,Defensa Personal,M,66,Activo,25000,0,Tarjeta,14/01/2024
1007,Sofia Medina,Mendoza Ciudad,2024-05,Defensa Personal,M,66,Activo,25000,0,Tarjeta,14/01/2024
1007,Sofia Medina,Mendoza Ciudad,2024-06,Defensa Personal,M,66,Activo,25000,0,Tarjeta,14/01/2024
1007,Sofia Medina,Mendoza Ciudad,2024-07,Defensa Personal,M,66,Activo,25000,0,Tarjeta,14/01/2024
1007,Sofia Medina,Mendoza Ciudad,2024-08,Defensa Personal,M,66,Activo,25000,0,Tarjeta,14/01/2024
1007,Sofia Medina,Mendoza Ciudad,2024-09,Defensa Personal,M,66,Activo,25000,0,Tarjeta,14/01/2024
1007,Sofia Medina,Mendoza Ciudad,2024-10,Defensa Personal,M,66,Activo,25000,0,Tarjeta,14/01/2024
1007,Sofia Medina,Mendoza Ciudad,2024-11,Defensa Personal,M,66,Activo,25000,0,Tarjeta,14/01/2024
1007,Sofia Medina,Mendoza Ciudad,2024-12,Defensa Personal,M,66,Activo,25000,0,Tarjeta,14/01/2024
1008,Diego Rodriguez,Mendoza Ciudad,2024-09,Musculacion,M,51,Activo,35000,20000,Tarjeta,05/09/2024
1008,Diego Rodriguez,Mendoza Ciudad,2024-10,Musculacion,M,51,Activo,35000,0,Tarjeta,05/09/2024
1008,Diego Rodriguez,Mendoza Ciudad,2024-11,Musculacion,M,51,Activo,35000,0,Tarjeta,05/09/2024
1008,Diego Rodriguez,Mendoza Ciudad,2024-12,Musculacion,M,51,Activo,35000,0,Tarjeta,05/09/2024
1009,Maria Castro,Maipu,2024-06,Musculacion,F,37,Activo,35000,20000,Tarjeta,22/06/2024
1009,Maria Castro,Maipu,2024-07,Musculacion,F,37,Inactivo,0,0,Tarjeta,22/06/2024
1009,Maria Castro,Maipu,2024-08,Musculacion,F,37,Inactivo,0,0,Tarjeta,22/06/2024
1009,Maria Castro,Maipu,2024-09,Musculacion,F,37,Activo,35000,0,Tarjeta,22/06/2024
1009,Maria Castro,Maipu,2024-10,Musculacion,F,37,Activo,35000,0,Tarjeta,22/06/2024
1009,Maria Castro,Maipu,2024-11,Musculacion,F,37,Activo,35000,0,Tarjeta,22/06/2024
1009,Maria Castro,Maipu,2024-12,Musculacion,F,37,Inactivo,0,0,Tarjeta,22/06/2024
1010,Juan Suarez,Maipu,2024-06,Musculacion,M,31,Activo,35000,20000,Transferencia,03/06/2024
1010,Juan Suarez,Maipu,2024-07,Musculacion,M,31,Inactivo,0,0,Transferencia,03/06/2024
1010,Juan Suarez,Maipu,2024-08,Musculacion,M,31,Inactivo,0,0,Transferencia,03/06/2024
1010,Juan Suarez,Maipu,2024-09,Musculacion,M,31,Inactivo,0,0,Transferencia,03/06/2024
1010,Juan Suarez,Maipu,2024-10,Musculacion,M,31,Activo,35000,0,Transferencia,03/06/2024
1010,Juan Suarez,Maipu,2024-11,Musculacion,M,31,Activo,35000,0,Transferencia,03/06/2024
1010,Juan Suarez,Maipu,2024-12,Musculacion,M,31,Activo,35000,0,Transferencia,03/06/2024
1011,Julieta Medina,Guaymallen,2024-02,Musculacion,F,36,Activo,35000,20000,Transferencia,27/02/2024
1011,Julieta Medina,Guaymallen,2024-03,Musculacion,F,36,Activo,35000,0,Transferencia,27/02/2024
1011,Julieta Medina,Guaymallen,2024-04,Musculacion,F,36,Inactivo,0,0,Transferencia,27/02/2024
1011,Julieta Medina,Guaymallen,2024-05,Musculacion,F,36,Activo,35000,0,Transferencia,27/02/2024
1011,Julieta Medina,Guaymallen,2024-06,Musculacion,F,36,Inactivo,0,0,Transferencia,27/02/2024
1011,Julieta Medina,Guaymallen,2024-07,Musculacion,F,36,Inactivo,0,0,Transferencia,27/02/2024
1011,Julieta Medina,Guaymallen,2024-08,Musculacion,F,36,Inactivo,0,0,Transferencia,27/02/2024
1011,Julieta Medina,Guaymallen,2024-09,Musculacion,F,36,Inactivo,0,0,Transferencia,27/02/2024
1011,Julieta Medina,Guaymallen,2024-10,Musculacion,F,36,Activo,35000,0,Transferencia,27/02/2024
1011,Julieta Medina,Guaymallen,2024-11,Musculacion,F,36,Activo,35000,0,Transferencia,27/02/2024
1011,Julieta Medina,Guaymallen,2024-12,Musculacion,F,36,Activo,35000,0,Transferencia,27/02/2024
1012,Tomas Perez,Mendoza Ciudad,2024-07,Yoga,F,18,Activo,25000,20000,Transferencia,05/07/2024
1012,Tomas Perez,Mendoza Ciudad,2024-08,Yoga,F,18,Inactivo,0,0,Transferencia,05/07/2024
1012,Tomas Perez,Mendoza Ciudad,2024-09,Yoga,F,18,Activo,25000,0,Transferencia,05/07/2024
1012,Tomas Perez,Mendoza Ciudad,2024-10,Yoga,F,18,Activo,25000,0,Transferencia,05/07/2024
1012,Tomas Perez,Mendoza Ciudad,2024-11,Yoga,F,18,Activo,25000,0,Transferencia,05/07/2024
1012,Tomas Perez,Mendoza Ciudad,2024-12,Yoga,F,18,Activo,25000,0,Transferencia,05/07/2024
1013,Tomas Torres,Maipu,2024-07,Spinning,F,24,Activo,25000,20000,Efectivo,26/07/2024
1013,Tomas Torres,Maipu,2024-08,Spinning,F,24,Activo,25000,0,Efectivo,26/07/2024
1013,Tomas Torres,Maipu,2024-09,Spinning,F,24,Activo,25000,0,Efectivo,26/07/2024
1013,Tomas Torres,Maipu,2024-10,Spinning,F,24,Activo,25000,0,Efectivo,26/07/2024
1013,Tomas Torres,Maipu,2024-11,Spinning,F,24,Activo,25000,0,Efectivo,26/07/2024
1013,Tomas Torres,Maipu,2024-12,Spinning,F,24,Activo,25000,0,Efectivo,26/07/2024
1014,Bruno Lopez,Maipu,2024-11,Yoga,M,42,Activo,25000,20000,Efectivo,26/11/2024
1014,Bruno Lopez,Maipu,2024-12,Yoga,M,42,Inactivo,0,0,Efectivo,26/11/2024
1015,Juan Gomez,Mendoza Ciudad,2024-04,Funcional,F,19,Activo,35000,20000,Tarjeta,11/04/2024
1015,Juan Gomez,Mendoza Ciudad,2024-05,Funcional,F,19,Activo,35000,0,Tarjeta,11/04/2024
1015,Juan Gomez,Mendoza Ciudad,2024-06,Funcional,F,19,Activo,35000,0,Tarjeta,11/04/2024
1015,Juan Gomez,Mendoza Ciudad,2024-07,Funcional,F,19,Activo,35000,0,Tarjeta,11/04/2024
1015,Juan Gomez,Mendoza Ciudad,2024-08,Funcional,F,19,Activo,35000,0,Tarjeta,11/04/2024
1015,Juan Gomez,Mendoza Ciudad,2024-09,Funcional,F,19,Activo,35000,0,Tarjeta,11/04/2024
1015,Juan Gomez,Mendoza Ciudad,2024-10,Funcional,F,19,Activo,35000,0,Tarjeta,11/04/2024
1015,Juan Gomez,Mendoza Ciudad,2024-11,Funcional,F,19,Inactivo,0,0,Tarjeta,11/04/2024
1015,Juan Gomez,Mendoza Ciudad,2024-12,Funcional,F,19,Activo,35000,0,Tarjeta,11/04/2024
1016,Florencia Sanchez,Godoy Cruz,2024-04,Musculacion,M,35,Activo,35000,20000,Tarjeta,13/04/2024
1016,Florencia Sanchez,Godoy Cruz,2024-05,Musculacion,M,35,Activo,35000,0,Tarjeta,13/04/2024
1016,Florencia Sanchez,Godoy Cruz,2024-06,Musculacion,M,35,Activo,35000,0,Tarjeta,13/04/2024
1016,Florencia Sanchez,Godoy Cruz,2024-07,Musculacion,M,35,Activo,35000,0,Tarjeta,13/04/2024
1016,Florencia Sanchez,Godoy Cruz,2024-08,Musculacion,M,35,Inactivo,0,0,Tarjeta,13/04/2024
1016,Florencia Sanchez,Godoy Cruz,2024-09,Musculacion,M,35,Activo,35000,0,Tarjeta,13/04/2024
1016,Florencia Sanchez,Godoy Cruz,2024-10,Musculacion,M,35,Activo,35000,0,Tarjeta,13/04/2024
1016,Florencia Sanchez,Godoy Cruz,2024-11,Musculacion,M,35,Activo,35000,0,Tarjeta,13/04/2024
1016,Florencia Sanchez,Godoy Cruz,2024-12,Musculacion,M,35,Activo,35000,0,Tarjeta,13/04/2024
1017,Tomas Torres,Mendoza Ciudad,2024-05,Musculacion,M,26,Activo,35000,20000,Tarjeta,18/05/2024
1017,Tomas Torres,Mendoza Ciudad,2024-06,Musculacion,M,26,Activo,35000,0,Tarjeta,18/05/2024
1017,Tomas Torres,Mendoza Ciudad,2024-07,Musculacion,M,26,Activo,35000,0,Tarjeta,18/05/2024
1017,Tomas Torres,Mendoza Ciudad,2024-08,Musculacion,M,26,Activo,35000,0,Tarjeta,18/05/2024
1017,Tomas Torres,Mendoza Ciudad,2024-09,Musculacion,M,26,Inactivo,0,0,Tarjeta,18/05/2024
1017,Tomas Torres,Mendoza Ciudad,2024-10,Musculacion,M,26,Activo,35000,0,Tarjeta,18/05/2024
1017,Tomas Torres,Mendoza Ciudad,2024-11,Musculacion,M,26,Activo,35000,0,Tarjeta,18/05/2024
1017,Tomas Torres,Mendoza Ciudad,2024-12,Musculacion,M,26,Activo,35000,0,Tarjeta,18/05/2024
1018,Camila Molina,Mendoza Ciudad,2024-10,Funcional,M,32,Activo,35000,20000,Efectivo,24/10/2024
1018,Camila Molina,Mendoza Ciudad,2024-11,Funcional,M,32,Activo,35000,0,Efectivo,24/10/2024
1018,Camila Molina,Mendoza Ciudad,2024-12,Funcional,M,32,Activo,35000,0,Efectivo,24/10/2024
1019,Camila Vega,Mendoza Ciudad,2024-02,Musculacion,M,51,Activo,35000,20000,Efectivo,16/02/2024
1019,Camila Vega,Mendoza Ciudad,2024-03,Musculacion,M,51,Activo,35000,0,Efectivo,16/02/2024
1019,Camila Vega,Mendoza Ciudad,2024-04,Musculacion,M,51,Activo,35000,0,Efectivo,16/02/2024
1019,Camila Vega,Mendoza Ciudad,2024-05,Musculacion,M,51,Activo,35000,0,Efectivo,16/02/2024
1019,Camila Vega,Mendoza Ciudad,2024-06,Musculacion,M,51,Inactivo,0,0,Efectivo,16/02/2024
1019,Camila Vega,Mendoza Ciudad,2024-07,Musculacion,M,51,Activo,35000,0,Efectivo,16/02/2024
1019,Camila Vega,Mendoza Ciudad,2024-08,Musculacion,M,51,Inactivo,0,0,Efectivo,16/02/2024
1019,Camila Vega,Mendoza Ciudad,2024-09,Musculacion,M,51,Activo,35000,0,Efectivo,16/02/2024
1019,Camila Vega,Mendoza Ciudad,2024-10,Musculacion,M,51,Activo,35000,0,Efectivo,16/02/2024
1019,Camila Vega,Mendoza Ciudad,2024-11,Musculacion,M,51,Activo,35000,0,Efectivo,16/02/2024
1019,Camila Vega,Mendoza Ciudad,2024-12,Musculacion,M,51,Activo,35000,0,Efectivo,16/02/2024
1020,Florencia Dominguez,Mendoza Ciudad,2024-01,Defensa Personal,M,19,Activo,25000,20000,Transferencia,02/01/2024
1020,Florencia Dominguez,Mendoza Ciudad,2024-02,Defensa Personal,M,19,Activo,25000,0,Transferencia,02/01/2024
1020,Florencia Dominguez,Mendoza Ciudad,2024-03,Defensa Personal,M,19,Activo,25000,0,Transferencia,02/01/2024
1020,Florencia Dominguez,Mendoza Ciudad,2024-04,Defensa Personal,M,19,Inactivo,0,0,Transferencia,02/01/2024
1020,Florencia Dominguez,Mendoza Ciudad,2024-05,Defensa Personal,M,19,Activo,25000,0,Transferencia,02/01/2024
1020,Florencia Dominguez,Mendoza Ciudad,2024-06,Defensa Personal,M,19,Activo,25000,0,Transferencia,02/01/2024
1020,Florencia Dominguez,Mendoza Ciudad,2024-07,Defensa Personal,M,19,Inactivo,0,0,Transferencia,02/01/2024
1020,Florencia Dominguez,Mendoza Ciudad,2024-08,Defensa Personal,M,19,Activo,25000,0,Transferencia,02/01/2024
1020,Florencia Dominguez,Mendoza Ciudad,2024-09,Defensa Personal,M,19,Activo,25000,0,Transferencia,02/01/2024
1020,Florencia Dominguez,Mendoza Ciudad,2024-10,Defensa Personal,M,19,Activo,25000,0,Transferencia,02/01/2024
1020,Florencia Dominguez,Mendoza Ciudad,2024-11,Defensa Personal,M,19,Activo,25000,0,Transferencia,02/01/2024
1020,Florencia Dominguez,Mendoza Ciudad,2024-12,Defensa Personal,M,19,Activo,25000,0,Transferencia,02/01/2024
1021,Agustin Herrera,Guaymallen,2024-08,Musculacion,M,16,Activo,35000,20000,Tarjeta,02/08/2024
1021,Agustin Herrera,Guaymallen,2024-09,Musculacion,M,16,Activo,35000,0,Tarjeta,02/08/2024
1021,Agustin Herrera,Guaymallen,2024-10,Musculacion,M,16,Activo,35000,0,Tarjeta,02/08/2024
1021,Agustin Herrera,Guaymallen,2024-11,Musculacion,M,16,Activo,35000,0,Tarjeta,02/08/2024
1021,Agustin Herrera,Guaymallen,2024-12,Musculacion,M,16,Inactivo,0,0,Tarjeta,02/08/2024
1022,Ezequiel Torres,Guaymallen,2024-07,Musculacion,M,30,Activo,35000,20000,Transferencia,03/07/2024
1022,Ezequiel Torres,Guaymallen,2024-08,Musculacion,M,30,Activo,35000,0,Transferencia,03/07/2024
1022,Ezequiel Torres,Guaymallen,2024-09,Musculacion,M,30,Activo,35000,0,Transferencia,03/07/2024
1022,Ezequiel Torres,Guaymallen,2024-10,Musculacion,M,30,Activo,35000,0,Transferencia,03/07/2024
1022,Ezequiel Torres,Guaymallen,2024-11,Musculacion,M,30,Activo,35000,0,Transferencia,03/07/2024
1022,Ezequiel Torres,Guaymallen,2024-12,Musculacion,M,30,Activo,35000,0,Transferencia,03/07/2024
1023,Maria Medina,Mendoza Ciudad,2024-07,Musculacion,M,32,Activo,35000,20000,Tarjeta,06/07/2024
1023,Maria Medina,Mendoza Ciudad,2024-08,Musculacion,M,32,Activo,35000,0,Tarjeta,06/07/2024
1023,Maria Medina,Mendoza Ciudad,2024-09,Musculacion,M,32,Activo,35000,0,Tarjeta,06/07/2024
1023,Maria Medina,Mendoza Ciudad,2024-10,Musculacion,M,32,Activo,35000,0,Tarjeta,06/07/2024
1023,Maria Medina,Mendoza Ciudad,2024-11,Musculacion,M,32,Activo,35000,0,Tarjeta,06/07/2024
1023,Maria Medina,Mendoza Ciudad,2024-12,Musculacion,M,32,Activo,35000,0,Tarjeta,06/07/2024
1024,Paula Rios,Mendoza Ciudad,2024-03,Musculacion,F,23,Activo,35000,20000,Tarjeta,03/03/2024
1024,Paula Rios,Mendoza Ciudad,2024-04,Musculacion,F,23,Inactivo,0,0,Tarjeta,03/03/2024
1024,Paula Rios,Mendoza Ciudad,2024-05,Musculacion,F,23,Inactivo,0,0,Tarjeta,03/03/2024
1024,Paula Rios,Mendoza Ciudad,2024-06,Musculacion,F,23,Activo,35000,0,Tarjeta,03/03/2024
1024,Paula Rios,Mendoza Ciudad,2024-07,Musculacion,F,23,Activo,35000,0,Tarjeta,03/03/2024
1024,Paula Rios,Mendoza Ciudad,2024-08,Musculacion,F,23,Activo,35000,0,Tarjeta,03/03/2024
1024,Paula Rios,Mendoza Ciudad,2024-09,Musculacion,F,23,Activo,35000,0,Tarjeta,03/03/2024
1024,Paula Rios,Mendoza Ciudad,2024-10,Musculacion,F,23,Activo,35000,0,Tarjeta,03/03/2024
1024,Paula Rios,Mendoza Ciudad,2024-11,Musculacion,F,23,Activo,35000,0,Tarjeta,03/03/2024
1024,Paula Rios,Mendoza Ciudad,2024-12,Musculacion,F,23,Inactivo,0,0,Tarjeta,03/03/2024
1025,Milagros Lopez,Mendoza Ciudad,2024-04,Funcional,F,48,Activo,35000,20000,Tarjeta,06/04/2024
1025,Milagros Lopez,Mendoza Ciudad,2024-05,Funcional,F,48,Inactivo,0,0,Tarjeta,06/04/2024
1025,Milagros Lopez,Mendoza Ciudad,2024-06,Funcional,F,48,Activo,35000,0,Tarjeta,06/04/2024
1025,Milagros Lopez,Mendoza Ciudad,2024-07,Funcional,F,48,Activo,35000,0,Tarjeta,06/04/2024
1025,Milagros Lopez,Mendoza Ciudad,2024-08,Funcional,F,48,Activo,35000,0,Tarjeta,06/04/2024
1025,Milagros Lopez,Mendoza Ciudad,2024-09,Funcional,F,48,Activo,35000,0,Tarjeta,06/04/2024
1025,Milagros Lopez,Mendoza Ciudad,2024-10,Funcional,F,48,Activo,35000,0,Tarjeta,06/04/2024
1025,Milagros Lopez,Mendoza Ciudad,2024-11,Funcional,F,48,Activo,35000,0,Tarjeta,06/04/2024
1025,Milagros Lopez,Mendoza Ciudad,2024-12,Funcional,F,48,Activo,35000,0,Tarjeta,06/04/2024
1026,Paula Molina,Mendoza Ciudad,2024-08,Musculacion,M,25,Activo,35000,20000,Tarjeta,08/08/2024
1026,Paula Molina,Mendoza Ciudad,2024-09,Musculacion,M,25,Activo,35000,0,Tarjeta,08/08/2024
1026,Paula Molina,Mendoza Ciudad,2024-10,Musculacion,M,25,Activo,35000,0,Tarjeta,08/08/2024
1026,Paula Molina,Mendoza Ciudad,2024-11,Musculacion,M,25,Activo,35000,0,Tarjeta,08/08/2024
1026,Paula Molina,Mendoza Ciudad,2024-12,Musculacion,M,25,Activo,35000,0,Tarjeta,08/08/2024
1027,Agustin Dominguez,Guaymallen,2024-06,Musculacion,M,21,Activo,35000,20000,Efectivo,11/06/2024
1027,Agustin Dominguez,Guaymallen,2024-06,Funcional,M,21,Inactivo,0,0,Efectivo,11/06/2024
1027,Agustin Dominguez,Guaymallen,2024-07,Musculacion,M,21,Activo,35000,0,Efectivo,11/06/2024
1027,Agustin Dominguez,Guaymallen,2024-07,Funcional,M,21,Inactivo,0,0,Efectivo,11/06/2024
1027,Agustin Dominguez,Guaymallen,2024-08,Musculacion,M,21,Inactivo,0,0,Efectivo,11/06/2024
1027,Agustin Dominguez,Guaymallen,2024-08,Funcional,M,21,Inactivo,0,0,Efectivo,11/06/2024
1027,Agustin Dominguez,Guaymallen,2024-09,Musculacion,M,21,Activo,35000,0,Efectivo,11/06/2024
1027,Agustin Dominguez,Guaymallen,2024-09,Funcional,M,21,Activo,35000,0,Efectivo,11/06/2024
1027,Agustin Dominguez,Guaymallen,2024-10,Musculacion,M,21,Activo,35000,0,Efectivo,11/06/2024
1027,Agustin Dominguez,Guaymallen,2024-10,Funcional,M,21,Activo,35000,0,Efectivo,11/06/2024
1027,Agustin Dominguez,Guaymallen,2024-11,Musculacion,M,21,Activo,35000,0,Efectivo,11/06/2024
1027,Agustin Dominguez,Guaymallen,2024-11,Funcional,M,21,Activo,35000,0,Efectivo,11/06/2024
1027,Agustin Dominguez,Guaymallen,2024-12,Musculacion,M,21,Activo,35000,0,Efectivo,11/06/2024
1027,Agustin Dominguez,Guaymallen,2024-12,Funcional,M,21,Inactivo,0,0,Efectivo,11/06/2024
1028,Diego Torres,Godoy Cruz,2024-03,Yoga,F,45,Activo,25000,20000,Transferencia,05/03/2024
1028,Diego Torres,Godoy Cruz,2024-04,Yoga,F,45,Activo,25000,0,Transferencia,05/03/2024
1028,Diego Torres,Godoy Cruz,2024-05,Yoga,F,45,Inactivo,0,0,Transferencia,05/03/2024
1028,Diego Torres,Godoy Cruz,2024-06,Yoga,F,45,Inactivo,0,0,Transferencia,05/03/2024
1028,Diego Torres,Godoy Cruz,2024-07,Yoga,F,45,Activo,25000,0,Transferencia,05/03/2024
1028,Diego Torres,Godoy Cruz,2024-08,Yoga,F,45,Inactivo,0,0,Transferencia,05/03/2024
1028,Diego Torres,Godoy Cruz,2024-09,Yoga,F,45,Activo,25000,0,Transferencia,05/03/2024
1028,Diego Torres,Godoy Cruz,2024-10,Yoga,F,45,Activo,25000,0,Transferencia,05/03/2024
1028,Diego Torres,Godoy Cruz,2024-11,Yoga,F,45,Activo,25000,0,Transferencia,05/03/2024
1028,Diego Torres,Godoy Cruz,2024-12,Yoga,F,45,Activo,25000,0,Transferencia,05/03/2024
1029,Maria Vega,Mendoza Ciudad,2024-03,Musculacion,M,24,Activo,35000,20000,Tarjeta,26/03/2024
1029,Maria Vega,Mendoza Ciudad,2024-04,Musculacion,M,24,Activo,35000,0,Tarjeta,26/03/2024
1029,Maria Vega,Mendoza Ciudad,2024-05,Musculacion,M,24,Activo,35000,0,Tarjeta,26/03/2024
1029,Maria Vega,Mendoza Ciudad,2024-06,Musculacion,M,24,Activo,35000,0,Tarjeta,26/03/2024
1029,Maria Vega,Mendoza Ciudad,2024-07,Musculacion,M,24,Inactivo,0,0,Tarjeta,26/03/2024
1029,Maria Vega,Mendoza Ciudad,2024-08,Musculacion,M,24,Activo,35000,0,Tarjeta,26/03/2024
1029,Maria Vega,Mendoza Ciudad,2024-09,Musculacion,M,24,Activo,35000,0,Tarjeta,26/03/2024
1029,Maria Vega,Mendoza Ciudad,2024-10,Musculacion,M,24,Activo,35000,0,Tarjeta,26/03/2024
1029,Maria Vega,Mendoza Ciudad,2024-11,Musculacion,M,24,Activo,35000,0,Tarjeta,26/03/2024
1029,Maria Vega,Mendoza Ciudad,2024-12,Musculacion,M,24,Inactivo,0,0,Tarjeta,26/03/2024
1030,Sofia Cruz,Mendoza Ciudad,2024-12,Musculacion,F,28,Activo,35000,20000,Efectivo,11/12/2024
1031,Sofia Herrera,Mendoza Ciudad,2024-01,Yoga,M,16,Activo,25000,0,Transferencia,07/01/2024
1031,Sofia Herrera,Mendoza Ciudad,2024-01,Funcional,M,16,Activo,35000,20000,Transferencia,07/01/2024
1031,Sofia Herrera,Mendoza Ciudad,2024-02,Yoga,M,16,Activo,25000,0,Transferencia,07/01/2024
1031,Sofia Herrera,Mendoza Ciudad,2024-02,Funcional,M,16,Activo,35000,0,Transferencia,07/01/2024
1031,Sofia Herrera,Mendoza Ciudad,2024-03,Yoga,M,16,Activo,25000,0,Transferencia,07/01/2024
1031,Sofia Herrera,Mendoza Ciudad,2024-03,Funcional,M,16,Inactivo,0,0,Transferencia,07/01/2024
1031,Sofia Herrera,Mendoza Ciudad,2024-04,Yoga,M,16,Inactivo,0,0,Transferencia,07/01/2024
1031,Sofia Herrera,Mendoza Ciudad,2024-04,Funcional,M,16,Activo,35000,0,Transferencia,07/01/2024
1031,Sofia Herrera,Mendoza Ciudad,2024-05,Yoga,M,16,Activo,25000,0,Transferencia,07/01/2024
1031,Sofia Herrera,Mendoza Ciudad,2024-05,Funcional,M,16,Activo,35000,0,Transferencia,07/01/2024
1031,Sofia Herrera,Mendoza Ciudad,2024-06,Yoga,M,16,Activo,25000,0,Transferencia,07/01/2024
1031,Sofia Herrera,Mendoza Ciudad,2024-06,Funcional,M,16,Inactivo,0,0,Transferencia,07/01/2024
1031,Sofia Herrera,Mendoza Ciudad,2024-07,Yoga,M,16,Inactivo,0,0,Transferencia,07/01/2024
1031,Sofia Herrera,Mendoza Ciudad,2024-07,Funcional,M,16,Inactivo,0,0,Transferencia,07/01/2024
1031,Sofia Herrera,Mendoza Ciudad,2024-08,Yoga,M,16,Inactivo,0,0,Transferencia,07/01/2024
1031,Sofia Herrera,Mendoza Ciudad,2024-08,Funcional,M,16,Inactivo,0,0,Transferencia,07/01/2024
1031,Sofia Herrera,Mendoza Ciudad,2024-09,Yoga,M,16,Activo,25000,0,Transferencia,07/01/2024
1031,Sofia Herrera,Mendoza Ciudad,2024-09,Funcional,M,16,Activo,35000,0,Transferencia,07/01/2024
1031,Sofia Herrera,Mendoza Ciudad,2024-10,Yoga,M,16,Activo,25000,0,Transferencia,07/01/2024
1031,Sofia Herrera,Mendoza Ciudad,2024-10,Funcional,M,16,Activo,35000,0,Transferencia,07/01/2024
1031,Sofia Herrera,Mendoza Ciudad,2024-11,Yoga,M,16,Activo,25000,0,Transferencia,07/01/2024
1031,Sofia Herrera,Mendoza Ciudad,2024-11,Funcional,M,16,Activo,35000,0,Transferencia,07/01/2024
1031,Sofia Herrera,Mendoza Ciudad,2024-12,Yoga,M,16,Activo,25000,0,Transferencia,07/01/2024
1031,Sofia Herrera,Mendoza Ciudad,2024-12,Funcional,M,16,Activo,35000,0,Transferencia,07/01/2024
1032,Julieta Lopez,Guaymallen,2024-04,Spinning,F,39,Activo,25000,20000,Tarjeta,05/04/2024
1032,Julieta Lopez,Guaymallen,2024-05,Spinning,F,39,Activo,25000,0,Tarjeta,05/04/2024
1032,Julieta Lopez,Guaymallen,2024-06,Spinning,F,39,Activo,25000,0,Tarjeta,05/04/2024
1032,Julieta Lopez,Guaymallen,2024-07,Spinning,F,39,Activo,25000,0,Tarjeta,05/04/2024
1032,Julieta Lopez,Guaymallen,2024-08,Spinning,F,39,Inactivo,0,0,Tarjeta,05/04/2024
1032,Julieta Lopez,Guaymallen,2024-09,Spinning,F,39,Activo,25000,0,Tarjeta,05/04/2024
1032,Julieta Lopez,Guaymallen,2024-10,Spinning,F,39,Inactivo,0,0,Tarjeta,05/04/2024
1032,Julieta Lopez,Guaymallen,2024-11,Spinning,F,39,Activo,25000,0,Tarjeta,05/04/2024
1032,Julieta Lopez,Guaymallen,2024-12,Spinning,F,39,Activo,25000,0,Tarjeta,05/04/2024
1033,Lucia Torres,Guaymallen,2024-12,Funcional,F,40,Activo,35000,20000,Transferencia,22/12/2024
1034,Florencia Romero,Godoy Cruz,2024-04,Musculacion,F,63,Activo,35000,20000,Tarjeta,28/04/2024
1034,Florencia Romero,Godoy Cruz,2024-05,Musculacion,F,63,Activo,35000,0,Tarjeta,28/04/2024
1034,Florencia Romero,Godoy Cruz,2024-06,Musculacion,F,63,Inactivo,0,0,Tarjeta,28/04/2024
1034,Florencia Romero,Godoy Cruz,2024-07,Musculacion,F,63,Inactivo,0,0,Tarjeta,28/04/2024
1034,Florencia Romero,Godoy Cruz,2024-08,Musculacion,F,63,Activo,35000,0,Tarjeta,28/04/2024
1034,Florencia Romero,Godoy Cruz,2024-09,Musculacion,F,63,Activo,35000,0,Tarjeta,28/04/2024
1034,Florencia Romero,Godoy Cruz,2024-10,Musculacion,F,63,Activo,35000,0,Tarjeta,28/04/2024
1034,Florencia Romero,Godoy Cruz,2024-11,Musculacion,F,63,Inactivo,0,0,Tarjeta,28/04/2024
1034,Florencia Romero,Godoy Cruz,2024-12,Musculacion,F,63,Activo,35000,0,Tarjeta,28/04/2024
1035,Juan Gimenez,Godoy Cruz,2024-12,Musculacion,M,47,Activo,35000,20000,Transferencia,22/12/2024
1036,Julieta Cruz,Maipu,2024-08,Musculacion,F,32,Activo,35000,20000,Efectivo,12/08/2024
1036,Julieta Cruz,Maipu,2024-09,Musculacion,F,32,Activo,35000,0,Efectivo,12/08/2024
1036,Julieta Cruz,Maipu,2024-10,Musculacion,F,32,Activo,35000,0,Efectivo,12/08/2024
1036,Julieta Cruz,Maipu,2024-11,Musculacion,F,32,Inactivo,0,0,Efectivo,12/08/2024
1036,Julieta Cruz,Maipu,2024-12,Musculacion,F,32,Activo,35000,0,Efectivo,12/08/2024
1037,Valentin Lopez,Lujan de Cuyo,2024-06,Funcional,F,27,Activo,35000,20000,Tarjeta,24/06/2024
1037,Valentin Lopez,Lujan de Cuyo,2024-06,Defensa Personal,F,27,Inactivo,0,0,Tarjeta,24/06/2024
1037,Valentin Lopez,Lujan de Cuyo,2024-07,Funcional,F,27,Inactivo,0,0,Tarjeta,24/06/2024
1037,Valentin Lopez,Lujan de Cuyo,2024-07,Defensa Personal,F,27,Activo,25000,0,Tarjeta,24/06/2024
1037,Valentin Lopez,Lujan de Cuyo,2024-08,Funcional,F,27,Inactivo,0,0,Tarjeta,24/06/2024
1037,Valentin Lopez,Lujan de Cuyo,2024-08,Defensa Personal,F,27,Inactivo,0,0,Tarjeta,24/06/2024
1037,Valentin Lopez,Lujan de Cuyo,2024-09,Funcional,F,27,Activo,35000,0,Tarjeta,24/06/2024
1037,Valentin Lopez,Lujan de Cuyo,2024-09,Defensa Personal,F,27,Activo,25000,0,Tarjeta,24/06/2024
1037,Valentin Lopez,Lujan de Cuyo,2024-10,Funcional,F,27,Activo,35000,0,Tarjeta,24/06/2024
1037,Valentin Lopez,Lujan de Cuyo,2024-10,Defensa Personal,F,27,Activo,25000,0,Tarjeta,24/06/2024
1037,Valentin Lopez,Lujan de Cuyo,2024-11,Funcional,F,27,Activo,35000,0,Tarjeta,24/06/2024
1037,Valentin Lopez,Lujan de Cuyo,2024-11,Defensa Personal,F,27,Activo,25000,0,Tarjeta,24/06/2024
1037,Valentin Lopez,Lujan de Cuyo,2024-12,Funcional,F,27,Activo,35000,0,Tarjeta,24/06/2024
1037,Valentin Lopez,Lujan de Cuyo,2024-12,Defensa Personal,F,27,Activo,25000,0,Tarjeta,24/06/2024
1038,Catalina Romero,Mendoza Ciudad,2024-02,Musculacion,M,29,Activo,35000,20000,Efectivo,09/02/2024
1038,Catalina Romero,Mendoza Ciudad,2024-03,Musculacion,M,29,Activo,35000,0,Efectivo,09/02/2024
1038,Catalina Romero,Mendoza Ciudad,2024-04,Musculacion,M,29,Inactivo,0,0,Efectivo,09/02/2024
1038,Catalina Romero,Mendoza Ciudad,2024-05,Musculacion,M,29,Activo,35000,0,Efectivo,09/02/2024
1038,Catalina Romero,Mendoza Ciudad,2024-06,Musculacion,M,29,Activo,35000,0,Efectivo,09/02/2024
1038,Catalina Romero,Mendoza Ciudad,2024-07,Musculacion,M,29,Inactivo,0,0,Efectivo,09/02/2024
1038,Catalina Romero,Mendoza Ciudad,2024-08,Musculacion,M,29,Activo,35000,0,Efectivo,09/02/2024
1038,Catalina Romero,Mendoza Ciudad,2024-09,Musculacion,M,29,Activo,35000,0,Efectivo,09/02/2024
1038,Catalina Romero,Mendoza Ciudad,2024-10,Musculacion,M,29,Activo,35000,0,Efectivo,09/02/2024
1038,Catalina Romero,Mendoza Ciudad,2024-11,Musculacion,M,29,Activo,35000,0,Efectivo,09/02/2024
1038,Catalina Romero,Mendoza Ciudad,2024-12,Musculacion,M,29,Activo,35000,0,Efectivo,09/02/2024
1039,Paula Molina,Mendoza Ciudad,2024-03,Musculacion,M,19,Activo,35000,20000,Tarjeta,28/03/2024
1039,Paula Molina,Mendoza Ciudad,2024-04,Musculacion,M,19,Inactivo,0,0,Tarjeta,28/03/2024
1039,Paula Molina,Mendoza Ciudad,2024-05,Musculacion,M,19,Activo,35000,0,Tarjeta,28/03/2024
1039,Paula Molina,Mendoza Ciudad,2024-06,Musculacion,M,19,Activo,35000,0,Tarjeta,28/03/2024
1039,Paula Molina,Mendoza Ciudad,2024-07,Musculacion,M,19,Inactivo,0,0,Tarjeta,28/03/2024
1039,Paula Molina,Mendoza Ciudad,2024-08,Musculacion,M,19,Inactivo,0,0,Tarjeta,28/03/2024
1039,Paula Molina,Mendoza Ciudad,2024-09,Musculacion,M,19,Inactivo,0,0,Tarjeta,28/03/2024
1039,Paula Molina,Mendoza Ciudad,2024-10,Musculacion,M,19,Activo,35000,0,Tarjeta,28/03/2024
1039,Paula Molina,Mendoza Ciudad,2024-11,Musculacion,M,19,Activo,35000,0,Tarjeta,28/03/2024
1039,Paula Molina,Mendoza Ciudad,2024-12,Musculacion,M,19,Activo,35000,0,Tarjeta,28/03/2024
1040,Maria Herrera,Guaymallen,2024-02,Musculacion,F,28,Activo,35000,20000,Tarjeta,06/02/2024
1040,Maria Herrera,Guaymallen,2024-03,Musculacion,F,28,Activo,35000,0,Tarjeta,06/02/2024
1040,Maria Herrera,Guaymallen,2024-04,Musculacion,F,28,Activo,35000,0,Tarjeta,06/02/2024
1040,Maria Herrera,Guaymallen,2024-05,Musculacion,F,28,Activo,35000,0,Tarjeta,06/02/2024
1040,Maria Herrera,Guaymallen,2024-06,Musculacion,F,28,Activo,35000,0,Tarjeta,06/02/2024
1040,Maria Herrera,Guaymallen,2024-07,Musculacion,F,28,Inactivo,0,0,Tarjeta,06/02/2024
1040,Maria Herrera,Guaymallen,2024-08,Musculacion,F,28,Inactivo,0,0,Tarjeta,06/02/2024
1040,Maria Herrera,Guaymallen,2024-09,Musculacion,F,28,Activo,35000,0,Tarjeta,06/02/2024
1040,Maria Herrera,Guaymallen,2024-10,Musculacion,F,28,Activo,35000,0,Tarjeta,06/02/2024
1040,Maria Herrera,Guaymallen,2024-11,Musculacion,F,28,Activo,35000,0,Tarjeta,06/02/2024
1040,Maria Herrera,Guaymallen,2024-12,Musculacion,F,28,Activo,35000,0,Tarjeta,06/02/2024
1041,Micaela Torres,Mendoza Ciudad,2024-12,Spinning,F,29,Activo,25000,20000,Tarjeta,12/12/2024
1042,Valentin Fernandez,Mendoza Ciudad,2024-11,Yoga,F,40,Activo,25000,20000,Transferencia,02/11/2024
1042,Valentin Fernandez,Mendoza Ciudad,2024-12,Yoga,F,40,Activo,25000,0,Transferencia,02/11/2024
1043,Carlos Sanchez,Mendoza Ciudad,2024-02,Spinning,F,53,Activo,25000,20000,Tarjeta,10/02/2024
1043,Carlos Sanchez,Mendoza Ciudad,2024-03,Spinning,F,53,Inactivo,0,0,Tarjeta,10/02/2024
1043,Carlos Sanchez,Mendoza Ciudad,2024-04,Spinning,F,53,Activo,25000,0,Tarjeta,10/02/2024
1043,Carlos Sanchez,Mendoza Ciudad,2024-05,Spinning,F,53,Activo,25000,0,Tarjeta,10/02/2024
1043,Carlos Sanchez,Mendoza Ciudad,2024-06,Spinning,F,53,Activo,25000,0,Tarjeta,10/02/2024
1043,Carlos Sanchez,Mendoza Ciudad,2024-07,Spinning,F,53,Activo,25000,0,Tarjeta,10/02/2024
1043,Carlos Sanchez,Mendoza Ciudad,2024-08,Spinning,F,53,Inactivo,0,0,Tarjeta,10/02/2024
1043,Carlos Sanchez,Mendoza Ciudad,2024-09,Spinning,F,53,Activo,25000,0,Tarjeta,10/02/2024
1043,Carlos Sanchez,Mendoza Ciudad,2024-10,Spinning,F,53,Activo,25000,0,Tarjeta,10/02/2024
1043,Carlos Sanchez,Mendoza Ciudad,2024-11,Spinning,F,53,Activo,25000,0,Tarjeta,10/02/2024
1043,Carlos Sanchez,Mendoza Ciudad,2024-12,Spinning,F,53,Activo,25000,0,Tarjeta,10/02/2024
1044,Sofia Torres,Mendoza Ciudad,2024-06,Yoga,F,54,Activo,25000,20000,Tarjeta,06/06/2024
1044,Sofia Torres,Mendoza Ciudad,2024-07,Yoga,F,54,Activo,25000,0,Tarjeta,06/06/2024
1044,Sofia Torres,Mendoza Ciudad,2024-08,Yoga,F,54,Inactivo,0,0,Tarjeta,06/06/2024
1044,Sofia Torres,Mendoza Ciudad,2024-09,Yoga,F,54,Activo,25000,0,Tarjeta,06/06/2024
1044,Sofia Torres,Mendoza Ciudad,2024-10,Yoga,F,54,Activo,25000,0,Tarjeta,06/06/2024
1044,Sofia Torres,Mendoza Ciudad,2024-11,Yoga,F,54,Activo,25000,0,Tarjeta,06/06/2024
1044,Sofia Torres,Mendoza Ciudad,2024-12,Yoga,F,54,Activo,25000,0,Tarjeta,06/06/2024
1045,Juan Medina,Mendoza Ciudad,2024-10,Spinning,M,29,Activo,25000,20000,Transferencia,04/10/2024
1045,Juan Medina,Mendoza Ciudad,2024-11,Spinning,M,29,Activo,25000,0,Transferencia,04/10/2024
1045,Juan Medina,Mendoza Ciudad,2024-12,Spinning,M,29,Activo,25000,0,Transferencia,04/10/2024
1046,Ezequiel Perez,Mendoza Ciudad,2024-05,Funcional,M,47,Activo,35000,20000,Transferencia,17/05/2024
1046,Ezequiel Perez,Mendoza Ciudad,2024-06,Funcional,M,47,Activo,35000,0,Transferencia,17/05/2024
1046,Ezequiel Perez,Mendoza Ciudad,2024-07,Funcional,M,47,Inactivo,0,0,Transferencia,17/05/2024
1046,Ezequiel Perez,Mendoza Ciudad,2024-08,Funcional,M,47,Inactivo,0,0,Transferencia,17/05/2024
1046,Ezequiel Perez,Mendoza Ciudad,2024-09,Funcional,M,47,Inactivo,0,0,Transferencia,17/05/2024
1046,Ezequiel Perez,Mendoza Ciudad,2024-10,Funcional,M,47,Activo,35000,0,Transferencia,17/05/2024
1046,Ezequiel Perez,Mendoza Ciudad,2024-11,Funcional,M,47,Activo,35000,0,Transferencia,17/05/2024
1046,Ezequiel Perez,Mendoza Ciudad,2024-12,Funcional,M,47,Activo,35000,0,Transferencia,17/05/2024
1047,Milagros Romero,Guaymallen,2024-09,Yoga,F,39,Activo,25000,20000,Transferencia,18/09/2024
1047,Milagros Romero,Guaymallen,2024-10,Yoga,F,39,Activo,25000,0,Transferencia,18/09/2024
1047,Milagros Romero,Guaymallen,2024-11,Yoga,F,39,Activo,25000,0,Transferencia,18/09/2024
1047,Milagros Romero,Guaymallen,2024-12,Yoga,F,39,Activo,25000,0,Transferencia,18/09/2024
1048,Camila Dominguez,Maipu,2024-10,Musculacion,F,17,Activo,35000,20000,Transferencia,15/10/2024
1048,Camila Dominguez,Maipu,2024-11,Musculacion,F,17,Activo,35000,0,Transferencia,15/10/2024
1048,Camila Dominguez,Maipu,2024-12,Musculacion,F,17,Activo,35000,0,Transferencia,15/10/2024
1049,Florencia Rodriguez,Guaymallen,2024-09,Musculacion,M,26,Activo,35000,20000,Efectivo,09/09/2024
1049,Florencia Rodriguez,Guaymallen,2024-10,Musculacion,M,26,Activo,35000,0,Efectivo,09/09/2024
1049,Florencia Rodriguez,Guaymallen,2024-11,Musculacion,M,26,Activo,35000,0,Efectivo,09/09/2024
1049,Florencia Rodriguez,Guaymallen,2024-12,Musculacion,M,26,Activo,35000,0,Efectivo,09/09/2024
1050,Valentin Cruz,Godoy Cruz,2024-02,Defensa Personal,M,33,Activo,25000,20000,Tarjeta,03/02/2024
1050,Valentin Cruz,Godoy Cruz,2024-03,Defensa Personal,M,33,Activo,25000,0,Tarjeta,03/02/2024
1050,Valentin Cruz,Godoy Cruz,2024-04,Defensa Personal,M,33,Activo,25000,0,Tarjeta,03/02/2024
1050,Valentin Cruz,Godoy Cruz,2024-05,Defensa Personal,M,33,Inactivo,0,0,Tarjeta,03/02/2024
1050,Valentin Cruz,Godoy Cruz,2024-06,Defensa Personal,M,33,Activo,25000,0,Tarjeta,03/02/2024
1050,Valentin Cruz,Godoy Cruz,2024-07,Defensa Personal,M,33,Inactivo,0,0,Tarjeta,03/02/2024
1050,Valentin Cruz,Godoy Cruz,2024-08,Defensa Personal,M,33,Inactivo,0,0,Tarjeta,03/02/2024
1050,Valentin Cruz,Godoy Cruz,2024-09,Defensa Personal,M,33,Activo,25000,0,Tarjeta,03/02/2024
1050,Valentin Cruz,Godoy Cruz,2024-10,Defensa Personal,M,33,Activo,25000,0,Tarjeta,03/02/2024
1050,Valentin Cruz,Godoy Cruz,2024-11,Defensa Personal,M,33,Activo,25000,0,Tarjeta,03/02/2024
1050,Valentin Cruz,Godoy Cruz,2024-12,Defensa Personal,M,33,Activo,25000,0,Tarjeta,03/02/2024
1051,Sofia Cruz,Godoy Cruz,2024-11,Spinning,F,16,Activo,25000,20000,Efectivo,08/11/2024
1051,Sofia Cruz,Godoy Cruz,2024-12,Spinning,F,16,Activo,25000,0,Efectivo,08/11/2024
1052,Valentin Romero,Mendoza Ciudad,2024-01,Yoga,M,20,Activo,25000,20000,Transferencia,03/01/2024
1052,Valentin Romero,Mendoza Ciudad,2024-02,Yoga,M,20,Activo,25000,0,Transferencia,03/01/2024
1052,Valentin Romero,Mendoza Ciudad,2024-03,Yoga,M,20,Activo,25000,0,Transferencia,03/01/2024
1052,Valentin Romero,Mendoza Ciudad,2024-04,Yoga,M,20,Activo,25000,0,Transferencia,03/01/2024
1052,Valentin Romero,Mendoza Ciudad,2024-05,Yoga,M,20,Activo,25000,0,Transferencia,03/01/2024
1052,Valentin Romero,Mendoza Ciudad,2024-06,Yoga,M,20,Inactivo,0,0,Transferencia,03/01/2024
1052,Valentin Romero,Mendoza Ciudad,2024-07,Yoga,M,20,Activo,25000,0,Transferencia,03/01/2024
1052,Valentin Romero,Mendoza Ciudad,2024-08,Yoga,M,20,Inactivo,0,0,Transferencia,03/01/2024
1052,Valentin Romero,Mendoza Ciudad,2024-09,Yoga,M,20,Activo,25000,0,Transferencia,03/01/2024
1052,Valentin Romero,Mendoza Ciudad,2024-10,Yoga,M,20,Activo,25000,0,Transferencia,03/01/2024
1052,Valentin Romero,Mendoza Ciudad,2024-11,Yoga,M,20,Activo,25000,0,Transferencia,03/01/2024
1052,Valentin Romero,Mendoza Ciudad,2024-12,Yoga,M,20,Activo,25000,0,Transferencia,03/01/2024
1053,Lucia Garcia,Mendoza Ciudad,2024-05,Musculacion,M,31,Activo,35000,20000,Transferencia,25/05/2024
1053,Lucia Garcia,Mendoza Ciudad,2024-06,Musculacion,M,31,Inactivo,0,0,Transferencia,25/05/2024
1053,Lucia Garcia,Mendoza Ciudad,2024-07,Musculacion,M,31,Activo,35000,0,Transferencia,25/05/2024
1053,Lucia Garcia,Mendoza Ciudad,2024-08,Musculacion,M,31,Inactivo,0,0,Transferencia,25/05/2024
1053,Lucia Garcia,Mendoza Ciudad,2024-09,Musculacion,M,31,Activo,35000,0,Transferencia,25/05/2024
1053,Lucia Garcia,Mendoza Ciudad,2024-10,Musculacion,M,31,Activo,35000,0,Transferencia,25/05/2024
1053,Lucia Garcia,Mendoza Ciudad,2024-11,Musculacion,M,31,Activo,35000,0,Transferencia,25/05/2024
1053,Lucia Garcia,Mendoza Ciudad,2024-12,Musculacion,M,31,Activo,35000,0,Transferencia,25/05/2024
1054,Catalina Herrera,Mendoza Ciudad,2024-11,Yoga,F,46,Activo,25000,20000,Tarjeta,17/11/2024
1054,Catalina Herrera,Mendoza Ciudad,2024-12,Yoga,F,46,Inactivo,0,0,Tarjeta,17/11/2024
1055,Lucia Romero,Guaymallen,2024-03,Yoga,M,19,Activo,25000,20000,Efectivo,06/03/2024
1055,Lucia Romero,Guaymallen,2024-04,Yoga,M,19,Activo,25000,0,Efectivo,06/03/2024
1055,Lucia Romero,Guaymallen,2024-05,Yoga,M,19,Activo,25000,0,Efectivo,06/03/2024
1055,Lucia Romero,Guaymallen,2024-06,Yoga,M,19,Activo,25000,0,Efectivo,06/03/2024
1055,Lucia Romero,Guaymallen,2024-07,Yoga,M,19,Activo,25000,0,Efectivo,06/03/2024
1055,Lucia Romero,Guaymallen,2024-08,Yoga,M,19,Inactivo,0,0,Efectivo,06/03/2024
1055,Lucia Romero,Guaymallen,2024-09,Yoga,M,19,Activo,25000,0,Efectivo,06/03/2024
1055,Lucia Romero,Guaymallen,2024-10,Yoga,M,19,Activo,25000,0,Efectivo,06/03/2024
1055,Lucia Romero,Guaymallen,2024-11,Yoga,M,19,Activo,25000,0,Efectivo,06/03/2024
1055,Lucia Romero,Guaymallen,2024-12,Yoga,M,19,Activo,25000,0,Efectivo,06/03/2024
1056,Pedro Cruz,Mendoza Ciudad,2024-06,Musculacion,M,29,Activo,35000,20000,Transferencia,21/06/2024
1056,Pedro Cruz,Mendoza Ciudad,2024-06,Funcional,M,29,Inactivo,0,0,Transferencia,21/06/2024
1056,Pedro Cruz,Mendoza Ciudad,2024-07,Musculacion,M,29,Activo,35000,0,Transferencia,21/06/2024
1056,Pedro Cruz,Mendoza Ciudad,2024-07,Funcional,M,29,Inactivo,0,0,Transferencia,21/06/2024
1056,Pedro Cruz,Mendoza Ciudad,2024-08,Musculacion,M,29,Activo,35000,0,Transferencia,21/06/2024
1056,Pedro Cruz,Mendoza Ciudad,2024-08,Funcional,M,29,Inactivo,0,0,Transferencia,21/06/2024
1056,Pedro Cruz,Mendoza Ciudad,2024-09,Musculacion,M,29,Activo,35000,0,Transferencia,21/06/2024
1056,Pedro Cruz,Mendoza Ciudad,2024-09,Funcional,M,29,Activo,35000,0,Transferencia,21/06/2024
1056,Pedro Cruz,Mendoza Ciudad,2024-10,Musculacion,M,29,Activo,35000,0,Transferencia,21/06/2024
1056,Pedro Cruz,Mendoza Ciudad,2024-10,Funcional,M,29,Activo,35000,0,Transferencia,21/06/2024
1056,Pedro Cruz,Mendoza Ciudad,2024-11,Musculacion,M,29,Activo,35000,0,Transferencia,21/06/2024
1056,Pedro Cruz,Mendoza Ciudad,2024-11,Funcional,M,29,Activo,35000,0,Transferencia,21/06/2024
1056,Pedro Cruz,Mendoza Ciudad,2024-12,Musculacion,M,29,Activo,35000,0,Transferencia,21/06/2024
1056,Pedro Cruz,Mendoza Ciudad,2024-12,Funcional,M,29,Inactivo,0,0,Transferencia,21/06/2024
1057,Tomas Vega,Mendoza Ciudad,2024-10,Defensa Personal,M,35,Activo,25000,20000,Tarjeta,04/10/2024
1057,Tomas Vega,Mendoza Ciudad,2024-11,Defensa Personal,M,35,Activo,25000,0,Tarjeta,04/10/2024
1057,Tomas Vega,Mendoza Ciudad,2024-12,Defensa Personal,M,35,Activo,25000,0,Tarjeta,04/10/2024
1058,Sofia Gomez,Guaymallen,2024-05,Spinning,F,18,Activo,25000,20000,Tarjeta,16/05/2024
1058,Sofia Gomez,Guaymallen,2024-06,Spinning,F,18,Activo,25000,0,Tarjeta,16/05/2024
1058,Sofia Gomez,Guaymallen,2024-07,Spinning,F,18,Inactivo,0,0,Tarjeta,16/05/2024
1058,Sofia Gomez,Guaymallen,2024-08,Spinning,F,18,Inactivo,0,0,Tarjeta,16/05/2024
1058,Sofia Gomez,Guaymallen,2024-09,Spinning,F,18,Activo,25000,0,Tarjeta,16/05/2024
1058,Sofia Gomez,Guaymallen,2024-10,Spinning,F,18,Activo,25000,0,Tarjeta,16/05/2024
1058,Sofia Gomez,Guaymallen,2024-11,Spinning,F,18,Activo,25000,0,Tarjeta,16/05/2024
1058,Sofia Gomez,Guaymallen,2024-12,Spinning,F,18,Activo,25000,0,Tarjeta,16/05/2024
1059,Carlos Romero,Mendoza Ciudad,2024-10,Musculacion,F,56,Activo,35000,20000,Tarjeta,15/10/2024
1059,Carlos Romero,Mendoza Ciudad,2024-10,Defensa Personal,F,56,Activo,25000,0,Tarjeta,15/10/2024
1059,Carlos Romero,Mendoza Ciudad,2024-11,Musculacion,F,56,Activo,35000,0,Tarjeta,15/10/2024
1059,Carlos Romero,Mendoza Ciudad,2024-11,Defensa Personal,F,56,Activo,25000,0,Tarjeta,15/10/2024
1059,Carlos Romero,Mendoza Ciudad,2024-12,Musculacion,F,56,Activo,35000,0,Tarjeta,15/10/2024
1059,Carlos Romero,Mendoza Ciudad,2024-12,Defensa Personal,F,56,Activo,25000,0,Tarjeta,15/10/2024
1060,Camila Garcia,Guaymallen,2024-06,Yoga,M,44,Activo,25000,20000,Tarjeta,20/06/2024
1060,Camila Garcia,Guaymallen,2024-07,Yoga,M,44,Inactivo,0,0,Tarjeta,20/06/2024
1060,Camila Garcia,Guaymallen,2024-08,Yoga,M,44,Activo,25000,0,Tarjeta,20/06/2024
1060,Camila Garcia,Guaymallen,2024-09,Yoga,M,44,Activo,25000,0,Tarjeta,20/06/2024
1060,Camila Garcia,Guaymallen,2024-10,Yoga,M,44,Inactivo,0,0,Tarjeta,20/06/2024
1060,Camila Garcia,Guaymallen,2024-11,Yoga,M,44,Activo,25000,0,Tarjeta,20/06/2024
1060,Camila Garcia,Guaymallen,2024-12,Yoga,M,44,Activo,25000,0,Tarjeta,20/06/2024
1061,Lucia Suarez,Guaymallen,2024-08,Defensa Personal,M,32,Activo,25000,20000,Transferencia,15/08/2024
1061,Lucia Suarez,Guaymallen,2024-09,Defensa Personal,M,32,Activo,25000,0,Transferencia,15/08/2024
1061,Lucia Suarez,Guaymallen,2024-10,Defensa Personal,M,32,Activo,25000,0,Transferencia,15/08/2024
1061,Lucia Suarez,Guaymallen,2024-11,Defensa Personal,M,32,Activo,25000,0,Transferencia,15/08/2024
1061,Lucia Suarez,Guaymallen,2024-12,Defensa Personal,M,32,Activo,25000,0,Transferencia,15/08/2024
1062,Micaela Herrera,Maipu,2024-01,Funcional,F,17,Activo,35000,20000,Efectivo,07/01/2024
1062,Micaela Herrera,Maipu,2024-02,Funcional,F,17,Activo,35000,0,Efectivo,07/01/2024
1062,Micaela Herrera,Maipu,2024-03,Funcional,F,17,Inactivo,0,0,Efectivo,07/01/2024
1062,Micaela Herrera,Maipu,2024-04,Funcional,F,17,Activo,35000,0,Efectivo,07/01/2024
1062,Micaela Herrera,Maipu,2024-05,Funcional,F,17,Inactivo,0,0,Efectivo,07/01/2024
1062,Micaela Herrera,Maipu,2024-06,Funcional,F,17,Activo,35000,0,Efectivo,07/01/2024
1062,Micaela Herrera,Maipu,2024-07,Funcional,F,17,Inactivo,0,0,Efectivo,07/01/2024
1062,Micaela Herrera,Maipu,2024-08,Funcional,F,17,Inactivo,0,0,Efectivo,07/01/2024
1062,Micaela Herrera,Maipu,2024-09,Funcional,F,17,Activo,35000,0,Efectivo,07/01/2024
1062,Micaela Herrera,Maipu,2024-10,Funcional,F,17,Activo,35000,0,Efectivo,07/01/2024
1062,Micaela Herrera,Maipu,2024-11,Funcional,F,17,Activo,35000,0,Efectivo,07/01/2024
1062,Micaela Herrera,Maipu,2024-12,Funcional,F,17,Activo,35000,0,Efectivo,07/01/2024
1063,Julieta Lopez,Mendoza Ciudad,2024-03,Yoga,F,40,Activo,25000,20000,Tarjeta,16/03/2024
1063,Julieta Lopez,Mendoza Ciudad,2024-04,Yoga,F,40,Activo,25000,0,Tarjeta,16/03/2024
1063,Julieta Lopez,Mendoza Ciudad,2024-05,Yoga,F,40,Inactivo,0,0,Tarjeta,16/03/2024
1063,Julieta Lopez,Mendoza Ciudad,2024-06,Yoga,F,40,Activo,25000,0,Tarjeta,16/03/2024
1063,Julieta Lopez,Mendoza Ciudad,2024-07,Yoga,F,40,Activo,25000,0,Tarjeta,16/03/2024
1063,Julieta Lopez,Mendoza Ciudad,2024-08,Yoga,F,40,Inactivo,0,0,Tarjeta,16/03/2024
1063,Julieta Lopez,Mendoza Ciudad,2024-09,Yoga,F,40,Inactivo,0,0,Tarjeta,16/03/2024
1063,Julieta Lopez,Mendoza Ciudad,2024-10,Yoga,F,40,Activo,25000,0,Tarjeta,16/03/2024
1063,Julieta Lopez,Mendoza Ciudad,2024-11,Yoga,F,40,Activo,25000,0,Tarjeta,16/03/2024
1063,Julieta Lopez,Mendoza Ciudad,2024-12,Yoga,F,40,Activo,25000,0,Tarjeta,16/03/2024
1064,Maria Lopez,Mendoza Ciudad,2024-11,Musculacion,M,32,Activo,35000,20000,Tarjeta,01/11/2024
1064,Maria Lopez,Mendoza Ciudad,2024-12,Musculacion,M,32,Activo,35000,0,Tarjeta,01/11/2024
1065,Florencia Vega,Guaymallen,2024-08,Spinning,F,43,Activo,25000,20000,Tarjeta,25/08/2024
1065,Florencia Vega,Guaymallen,2024-09,Spinning,F,43,Inactivo,0,0,Tarjeta,25/08/2024
1065,Florencia Vega,Guaymallen,2024-10,Spinning,F,43,Activo,25000,0,Tarjeta,25/08/2024
1065,Florencia Vega,Guaymallen,2024-11,Spinning,F,43,Activo,25000,0,Tarjeta,25/08/2024
1065,Florencia Vega,Guaymallen,2024-12,Spinning,F,43,Activo,25000,0,Tarjeta,25/08/2024
1066,Agustin Torres,Guaymallen,2024-10,Yoga,F,33,Activo,25000,20000,Efectivo,13/10/2024
1066,Agustin Torres,Guaymallen,2024-10,Defensa Personal,F,33,Activo,25000,0,Efectivo,13/10/2024
1066,Agustin Torres,Guaymallen,2024-11,Yoga,F,33,Activo,25000,0,Efectivo,13/10/2024
1066,Agustin Torres,Guaymallen,2024-11,Defensa Personal,F,33,Activo,25000,0,Efectivo,13/10/2024
1066,Agustin Torres,Guaymallen,2024-12,Yoga,F,33,Activo,25000,0,Efectivo,13/10/2024
1066,Agustin Torres,Guaymallen,2024-12,Defensa Personal,F,33,Activo,25000,0,Efectivo,13/10/2024
1067,Tomas Navarro,Godoy Cruz,2024-09,Funcional,M,43,Activo,35000,20000,Tarjeta,02/09/2024
1067,Tomas Navarro,Godoy Cruz,2024-10,Funcional,M,43,Activo,35000,0,Tarjeta,02/09/2024
1067,Tomas Navarro,Godoy Cruz,2024-11,Funcional,M,43,Activo,35000,0,Tarjeta,02/09/2024
1067,Tomas Navarro,Godoy Cruz,2024-12,Funcional,M,43,Activo,35000,0,Tarjeta,02/09/2024
1068,Franco Suarez,Guaymallen,2024-05,Musculacion,M,18,Activo,35000,20000,Efectivo,06/05/2024
1068,Franco Suarez,Guaymallen,2024-06,Musculacion,M,18,Inactivo,0,0,Efectivo,06/05/2024
1068,Franco Suarez,Guaymallen,2024-07,Musculacion,M,18,Activo,35000,0,Efectivo,06/05/2024
1068,Franco Suarez,Guaymallen,2024-08,Musculacion,M,18,Activo,35000,0,Efectivo,06/05/2024
1068,Franco Suarez,Guaymallen,2024-09,Musculacion,M,18,Inactivo,0,0,Efectivo,06/05/2024
1068,Franco Suarez,Guaymallen,2024-10,Musculacion,M,18,Activo,35000,0,Efectivo,06/05/2024
1068,Franco Suarez,Guaymallen,2024-11,Musculacion,M,18,Activo,35000,0,Efectivo,06/05/2024
1068,Franco Suarez,Guaymallen,2024-12,Musculacion,M,18,Activo,35000,0,Efectivo,06/05/2024
1069,Camila Rodriguez,Godoy Cruz,2024-01,Spinning,F,22,Activo,25000,20000,Transferencia,06/01/2024
1069,Camila Rodriguez,Godoy Cruz,2024-02,Spinning,F,22,Inactivo,0,0,Transferencia,06/01/2024
1069,Camila Rodriguez,Godoy Cruz,2024-03,Spinning,F,22,Activo,25000,0,Transferencia,06/01/2024
1069,Camila Rodriguez,Godoy Cruz,2024-04,Spinning,F,22,Activo,25000,0,Transferencia,06/01/2024
1069,Camila Rodriguez,Godoy Cruz,2024-05,Spinning,F,22,Activo,25000,0,Transferencia,06/01/2024
1069,Camila Rodriguez,Godoy Cruz,2024-06,Spinning,F,22,Inactivo,0,0,Transferencia,06/01/2024
1069,Camila Rodriguez,Godoy Cruz,2024-07,Spinning,F,22,Inactivo,0,0,Transferencia,06/01/2024
1069,Camila Rodriguez,Godoy Cruz,2024-08,Spinning,F,22,Activo,25000,0,Transferencia,06/01/2024
1069,Camila Rodriguez,Godoy Cruz,2024-09,Spinning,F,22,Activo,25000,0,Transferencia,06/01/2024
1069,Camila Rodriguez,Godoy Cruz,2024-10,Spinning,F,22,Inactivo,0,0,Transferencia,06/01/2024
1069,Camila Rodriguez,Godoy Cruz,2024-11,Spinning,F,22,Activo,25000,0,Transferencia,06/01/2024
1069,Camila Rodriguez,Godoy Cruz,2024-12,Spinning,F,22,Activo,25000,0,Transferencia,06/01/2024
1070,Catalina Gimenez,Lujan de Cuyo,2024-07,Yoga,F,32,Activo,25000,20000,Tarjeta,24/07/2024
1070,Catalina Gimenez,Lujan de Cuyo,2024-08,Yoga,F,32,Inactivo,0,0,Tarjeta,24/07/2024
1070,Catalina Gimenez,Lujan de Cuyo,2024-09,Yoga,F,32,Activo,25000,0,Tarjeta,24/07/2024
1070,Catalina Gimenez,Lujan de Cuyo,2024-10,Yoga,F,32,Activo,25000,0,Tarjeta,24/07/2024
1070,Catalina Gimenez,Lujan de Cuyo,2024-11,Yoga,F,32,Activo,25000,0,Tarjeta,24/07/2024
1070,Catalina Gimenez,Lujan de Cuyo,2024-12,Yoga,F,32,Activo,25000,0,Tarjeta,24/07/2024
1071,Catalina Rodriguez,Mendoza Ciudad,2024-04,Yoga,M,29,Activo,25000,20000,Tarjeta,01/04/2024
1071,Catalina Rodriguez,Mendoza Ciudad,2024-05,Yoga,M,29,Activo,25000,0,Tarjeta,01/04/2024
1071,Catalina Rodriguez,Mendoza Ciudad,2024-06,Yoga,M,29,Activo,25000,0,Tarjeta,01/04/2024
1071,Catalina Rodriguez,Mendoza Ciudad,2024-07,Yoga,M,29,Activo,25000,0,Tarjeta,01/04/2024
1071,Catalina Rodriguez,Mendoza Ciudad,2024-08,Yoga,M,29,Inactivo,0,0,Tarjeta,01/04/2024
1071,Catalina Rodriguez,Mendoza Ciudad,2024-09,Yoga,M,29,Inactivo,0,0,Tarjeta,01/04/2024
1071,Catalina Rodriguez,Mendoza Ciudad,2024-10,Yoga,M,29,Activo,25000,0,Tarjeta,01/04/2024
1071,Catalina Rodriguez,Mendoza Ciudad,2024-11,Yoga,M,29,Activo,25000,0,Tarjeta,01/04/2024
1071,Catalina Rodriguez,Mendoza Ciudad,2024-12,Yoga,M,29,Activo,25000,0,Tarjeta,01/04/2024
1072,Julieta Perez,Guaymallen,2024-01,Musculacion,M,38,Activo,35000,20000,Tarjeta,08/01/2024
1072,Julieta Perez,Guaymallen,2024-02,Musculacion,M,38,Activo,35000,0,Tarjeta,08/01/2024
1072,Julieta Perez,Guaymallen,2024-03,Musculacion,M,38,Activo,35000,0,Tarjeta,08/01/2024
1072,Julieta Perez,Guaymallen,2024-04,Musculacion,M,38,Activo,35000,0,Tarjeta,08/01/2024
1072,Julieta Perez,Guaymallen,2024-05,Musculacion,M,38,Activo,35000,0,Tarjeta,08/01/2024
1072,Julieta Perez,Guaymallen,2024-06,Musculacion,M,38,Inactivo,0,0,Tarjeta,08/01/2024
1072,Julieta Perez,Guaymallen,2024-07,Musculacion,M,38,Activo,35000,0,Tarjeta,08/01/2024
1072,Julieta Perez,Guaymallen,2024-08,Musculacion,M,38,Activo,35000,0,Tarjeta,08/01/2024
1072,Julieta Perez,Guaymallen,2024-09,Musculacion,M,38,Inactivo,0,0,Tarjeta,08/01/2024
1072,Julieta Perez,Guaymallen,2024-10,Musculacion,M,38,Activo,35000,0,Tarjeta,08/01/2024
1072,Julieta Perez,Guaymallen,2024-11,Musculacion,M,38,Activo,35000,0,Tarjeta,08/01/2024
1072,Julieta Perez,Guaymallen,2024-12,Musculacion,M,38,Inactivo,0,0,Tarjeta,08/01/2024
1073,Carlos Herrera,Maipu,2024-07,Funcional,F,33,Activo,35000,20000,Tarjeta,26/07/2024
1073,Carlos Herrera,Maipu,2024-08,Funcional,F,33,Activo,35000,0,Tarjeta,26/07/2024
1073,Carlos Herrera,Maipu,2024-09,Funcional,F,33,Activo,35000,0,Tarjeta,26/07/2024
1073,Carlos Herrera,Maipu,2024-10,Funcional,F,33,Activo,35000,0,Tarjeta,26/07/2024
1073,Carlos Herrera,Maipu,2024-11,Funcional,F,33,Activo,35000,0,Tarjeta,26/07/2024
1073,Carlos Herrera,Maipu,2024-12,Funcional,F,33,Activo,35000,0,Tarjeta,26/07/2024
1074,Agustin Suarez,Mendoza Ciudad,2024-08,Musculacion,M,34,Activo,35000,20000,Transferencia,20/08/2024
1074,Agustin Suarez,Mendoza Ciudad,2024-09,Musculacion,M,34,Activo,35000,0,Transferencia,20/08/2024
1074,Agustin Suarez,Mendoza Ciudad,2024-10,Musculacion,M,34,Activo,35000,0,Transferencia,20/08/2024
1074,Agustin Suarez,Mendoza Ciudad,2024-11,Musculacion,M,34,Activo,35000,0,Transferencia,20/08/2024
1074,Agustin Suarez,Mendoza Ciudad,2024-12,Musculacion,M,34,Activo,35000,0,Transferencia,20/08/2024
1075,Agustin Romero,Godoy Cruz,2024-11,Funcional,M,39,Activo,35000,20000,Efectivo,03/11/2024
1075,Agustin Romero,Godoy Cruz,2024-12,Funcional,M,39,Activo,35000,0,Efectivo,03/11/2024
1076,Pedro Castro,Mendoza Ciudad,2024-08,Funcional,M,16,Activo,35000,20000,Transferencia,01/08/2024
1076,Pedro Castro,Mendoza Ciudad,2024-09,Funcional,M,16,Activo,35000,0,Transferencia,01/08/2024
1076,Pedro Castro,Mendoza Ciudad,2024-10,Funcional,M,16,Activo,35000,0,Transferencia,01/08/2024
1076,Pedro Castro,Mendoza Ciudad,2024-11,Funcional,M,16,Activo,35000,0,Transferencia,01/08/2024
1076,Pedro Castro,Mendoza Ciudad,2024-12,Funcional,M,16,Activo,35000,0,Transferencia,01/08/2024
1077,Florencia Cruz,Mendoza Ciudad,2024-03,Yoga,F,37,Activo,25000,20000,Tarjeta,11/03/2024
1077,Florencia Cruz,Mendoza Ciudad,2024-04,Yoga,F,37,Activo,25000,0,Tarjeta,11/03/2024
1077,Florencia Cruz,Mendoza Ciudad,2024-05,Yoga,F,37,Activo,25000,0,Tarjeta,11/03/2024
1077,Florencia Cruz,Mendoza Ciudad,2024-06,Yoga,F,37,Activo,25000,0,Tarjeta,11/03/2024
1077,Florencia Cruz,Mendoza Ciudad,2024-07,Yoga,F,37,Inactivo,0,0,Tarjeta,11/03/2024
1077,Florencia Cruz,Mendoza Ciudad,2024-08,Yoga,F,37,Inactivo,0,0,Tarjeta,11/03/2024
1077,Florencia Cruz,Mendoza Ciudad,2024-09,Yoga,F,37,Activo,25000,0,Tarjeta,11/03/2024
1077,Florencia Cruz,Mendoza Ciudad,2024-10,Yoga,F,37,Activo,25000,0,Tarjeta,11/03/2024
1077,Florencia Cruz,Mendoza Ciudad,2024-11,Yoga,F,37,Activo,25000,0,Tarjeta,11/03/2024
1077,Florencia Cruz,Mendoza Ciudad,2024-12,Yoga,F,37,Activo,25000,0,Tarjeta,11/03/2024
1078,Ezequiel Suarez,Mendoza Ciudad,2024-01,Spinning,M,34,Activo,25000,20000,Transferencia,06/01/2024
1078,Ezequiel Suarez,Mendoza Ciudad,2024-02,Spinning,M,34,Activo,25000,0,Transferencia,06/01/2024
1078,Ezequiel Suarez,Mendoza Ciudad,2024-03,Spinning,M,34,Activo,25000,0,Transferencia,06/01/2024
1078,Ezequiel Suarez,Mendoza Ciudad,2024-04,Spinning,M,34,Activo,25000,0,Transferencia,06/01/2024
1078,Ezequiel Suarez,Mendoza Ciudad,2024-05,Spinning,M,34,Activo,25000,0,Transferencia,06/01/2024
1078,Ezequiel Suarez,Mendoza Ciudad,2024-06,Spinning,M,34,Activo,25000,0,Transferencia,06/01/2024
1078,Ezequiel Suarez,Mendoza Ciudad,2024-07,Spinning,M,34,Activo,25000,0,Transferencia,06/01/2024
1078,Ezequiel Suarez,Mendoza Ciudad,2024-08,Spinning,M,34,Activo,25000,0,Transferencia,06/01/2024
1078,Ezequiel Suarez,Mendoza Ciudad,2024-09,Spinning,M,34,Activo,25000,0,Transferencia,06/01/2024
1078,Ezequiel Suarez,Mendoza Ciudad,2024-10,Spinning,M,34,Activo,25000,0,Transferencia,06/01/2024
1078,Ezequiel Suarez,Mendoza Ciudad,2024-11,Spinning,M,34,Activo,25000,0,Transferencia,06/01/2024
1078,Ezequiel Suarez,Mendoza Ciudad,2024-12,Spinning,M,34,Activo,25000,0,Transferencia,06/01/2024
1079,Maria Rios,Mendoza Ciudad,2024-05,Musculacion,M,23,Activo,35000,20000,Transferencia,02/05/2024
1079,Maria Rios,Mendoza Ciudad,2024-06,Musculacion,M,23,Inactivo,0,0,Transferencia,02/05/2024
1079,Maria Rios,Mendoza Ciudad,2024-07,Musculacion,M,23,Activo,35000,0,Transferencia,02/05/2024
1079,Maria Rios,Mendoza Ciudad,2024-08,Musculacion,M,23,Activo,35000,0,Transferencia,02/05/2024
1079,Maria Rios,Mendoza Ciudad,2024-09,Musculacion,M,23,Activo,35000,0,Transferencia,02/05/2024
1079,Maria Rios,Mendoza Ciudad,2024-10,Musculacion,M,23,Activo,35000,0,Transferencia,02/05/2024
1079,Maria Rios,Mendoza Ciudad,2024-11,Musculacion,M,23,Activo,35000,0,Transferencia,02/05/2024
1079,Maria Rios,Mendoza Ciudad,2024-12,Musculacion,M,23,Activo,35000,0,Transferencia,02/05/2024
1080,Juan Fernandez,Guaymallen,2024-06,Spinning,F,53,Activo,25000,20000,Efectivo,09/06/2024
1080,Juan Fernandez,Guaymallen,2024-07,Spinning,F,53,Activo,25000,0,Efectivo,09/06/2024
1080,Juan Fernandez,Guaymallen,2024-08,Spinning,F,53,Activo,25000,0,Efectivo,09/06/2024
1080,Juan Fernandez,Guaymallen,2024-09,Spinning,F,53,Activo,25000,0,Efectivo,09/06/2024
1080,Juan Fernandez,Guaymallen,2024-10,Spinning,F,53,Activo,25000,0,Efectivo,09/06/2024
1080,Juan Fernandez,Guaymallen,2024-11,Spinning,F,53,Activo,25000,0,Efectivo,09/06/2024
1080,Juan Fernandez,Guaymallen,2024-12,Spinning,F,53,Activo,25000,0,Efectivo,09/06/2024
1081,Sofia Gomez,Mendoza Ciudad,2024-10,Defensa Personal,M,29,Activo,25000,20000,Transferencia,18/10/2024
1081,Sofia Gomez,Mendoza Ciudad,2024-11,Defensa Personal,M,29,Activo,25000,0,Transferencia,18/10/2024
1081,Sofia Gomez,Mendoza Ciudad,2024-12,Defensa Personal,M,29,Activo,25000,0,Transferencia,18/10/2024
1082,Bruno Garcia,Godoy Cruz,2024-06,Yoga,M,45,Activo,25000,20000,Transferencia,23/06/2024
1082,Bruno Garcia,Godoy Cruz,2024-07,Yoga,M,45,Activo,25000,0,Transferencia,23/06/2024
1082,Bruno Garcia,Godoy Cruz,2024-08,Yoga,M,45,Activo,25000,0,Transferencia,23/06/2024
1082,Bruno Garcia,Godoy Cruz,2024-09,Yoga,M,45,Activo,25000,0,Transferencia,23/06/2024
1082,Bruno Garcia,Godoy Cruz,2024-10,Yoga,M,45,Activo,25000,0,Transferencia,23/06/2024
1082,Bruno Garcia,Godoy Cruz,2024-11,Yoga,M,45,Activo,25000,0,Transferencia,23/06/2024
1082,Bruno Garcia,Godoy Cruz,2024-12,Yoga,M,45,Activo,25000,0,Transferencia,23/06/2024
1083,Agustin Cruz,Guaymallen,2024-08,Spinning,F,18,Activo,25000,20000,Tarjeta,09/08/2024
1083,Agustin Cruz,Guaymallen,2024-09,Spinning,F,18,Activo,25000,0,Tarjeta,09/08/2024
1083,Agustin Cruz,Guaymallen,2024-10,Spinning,F,18,Activo,25000,0,Tarjeta,09/08/2024
1083,Agustin Cruz,Guaymallen,2024-11,Spinning,F,18,Activo,25000,0,Tarjeta,09/08/2024
1083,Agustin Cruz,Guaymallen,2024-12,Spinning,F,18,Activo,25000,0,Tarjeta,09/08/2024
1084,Paula Rios,Mendoza Ciudad,2024-10,Spinning,F,43,Activo,25000,20000,Tarjeta,24/10/2024
1084,Paula Rios,Mendoza Ciudad,2024-11,Spinning,F,43,Activo,25000,0,Tarjeta,24/10/2024
1084,Paula Rios,Mendoza Ciudad,2024-12,Spinning,F,43,Activo,25000,0,Tarjeta,24/10/2024
1085,Tomas Gimenez,Mendoza Ciudad,2024-06,Defensa Personal,M,38,Activo,25000,20000,Tarjeta,06/06/2024
1085,Tomas Gimenez,Mendoza Ciudad,2024-07,Defensa Personal,M,38,Activo,25000,0,Tarjeta,06/06/2024
1085,Tomas Gimenez,Mendoza Ciudad,2024-08,Defensa Personal,M,38,Activo,25000,0,Tarjeta,06/06/2024
1085,Tomas Gimenez,Mendoza Ciudad,2024-09,Defensa Personal,M,38,Activo,25000,0,Tarjeta,06/06/2024
1085,Tomas Gimenez,Mendoza Ciudad,2024-10,Defensa Personal,M,38,Activo,25000,0,Tarjeta,06/06/2024
1085,Tomas Gimenez,Mendoza Ciudad,2024-11,Defensa Personal,M,38,Activo,25000,0,Tarjeta,06/06/2024
1085,Tomas Gimenez,Mendoza Ciudad,2024-12,Defensa Personal,M,38,Inactivo,0,0,Tarjeta,06/06/2024
1086,Diego Dominguez,Mendoza Ciudad,2024-06,Defensa Personal,M,35,Activo,25000,20000,Efectivo,05/06/2024
1086,Diego Dominguez,Mendoza Ciudad,2024-07,Defensa Personal,M,35,Activo,25000,0,Efectivo,05/06/2024
1086,Diego Dominguez,Mendoza Ciudad,2024-08,Defensa Personal,M,35,Activo,25000,0,Efectivo,05/06/2024
1086,Diego Dominguez,Mendoza Ciudad,2024-09,Defensa Personal,M,35,Activo,25000,0,Efectivo,05/06/2024
1086,Diego Dominguez,Mendoza Ciudad,2024-10,Defensa Personal,M,35,Activo,25000,0,Efectivo,05/06/2024
1086,Diego Dominguez,Mendoza Ciudad,2024-11,Defensa Personal,M,35,Activo,25000,0,Efectivo,05/06/2024
1086,Diego Dominguez,Mendoza Ciudad,2024-12,Defensa Personal,M,35,Activo,25000,0,Efectivo,05/06/2024
1087,Pedro Lopez,Guaymallen,2024-10,Defensa Personal,M,25,Activo,25000,20000,Transferencia,19/10/2024
1087,Pedro Lopez,Guaymallen,2024-11,Defensa Personal,M,25,Activo,25000,0,Transferencia,19/10/2024
1087,Pedro Lopez,Guaymallen,2024-12,Defensa Personal,M,25,Inactivo,0,0,Transferencia,19/10/2024
1088,Carlos Sanchez,Guaymallen,2024-10,Defensa Personal,F,44,Activo,25000,20000,Tarjeta,14/10/2024
1088,Carlos Sanchez,Guaymallen,2024-11,Defensa Personal,F,44,Activo,25000,0,Tarjeta,14/10/2024
1088,Carlos Sanchez,Guaymallen,2024-12,Defensa Personal,F,44,Activo,25000,0,Tarjeta,14/10/2024
1089,Ezequiel Castro,Guaymallen,2024-07,Spinning,F,39,Activo,25000,20000,Efectivo,18/07/2024
1089,Ezequiel Castro,Guaymallen,2024-08,Spinning,F,39,Activo,25000,0,Efectivo,18/07/2024
1089,Ezequiel Castro,Guaymallen,2024-09,Spinning,F,39,Activo,25000,0,Efectivo,18/07/2024
1089,Ezequiel Castro,Guaymallen,2024-10,Spinning,F,39,Activo,25000,0,Efectivo,18/07/2024
1089,Ezequiel Castro,Guaymallen,2024-11,Spinning,F,39,Activo,25000,0,Efectivo,18/07/2024
1089,Ezequiel Castro,Guaymallen,2024-12,Spinning,F,39,Activo,25000,0,Efectivo,18/07/2024
1090,Tomas Suarez,Maipu,2024-10,Funcional,F,42,Activo,35000,20000,Transferencia,15/10/2024
1090,Tomas Suarez,Maipu,2024-11,Funcional,F,42,Activo,35000,0,Transferencia,15/10/2024
1090,Tomas Suarez,Maipu,2024-12,Funcional,F,42,Activo,35000,0,Transferencia,15/10/2024
1091,Maria Garcia,Godoy Cruz,2024-05,Yoga,F,24,Activo,25000,20000,Tarjeta,11/05/2024
1091,Maria Garcia,Godoy Cruz,2024-06,Yoga,F,24,Inactivo,0,0,Tarjeta,11/05/2024
1091,Maria Garcia,Godoy Cruz,2024-07,Yoga,F,24,Inactivo,0,0,Tarjeta,11/05/2024
1091,Maria Garcia,Godoy Cruz,2024-08,Yoga,F,24,Activo,25000,0,Tarjeta,11/05/2024
1091,Maria Garcia,Godoy Cruz,2024-09,Yoga,F,24,Activo,25000,0,Tarjeta,11/05/2024
1091,Maria Garcia,Godoy Cruz,2024-10,Yoga,F,24,Activo,25000,0,Tarjeta,11/05/2024
1091,Maria Garcia,Godoy Cruz,2024-11,Yoga,F,24,Activo,25000,0,Tarjeta,11/05/2024
1091,Maria Garcia,Godoy Cruz,2024-12,Yoga,F,24,Activo,25000,0,Tarjeta,11/05/2024
1092,Florencia Romero,Godoy Cruz,2024-08,Defensa Personal,M,20,Activo,25000,20000,Tarjeta,08/08/2024
1092,Florencia Romero,Godoy Cruz,2024-09,Defensa Personal,M,20,Activo,25000,0,Tarjeta,08/08/2024
1092,Florencia Romero,Godoy Cruz,2024-10,Defensa Personal,M,20,Activo,25000,0,Tarjeta,08/08/2024
1092,Florencia Romero,Godoy Cruz,2024-11,Defensa Personal,M,20,Activo,25000,0,Tarjeta,08/08/2024
1092,Florencia Romero,Godoy Cruz,2024-12,Defensa Personal,M,20,Inactivo,0,0,Tarjeta,08/08/2024
1093,Lucia Lopez,Mendoza Ciudad,2024-11,Funcional,F,32,Activo,35000,20000,Tarjeta,20/11/2024
1093,Lucia Lopez,Mendoza Ciudad,2024-12,Funcional,F,32,Activo,35000,0,Tarjeta,20/11/2024
1094,Paula Rios,Guaymallen,2024-11,Funcional,M,44,Activo,35000,20000,Transferencia,06/11/2024
1094,Paula Rios,Guaymallen,2024-12,Funcional,M,44,Activo,35000,0,Transferencia,06/11/2024
1095,Camila Sanchez,Mendoza Ciudad,2024-08,Funcional,M,35,Activo,35000,20000,Tarjeta,17/08/2024
1095,Camila Sanchez,Mendoza Ciudad,2024-09,Funcional,M,35,Activo,35000,0,Tarjeta,17/08/2024
1095,Camila Sanchez,Mendoza Ciudad,2024-10,Funcional,M,35,Activo,35000,0,Tarjeta,17/08/2024
1095,Camila Sanchez,Mendoza Ciudad,2024-11,Funcional,M,35,Activo,35000,0,Tarjeta,17/08/2024
1095,Camila Sanchez,Mendoza Ciudad,2024-12,Funcional,M,35,Activo,35000,0,Tarjeta,17/08/2024
1096,Juan Gomez,Mendoza Ciudad,2024-09,Spinning,F,32,Activo,25000,0,Efectivo,10/09/2024
1096,Juan Gomez,Mendoza Ciudad,2024-09,Yoga,F,32,Activo,25000,20000,Efectivo,10/09/2024
1096,Juan Gomez,Mendoza Ciudad,2024-10,Spinning,F,32,Activo,25000,0,Efectivo,10/09/2024
1096,Juan Gomez,Mendoza Ciudad,2024-10,Yoga,F,32,Activo,25000,0,Efectivo,10/09/2024
1096,Juan Gomez,Mendoza Ciudad,2024-11,Spinning,F,32,Activo,25000,0,Efectivo,10/09/2024
1096,Juan Gomez,Mendoza Ciudad,2024-11,Yoga,F,32,Activo,25000,0,Efectivo,10/09/2024
1096,Juan Gomez,Mendoza Ciudad,2024-12,Spinning,F,32,Activo,25000,0,Efectivo,10/09/2024
1096,Juan Gomez,Mendoza Ciudad,2024-12,Yoga,F,32,Activo,25000,0,Efectivo,10/09/2024
1097,Pedro Herrera,Mendoza Ciudad,2024-03,Yoga,F,28,Activo,25000,20000,Transferencia,24/03/2024
1097,Pedro Herrera,Mendoza Ciudad,2024-04,Yoga,F,28,Activo,25000,0,Transferencia,24/03/2024
1097,Pedro Herrera,Mendoza Ciudad,2024-05,Yoga,F,28,Activo,25000,0,Transferencia,24/03/2024
1097,Pedro Herrera,Mendoza Ciudad,2024-06,Yoga,F,28,Inactivo,0,0,Transferencia,24/03/2024
1097,Pedro Herrera,Mendoza Ciudad,2024-07,Yoga,F,28,Inactivo,0,0,Transferencia,24/03/2024
1097,Pedro Herrera,Mendoza Ciudad,2024-08,Yoga,F,28,Activo,25000,0,Transferencia,24/03/2024
1097,Pedro Herrera,Mendoza Ciudad,2024-09,Yoga,F,28,Activo,25000,0,Transferencia,24/03/2024
1097,Pedro Herrera,Mendoza Ciudad,2024-10,Yoga,F,28,Inactivo,0,0,Transferencia,24/03/2024
1097,Pedro Herrera,Mendoza Ciudad,2024-11,Yoga,F,28,Activo,25000,0,Transferencia,24/03/2024
1097,Pedro Herrera,Mendoza Ciudad,2024-12,Yoga,F,28,Activo,25000,0,Transferencia,24/03/2024
1098,Franco Dominguez,Godoy Cruz,2024-06,Musculacion,M,35,Activo,35000,20000,Transferencia,08/06/2024
1098,Franco Dominguez,Godoy Cruz,2024-07,Musculacion,M,35,Inactivo,0,0,Transferencia,08/06/2024
1098,Franco Dominguez,Godoy Cruz,2024-08,Musculacion,M,35,Inactivo,0,0,Transferencia,08/06/2024
1098,Franco Dominguez,Godoy Cruz,2024-09,Musculacion,M,35,Activo,35000,0,Transferencia,08/06/2024
1098,Franco Dominguez,Godoy Cruz,2024-10,Musculacion,M,35,Activo,35000,0,Transferencia,08/06/2024
1098,Franco Dominguez,Godoy Cruz,2024-11,Musculacion,M,35,Activo,35000,0,Transferencia,08/06/2024
1098,Franco Dominguez,Godoy Cruz,2024-12,Musculacion,M,35,Inactivo,0,0,Transferencia,08/06/2024
1099,Catalina Rodriguez,Godoy Cruz,2024-09,Spinning,F,18,Activo,25000,20000,Tarjeta,19/09/2024
1099,Catalina Rodriguez,Godoy Cruz,2024-10,Spinning,F,18,Activo,25000,0,Tarjeta,19/09/2024
1099,Catalina Rodriguez,Godoy Cruz,2024-11,Spinning,F,18,Activo,25000,0,Tarjeta,19/09/2024
1099,Catalina Rodriguez,Godoy Cruz,2024-12,Spinning,F,18,Activo,25000,0,Tarjeta,19/09/2024
1100,Maria Navarro,Godoy Cruz,2024-07,Funcional,F,23,Activo,35000,20000,Transferencia,06/07/2024
1100,Maria Navarro,Godoy Cruz,2024-08,Funcional,F,23,Activo,35000,0,Transferencia,06/07/2024
1100,Maria Navarro,Godoy Cruz,2024-09,Funcional,F,23,Activo,35000,0,Transferencia,06/07/2024
1100,Maria Navarro,Godoy Cruz,2024-10,Funcional,F,23,Activo,35000,0,Transferencia,06/07/2024
1100,Maria Navarro,Godoy Cruz,2024-11,Funcional,F,23,Inactivo,0,0,Transferencia,06/07/2024
1100,Maria Navarro,Godoy Cruz,2024-12,Funcional,F,23,Activo,35000,0,Transferencia,06/07/2024
1101,Carlos Medina,Mendoza Ciudad,2024-12,Musculacion,M,25,Activo,35000,20000,Efectivo,11/12/2024
1102,Micaela Dominguez,Mendoza Ciudad,2024-05,Musculacion,M,22,Activo,35000,20000,Transferencia,21/05/2024
1102,Micaela Dominguez,Mendoza Ciudad,2024-06,Musculacion,M,22,Activo,35000,0,Transferencia,21/05/2024
1102,Micaela Dominguez,Mendoza Ciudad,2024-07,Musculacion,M,22,Inactivo,0,0,Transferencia,21/05/2024
1102,Micaela Dominguez,Mendoza Ciudad,2024-08,Musculacion,M,22,Activo,35000,0,Transferencia,21/05/2024
1102,Micaela Dominguez,Mendoza Ciudad,2024-09,Musculacion,M,22,Activo,35000,0,Transferencia,21/05/2024
1102,Micaela Dominguez,Mendoza Ciudad,2024-10,Musculacion,M,22,Activo,35000,0,Transferencia,21/05/2024
1102,Micaela Dominguez,Mendoza Ciudad,2024-11,Musculacion,M,22,Activo,35000,0,Transferencia,21/05/2024
1102,Micaela Dominguez,Mendoza Ciudad,2024-12,Musculacion,M,22,Activo,35000,0,Transferencia,21/05/2024
1103,Catalina Rodriguez,Guaymallen,2024-02,Yoga,F,47,Activo,25000,20000,Transferencia,21/02/2024
1103,Catalina Rodriguez,Guaymallen,2024-03,Yoga,F,47,Activo,25000,0,Transferencia,21/02/2024
1103,Catalina Rodriguez,Guaymallen,2024-04,Yoga,F,47,Activo,25000,0,Transferencia,21/02/2024
1103,Catalina Rodriguez,Guaymallen,2024-05,Yoga,F,47,Activo,25000,0,Transferencia,21/02/2024
1103,Catalina Rodriguez,Guaymallen,2024-06,Yoga,F,47,Inactivo,0,0,Transferencia,21/02/2024
1103,Catalina Rodriguez,Guaymallen,2024-07,Yoga,F,47,Inactivo,0,0,Transferencia,21/02/2024
1103,Catalina Rodriguez,Guaymallen,2024-08,Yoga,F,47,Activo,25000,0,Transferencia,21/02/2024
1103,Catalina Rodriguez,Guaymallen,2024-09,Yoga,F,47,Activo,25000,0,Transferencia,21/02/2024
1103,Catalina Rodriguez,Guaymallen,2024-10,Yoga,F,47,Activo,25000,0,Transferencia,21/02/2024
1103,Catalina Rodriguez,Guaymallen,2024-11,Yoga,F,47,Activo,25000,0,Transferencia,21/02/2024
1103,Catalina Rodriguez,Guaymallen,2024-12,Yoga,F,47,Activo,25000,0,Transferencia,21/02/2024
1104,Catalina Gomez,Mendoza Ciudad,2024-11,Musculacion,F,24,Activo,35000,0,Efectivo,01/11/2024
1104,Catalina Gomez,Mendoza Ciudad,2024-11,Spinning,F,24,Activo,25000,20000,Efectivo,01/11/2024
1104,Catalina Gomez,Mendoza Ciudad,2024-12,Musculacion,F,24,Activo,35000,0,Efectivo,01/11/2024
1104,Catalina Gomez,Mendoza Ciudad,2024-12,Spinning,F,24,Inactivo,0,0,Efectivo,01/11/2024
1105,Lucia Gimenez,Mendoza Ciudad,2024-06,Musculacion,M,31,Activo,35000,20000,Tarjeta,16/06/2024
1105,Lucia Gimenez,Mendoza Ciudad,2024-07,Musculacion,M,31,Activo,35000,0,Tarjeta,16/06/2024
1105,Lucia Gimenez,Mendoza Ciudad,2024-08,Musculacion,M,31,Inactivo,0,0,Tarjeta,16/06/2024
1105,Lucia Gimenez,Mendoza Ciudad,2024-09,Musculacion,M,31,Activo,35000,0,Tarjeta,16/06/2024
1105,Lucia Gimenez,Mendoza Ciudad,2024-10,Musculacion,M,31,Activo,35000,0,Tarjeta,16/06/2024
1105,Lucia Gimenez,Mendoza Ciudad,2024-11,Musculacion,M,31,Activo,35000,0,Tarjeta,16/06/2024
1105,Lucia Gimenez,Mendoza Ciudad,2024-12,Musculacion,M,31,Activo,35000,0,Tarjeta,16/06/2024
1106,Franco Herrera,Mendoza Ciudad,2024-09,Musculacion,F,45,Activo,35000,20000,Transferencia,04/09/2024
1106,Franco Herrera,Mendoza Ciudad,2024-10,Musculacion,F,45,Activo,35000,0,Transferencia,04/09/2024
1106,Franco Herrera,Mendoza Ciudad,2024-11,Musculacion,F,45,Activo,35000,0,Transferencia,04/09/2024
1106,Franco Herrera,Mendoza Ciudad,2024-12,Musculacion,F,45,Activo,35000,0,Transferencia,04/09/2024
1107,Juan Torres,Mendoza Ciudad,2024-08,Yoga,F,44,Activo,25000,20000,Tarjeta,24/08/2024
1107,Juan Torres,Mendoza Ciudad,2024-09,Yoga,F,44,Activo,25000,0,Tarjeta,24/08/2024
1107,Juan Torres,Mendoza Ciudad,2024-10,Yoga,F,44,Inactivo,0,0,Tarjeta,24/08/2024
1107,Juan Torres,Mendoza Ciudad,2024-11,Yoga,F,44,Activo,25000,0,Tarjeta,24/08/2024
1107,Juan Torres,Mendoza Ciudad,2024-12,Yoga,F,44,Activo,25000,0,Tarjeta,24/08/2024
1108,Tomas Lopez,Mendoza Ciudad,2024-09,Spinning,F,29,Activo,25000,20000,Tarjeta,21/09/2024
1108,Tomas Lopez,Mendoza Ciudad,2024-10,Spinning,F,29,Activo,25000,0,Tarjeta,21/09/2024
1108,Tomas Lopez,Mendoza Ciudad,2024-11,Spinning,F,29,Activo,25000,0,Tarjeta,21/09/2024
1108,Tomas Lopez,Mendoza Ciudad,2024-12,Spinning,F,29,Activo,25000,0,Tarjeta,21/09/2024
1109,Ezequiel Lopez,Mendoza Ciudad,2024-07,Yoga,M,19,Activo,25000,20000,Tarjeta,22/07/2024
1109,Ezequiel Lopez,Mendoza Ciudad,2024-08,Yoga,M,19,Activo,25000,0,Tarjeta,22/07/2024
1109,Ezequiel Lopez,Mendoza Ciudad,2024-09,Yoga,M,19,Activo,25000,0,Tarjeta,22/07/2024
1109,Ezequiel Lopez,Mendoza Ciudad,2024-10,Yoga,M,19,Activo,25000,0,Tarjeta,22/07/2024
1109,Ezequiel Lopez,Mendoza Ciudad,2024-11,Yoga,M,19,Activo,25000,0,Tarjeta,22/07/2024
1109,Ezequiel Lopez,Mendoza Ciudad,2024-12,Yoga,M,19,Inactivo,0,0,Tarjeta,22/07/2024
1110,Diego Molina,Guaymallen,2024-01,Defensa Personal,M,26,Activo,25000,20000,Tarjeta,22/01/2024
1110,Diego Molina,Guaymallen,2024-02,Defensa Personal,M,26,Activo,25000,0,Tarjeta,22/01/2024
1110,Diego Molina,Guaymallen,2024-03,Defensa Personal,M,26,Activo,25000,0,Tarjeta,22/01/2024
1110,Diego Molina,Guaymallen,2024-04,Defensa Personal,M,26,Inactivo,0,0,Tarjeta,22/01/2024
1110,Diego Molina,Guaymallen,2024-05,Defensa Personal,M,26,Inactivo,0,0,Tarjeta,22/01/2024
1110,Diego Molina,Guaymallen,2024-06,Defensa Personal,M,26,Inactivo,0,0,Tarjeta,22/01/2024
1110,Diego Molina,Guaymallen,2024-07,Defensa Personal,M,26,Activo,25000,0,Tarjeta,22/01/2024
1110,Diego Molina,Guaymallen,2024-08,Defensa Personal,M,26,Activo,25000,0,Tarjeta,22/01/2024
1110,Diego Molina,Guaymallen,2024-09,Defensa Personal,M,26,Activo,25000,0,Tarjeta,22/01/2024
1110,Diego Molina,Guaymallen,2024-10,Defensa Personal,M,26,Activo,25000,0,Tarjeta,22/01/2024
1110,Diego Molina,Guaymallen,2024-11,Defensa Personal,M,26,Activo,25000,0,Tarjeta,22/01/2024
1110,Diego Molina,Guaymallen,2024-12,Defensa Personal,M,26,Inactivo,0,0,Tarjeta,22/01/2024
1111,Carlos Lopez,Lujan de Cuyo,2024-08,Defensa Personal,M,50,Activo,25000,20000,Efectivo,13/08/2024
1111,Carlos Lopez,Lujan de Cuyo,2024-09,Defensa Personal,M,50,Activo,25000,0,Efectivo,13/08/2024
1111,Carlos Lopez,Lujan de Cuyo,2024-10,Defensa Personal,M,50,Activo,25000,0,Efectivo,13/08/2024
1111,Carlos Lopez,Lujan de Cuyo,2024-11,Defensa Personal,M,50,Activo,25000,0,Efectivo,13/08/2024
1111,Carlos Lopez,Lujan de Cuyo,2024-12,Defensa Personal,M,50,Activo,25000,0,Efectivo,13/08/2024
1112,Maria Medina,Godoy Cruz,2024-05,Musculacion,M,34,Activo,35000,20000,Transferencia,16/05/2024
1112,Maria Medina,Godoy Cruz,2024-06,Musculacion,M,34,Activo,35000,0,Transferencia,16/05/2024
1112,Maria Medina,Godoy Cruz,2024-07,Musculacion,M,34,Inactivo,0,0,Transferencia,16/05/2024
1112,Maria Medina,Godoy Cruz,2024-08,Musculacion,M,34,Activo,35000,0,Transferencia,16/05/2024
1112,Maria Medina,Godoy Cruz,2024-09,Musculacion,M,34,Activo,35000,0,Transferencia,16/05/2024
1112,Maria Medina,Godoy Cruz,2024-10,Musculacion,M,34,Activo,35000,0,Transferencia,16/05/2024
1112,Maria Medina,Godoy Cruz,2024-11,Musculacion,M,34,Activo,35000,0,Transferencia,16/05/2024
1112,Maria Medina,Godoy Cruz,2024-12,Musculacion,M,34,Inactivo,0,0,Transferencia,16/05/2024
1113,Milagros Navarro,Mendoza Ciudad,2024-10,Funcional,F,27,Activo,35000,20000,Transferencia,28/10/2024
1113,Milagros Navarro,Mendoza Ciudad,2024-11,Funcional,F,27,Activo,35000,0,Transferencia,28/10/2024
1113,Milagros Navarro,Mendoza Ciudad,2024-12,Funcional,F,27,Activo,35000,0,Transferencia,28/10/2024
1114,Juan Rodriguez,Godoy Cruz,2024-11,Spinning,M,25,Activo,25000,20000,Efectivo,19/11/2024
1114,Juan Rodriguez,Godoy Cruz,2024-12,Spinning,M,25,Activo,25000,0,Efectivo,19/11/2024
1115,Micaela Navarro,Godoy Cruz,2024-08,Yoga,F,44,Activo,25000,20000,Efectivo,02/08/2024
1115,Micaela Navarro,Godoy Cruz,2024-09,Yoga,F,44,Activo,25000,0,Efectivo,02/08/2024
1115,Micaela Navarro,Godoy Cruz,2024-10,Yoga,F,44,Activo,25000,0,Efectivo,02/08/2024
1115,Micaela Navarro,Godoy Cruz,2024-11,Yoga,F,44,Activo,25000,0,Efectivo,02/08/2024
1115,Micaela Navarro,Godoy Cruz,2024-12,Yoga,F,44,Activo,25000,0,Efectivo,02/08/2024
1116,Maria Gimenez,Guaymallen,2024-02,Musculacion,M,44,Activo,35000,20000,Tarjeta,11/02/2024
1116,Maria Gimenez,Guaymallen,2024-02,Defensa Personal,M,44,Inactivo,0,0,Tarjeta,11/02/2024
1116,Maria Gimenez,Guaymallen,2024-03,Musculacion,M,44,Activo,35000,0,Tarjeta,11/02/2024
1116,Maria Gimenez,Guaymallen,2024-03,Defensa Personal,M,44,Activo,25000,0,Tarjeta,11/02/2024
1116,Maria Gimenez,Guaymallen,2024-04,Musculacion,M,44,Inactivo,0,0,Tarjeta,11/02/2024
1116,Maria Gimenez,Guaymallen,2024-04,Defensa Personal,M,44,Activo,25000,0,Tarjeta,11/02/2024
1116,Maria Gimenez,Guaymallen,2024-05,Musculacion,M,44,Activo,35000,0,Tarjeta,11/02/2024
1116,Maria Gimenez,Guaymallen,2024-05,Defensa Personal,M,44,Activo,25000,0,Tarjeta,11/02/2024
1116,Maria Gimenez,Guaymallen,2024-06,Musculacion,M,44,Activo,35000,0,Tarjeta,11/02/2024
1116,Maria Gimenez,Guaymallen,2024-06,Defensa Personal,M,44,Inactivo,0,0,Tarjeta,11/02/2024
1116,Maria Gimenez,Guaymallen,2024-07,Musculacion,M,44,Activo,35000,0,Tarjeta,11/02/2024
1116,Maria Gimenez,Guaymallen,2024-07,Defensa Personal,M,44,Inactivo,0,0,Tarjeta,11/02/2024
1116,Maria Gimenez,Guaymallen,2024-08,Musculacion,M,44,Activo,35000,0,Tarjeta,11/02/2024
1116,Maria Gimenez,Guaymallen,2024-08,Defensa Personal,M,44,Activo,25000,0,Tarjeta,11/02/2024
1116,Maria Gimenez,Guaymallen,2024-09,Musculacion,M,44,Activo,35000,0,Tarjeta,11/02/2024
1116,Maria Gimenez,Guaymallen,2024-09,Defensa Personal,M,44,Activo,25000,0,Tarjeta,11/02/2024
1116,Maria Gimenez,Guaymallen,2024-10,Musculacion,M,44,Activo,35000,0,Tarjeta,11/02/2024
1116,Maria Gimenez,Guaymallen,2024-10,Defensa Personal,M,44,Activo,25000,0,Tarjeta,11/02/2024
1116,Maria Gimenez,Guaymallen,2024-11,Musculacion,M,44,Activo,35000,0,Tarjeta,11/02/2024
1116,Maria Gimenez,Guaymallen,2024-11,Defensa Personal,M,44,Inactivo,0,0,Tarjeta,11/02/2024
1116,Maria Gimenez,Guaymallen,2024-12,Musculacion,M,44,Activo,35000,0,Tarjeta,11/02/2024
1116,Maria Gimenez,Guaymallen,2024-12,Defensa Personal,M,44,Activo,25000,0,Tarjeta,11/02/2024
1117,Maria Rios,Godoy Cruz,2024-08,Spinning,F,47,Activo,25000,20000,Tarjeta,21/08/2024
1117,Maria Rios,Godoy Cruz,2024-09,Spinning,F,47,Activo,25000,0,Tarjeta,21/08/2024
1117,Maria Rios,Godoy Cruz,2024-10,Spinning,F,47,Activo,25000,0,Tarjeta,21/08/2024
1117,Maria Rios,Godoy Cruz,2024-11,Spinning,F,47,Activo,25000,0,Tarjeta,21/08/2024
1117,Maria Rios,Godoy Cruz,2024-12,Spinning,F,47,Activo,25000,0,Tarjeta,21/08/2024
1118,Lucia Gimenez,Maipu,2024-08,Defensa Personal,M,31,Activo,25000,20000,Transferencia,02/08/2024
1118,Lucia Gimenez,Maipu,2024-09,Defensa Personal,M,31,Activo,25000,0,Transferencia,02/08/2024
1118,Lucia Gimenez,Maipu,2024-10,Defensa Personal,M,31,Activo,25000,0,Transferencia,02/08/2024
1118,Lucia Gimenez,Maipu,2024-11,Defensa Personal,M,31,Activo,25000,0,Transferencia,02/08/2024
1118,Lucia Gimenez,Maipu,2024-12,Defensa Personal,M,31,Activo,25000,0,Transferencia,02/08/2024
1119,Catalina Torres,Mendoza Ciudad,2024-11,Defensa Personal,F,48,Activo,25000,20000,Efectivo,05/11/2024
1119,Catalina Torres,Mendoza Ciudad,2024-12,Defensa Personal,F,48,Activo,25000,0,Efectivo,05/11/2024
1120,Tomas Cruz,Mendoza Ciudad,2024-01,Spinning,F,25,Activo,25000,20000,Efectivo,09/01/2024
1120,Tomas Cruz,Mendoza Ciudad,2024-02,Spinning,F,25,Activo,25000,0,Efectivo,09/01/2024
1120,Tomas Cruz,Mendoza Ciudad,2024-03,Spinning,F,25,Activo,25000,0,Efectivo,09/01/2024
1120,Tomas Cruz,Mendoza Ciudad,2024-04,Spinning,F,25,Activo,25000,0,Efectivo,09/01/2024
1120,Tomas Cruz,Mendoza Ciudad,2024-05,Spinning,F,25,Activo,25000,0,Efectivo,09/01/2024
1120,Tomas Cruz,Mendoza Ciudad,2024-06,Spinning,F,25,Activo,25000,0,Efectivo,09/01/2024
1120,Tomas Cruz,Mendoza Ciudad,2024-07,Spinning,F,25,Inactivo,0,0,Efectivo,09/01/2024
1120,Tomas Cruz,Mendoza Ciudad,2024-08,Spinning,F,25,Inactivo,0,0,Efectivo,09/01/2024
1120,Tomas Cruz,Mendoza Ciudad,2024-09,Spinning,F,25,Activo,25000,0,Efectivo,09/01/2024
1120,Tomas Cruz,Mendoza Ciudad,2024-10,Spinning,F,25,Activo,25000,0,Efectivo,09/01/2024
1120,Tomas Cruz,Mendoza Ciudad,2024-11,Spinning,F,25,Activo,25000,0,Efectivo,09/01/2024
1120,Tomas Cruz,Mendoza Ciudad,2024-12,Spinning,F,25,Activo,25000,0,Efectivo,09/01/2024
1121,Julieta Vega,Godoy Cruz,2024-09,Musculacion,M,30,Activo,35000,20000,Efectivo,15/09/2024
1121,Julieta Vega,Godoy Cruz,2024-10,Musculacion,M,30,Activo,35000,0,Efectivo,15/09/2024
1121,Julieta Vega,Godoy Cruz,2024-11,Musculacion,M,30,Activo,35000,0,Efectivo,15/09/2024
1121,Julieta Vega,Godoy Cruz,2024-12,Musculacion,M,30,Activo,35000,0,Efectivo,15/09/2024
1122,Lucia Suarez,Maipu,2024-01,Defensa Personal,M,33,Activo,25000,20000,Tarjeta,03/01/2024
1122,Lucia Suarez,Maipu,2024-02,Defensa Personal,M,33,Activo,25000,0,Tarjeta,03/01/2024
1122,Lucia Suarez,Maipu,2024-03,Defensa Personal,M,33,Activo,25000,0,Tarjeta,03/01/2024
1122,Lucia Suarez,Maipu,2024-04,Defensa Personal,M,33,Activo,25000,0,Tarjeta,03/01/2024
1122,Lucia Suarez,Maipu,2024-05,Defensa Personal,M,33,Activo,25000,0,Tarjeta,03/01/2024
1122,Lucia Suarez,Maipu,2024-06,Defensa Personal,M,33,Activo,25000,0,Tarjeta,03/01/2024
1122,Lucia Suarez,Maipu,2024-07,Defensa Personal,M,33,Inactivo,0,0,Tarjeta,03/01/2024
1122,Lucia Suarez,Maipu,2024-08,Defensa Personal,M,33,Inactivo,0,0,Tarjeta,03/01/2024
1122,Lucia Suarez,Maipu,2024-09,Defensa Personal,M,33,Inactivo,0,0,Tarjeta,03/01/2024
1122,Lucia Suarez,Maipu,2024-10,Defensa Personal,M,33,Activo,25000,0,Tarjeta,03/01/2024
1122,Lucia Suarez,Maipu,2024-11,Defensa Personal,M,33,Activo,25000,0,Tarjeta,03/01/2024
1122,Lucia Suarez,Maipu,2024-12,Defensa Personal,M,33,Activo,25000,0,Tarjeta,03/01/2024
1123,Maria Lopez,Guaymallen,2024-05,Spinning,M,52,Activo,25000,20000,Transferencia,26/05/2024
1123,Maria Lopez,Guaymallen,2024-06,Spinning,M,52,Inactivo,0,0,Transferencia,26/05/2024
1123,Maria Lopez,Guaymallen,2024-07,Spinning,M,52,Activo,25000,0,Transferencia,26/05/2024
1123,Maria Lopez,Guaymallen,2024-08,Spinning,M,52,Activo,25000,0,Transferencia,26/05/2024
1123,Maria Lopez,Guaymallen,2024-09,Spinning,M,52,Activo,25000,0,Transferencia,26/05/2024
1123,Maria Lopez,Guaymallen,2024-10,Spinning,M,52,Activo,25000,0,Transferencia,26/05/2024
1123,Maria Lopez,Guaymallen,2024-11,Spinning,M,52,Activo,25000,0,Transferencia,26/05/2024
1123,Maria Lopez,Guaymallen,2024-12,Spinning,M,52,Activo,25000,0,Transferencia,26/05/2024
1124,Maria Fernandez,Mendoza Ciudad,2024-01,Funcional,M,28,Activo,35000,0,Tarjeta,08/01/2024
1124,Maria Fernandez,Mendoza Ciudad,2024-01,Defensa Personal,M,28,Activo,25000,20000,Tarjeta,08/01/2024
1124,Maria Fernandez,Mendoza Ciudad,2024-02,Funcional,M,28,Activo,35000,0,Tarjeta,08/01/2024
1124,Maria Fernandez,Mendoza Ciudad,2024-02,Defensa Personal,M,28,Activo,25000,0,Tarjeta,08/01/2024
1124,Maria Fernandez,Mendoza Ciudad,2024-03,Funcional,M,28,Activo,35000,0,Tarjeta,08/01/2024
1124,Maria Fernandez,Mendoza Ciudad,2024-03,Defensa Personal,M,28,Activo,25000,0,Tarjeta,08/01/2024
1124,Maria Fernandez,Mendoza Ciudad,2024-04,Funcional,M,28,Activo,35000,0,Tarjeta,08/01/2024
1124,Maria Fernandez,Mendoza Ciudad,2024-04,Defensa Personal,M,28,Activo,25000,0,Tarjeta,08/01/2024
1124,Maria Fernandez,Mendoza Ciudad,2024-05,Funcional,M,28,Activo,35000,0,Tarjeta,08/01/2024
1124,Maria Fernandez,Mendoza Ciudad,2024-05,Defensa Personal,M,28,Activo,25000,0,Tarjeta,08/01/2024
1124,Maria Fernandez,Mendoza Ciudad,2024-06,Funcional,M,28,Activo,35000,0,Tarjeta,08/01/2024
1124,Maria Fernandez,Mendoza Ciudad,2024-06,Defensa Personal,M,28,Activo,25000,0,Tarjeta,08/01/2024
1124,Maria Fernandez,Mendoza Ciudad,2024-07,Funcional,M,28,Activo,35000,0,Tarjeta,08/01/2024
1124,Maria Fernandez,Mendoza Ciudad,2024-07,Defensa Personal,M,28,Inactivo,0,0,Tarjeta,08/01/2024
1124,Maria Fernandez,Mendoza Ciudad,2024-08,Funcional,M,28,Activo,35000,0,Tarjeta,08/01/2024
1124,Maria Fernandez,Mendoza Ciudad,2024-08,Defensa Personal,M,28,Activo,25000,0,Tarjeta,08/01/2024
1124,Maria Fernandez,Mendoza Ciudad,2024-09,Funcional,M,28,Activo,35000,0,Tarjeta,08/01/2024
1124,Maria Fernandez,Mendoza Ciudad,2024-09,Defensa Personal,M,28,Activo,25000,0,Tarjeta,08/01/2024
1124,Maria Fernandez,Mendoza Ciudad,2024-10,Funcional,M,28,Activo,35000,0,Tarjeta,08/01/2024
1124,Maria Fernandez,Mendoza Ciudad,2024-10,Defensa Personal,M,28,Activo,25000,0,Tarjeta,08/01/2024
1124,Maria Fernandez,Mendoza Ciudad,2024-11,Funcional,M,28,Activo,35000,0,Tarjeta,08/01/2024
1124,Maria Fernandez,Mendoza Ciudad,2024-11,Defensa Personal,M,28,Activo,25000,0,Tarjeta,08/01/2024
1124,Maria Fernandez,Mendoza Ciudad,2024-12,Funcional,M,28,Activo,35000,0,Tarjeta,08/01/2024
1124,Maria Fernandez,Mendoza Ciudad,2024-12,Defensa Personal,M,28,Activo,25000,0,Tarjeta,08/01/2024
1125,Paula Rios,Mendoza Ciudad,2024-10,Musculacion,M,39,Activo,35000,20000,Tarjeta,27/10/2024
1125,Paula Rios,Mendoza Ciudad,2024-11,Musculacion,M,39,Activo,35000,0,Tarjeta,27/10/2024
1125,Paula Rios,Mendoza Ciudad,2024-12,Musculacion,M,39,Activo,35000,0,Tarjeta,27/10/2024
1126,Micaela Cruz,Godoy Cruz,2024-07,Yoga,F,32,Activo,25000,20000,Transferencia,26/07/2024
1126,Micaela Cruz,Godoy Cruz,2024-08,Yoga,F,32,Activo,25000,0,Transferencia,26/07/2024
1126,Micaela Cruz,Godoy Cruz,2024-09,Yoga,F,32,Activo,25000,0,Transferencia,26/07/2024
1126,Micaela Cruz,Godoy Cruz,2024-10,Yoga,F,32,Activo,25000,0,Transferencia,26/07/2024
1126,Micaela Cruz,Godoy Cruz,2024-11,Yoga,F,32,Inactivo,0,0,Transferencia,26/07/2024
1126,Micaela Cruz,Godoy Cruz,2024-12,Yoga,F,32,Activo,25000,0,Transferencia,26/07/2024
1127,Catalina Medina,Mendoza Ciudad,2024-01,Musculacion,M,60,Activo,35000,20000,Tarjeta,09/01/2024
1127,Catalina Medina,Mendoza Ciudad,2024-02,Musculacion,M,60,Inactivo,0,0,Tarjeta,09/01/2024
1127,Catalina Medina,Mendoza Ciudad,2024-03,Musculacion,M,60,Activo,35000,0,Tarjeta,09/01/2024
1127,Catalina Medina,Mendoza Ciudad,2024-04,Musculacion,M,60,Activo,35000,0,Tarjeta,09/01/2024
1127,Catalina Medina,Mendoza Ciudad,2024-05,Musculacion,M,60,Activo,35000,0,Tarjeta,09/01/2024
1127,Catalina Medina,Mendoza Ciudad,2024-06,Musculacion,M,60,Inactivo,0,0,Tarjeta,09/01/2024
1127,Catalina Medina,Mendoza Ciudad,2024-07,Musculacion,M,60,Activo,35000,0,Tarjeta,09/01/2024
1127,Catalina Medina,Mendoza Ciudad,2024-08,Musculacion,M,60,Inactivo,0,0,Tarjeta,09/01/2024
1127,Catalina Medina,Mendoza Ciudad,2024-09,Musculacion,M,60,Activo,35000,0,Tarjeta,09/01/2024
1127,Catalina Medina,Mendoza Ciudad,2024-10,Musculacion,M,60,Activo,35000,0,Tarjeta,09/01/2024
1127,Catalina Medina,Mendoza Ciudad,2024-11,Musculacion,M,60,Activo,35000,0,Tarjeta,09/01/2024
1127,Catalina Medina,Mendoza Ciudad,2024-12,Musculacion,M,60,Activo,35000,0,Tarjeta,09/01/2024
1128,Camila Medina,Godoy Cruz,2024-04,Musculacion,F,48,Activo,35000,20000,Tarjeta,21/04/2024
1128,Camila Medina,Godoy Cruz,2024-05,Musculacion,F,48,Activo,35000,0,Tarjeta,21/04/2024
1128,Camila Medina,Godoy Cruz,2024-06,Musculacion,F,48,Activo,35000,0,Tarjeta,21/04/2024
1128,Camila Medina,Godoy Cruz,2024-07,Musculacion,F,48,Activo,35000,0,Tarjeta,21/04/2024
1128,Camila Medina,Godoy Cruz,2024-08,Musculacion,F,48,Inactivo,0,0,Tarjeta,21/04/2024
1128,Camila Medina,Godoy Cruz,2024-09,Musculacion,F,48,Activo,35000,0,Tarjeta,21/04/2024
1128,Camila Medina,Godoy Cruz,2024-10,Musculacion,F,48,Activo,35000,0,Tarjeta,21/04/2024
1128,Camila Medina,Godoy Cruz,2024-11,Musculacion,F,48,Activo,35000,0,Tarjeta,21/04/2024
1128,Camila Medina,Godoy Cruz,2024-12,Musculacion,F,48,Activo,35000,0,Tarjeta,21/04/2024
1129,Milagros Lopez,Lujan de Cuyo,2024-09,Spinning,M,31,Activo,25000,20000,Tarjeta,04/09/2024
1129,Milagros Lopez,Lujan de Cuyo,2024-10,Spinning,M,31,Activo,25000,0,Tarjeta,04/09/2024
1129,Milagros Lopez,Lujan de Cuyo,2024-11,Spinning,M,31,Activo,25000,0,Tarjeta,04/09/2024
1129,Milagros Lopez,Lujan de Cuyo,2024-12,Spinning,M,31,Activo,25000,0,Tarjeta,04/09/2024
1130,Bruno Dominguez,Maipu,2024-07,Defensa Personal,F,20,Activo,25000,20000,Tarjeta,12/07/2024
1130,Bruno Dominguez,Maipu,2024-08,Defensa Personal,F,20,Inactivo,0,0,Tarjeta,12/07/2024
1130,Bruno Dominguez,Maipu,2024-09,Defensa Personal,F,20,Activo,25000,0,Tarjeta,12/07/2024
1130,Bruno Dominguez,Maipu,2024-10,Defensa Personal,F,20,Activo,25000,0,Tarjeta,12/07/2024
1130,Bruno Dominguez,Maipu,2024-11,Defensa Personal,F,20,Inactivo,0,0,Tarjeta,12/07/2024
1130,Bruno Dominguez,Maipu,2024-12,Defensa Personal,F,20,Activo,25000,0,Tarjeta,12/07/2024
1131,Lucia Herrera,Guaymallen,2024-09,Spinning,F,29,Activo,25000,20000,Tarjeta,02/09/2024
1131,Lucia Herrera,Guaymallen,2024-10,Spinning,F,29,Activo,25000,0,Tarjeta,02/09/2024
1131,Lucia Herrera,Guaymallen,2024-11,Spinning,F,29,Activo,25000,0,Tarjeta,02/09/2024
1131,Lucia Herrera,Guaymallen,2024-12,Spinning,F,29,Activo,25000,0,Tarjeta,02/09/2024
1132,Tomas Lopez,Mendoza Ciudad,2024-02,Musculacion,M,43,Activo,35000,20000,Tarjeta,16/02/2024
1132,Tomas Lopez,Mendoza Ciudad,2024-02,Funcional,M,43,Activo,35000,0,Tarjeta,16/02/2024
1132,Tomas Lopez,Mendoza Ciudad,2024-03,Musculacion,M,43,Inactivo,0,0,Tarjeta,16/02/2024
1132,Tomas Lopez,Mendoza Ciudad,2024-03,Funcional,M,43,Activo,35000,0,Tarjeta,16/02/2024
1132,Tomas Lopez,Mendoza Ciudad,2024-04,Musculacion,M,43,Activo,35000,0,Tarjeta,16/02/2024
1132,Tomas Lopez,Mendoza Ciudad,2024-04,Funcional,M,43,Activo,35000,0,Tarjeta,16/02/2024
1132,Tomas Lopez,Mendoza Ciudad,2024-05,Musculacion,M,43,Activo,35000,0,Tarjeta,16/02/2024
1132,Tomas Lopez,Mendoza Ciudad,2024-05,Funcional,M,43,Inactivo,0,0,Tarjeta,16/02/2024
1132,Tomas Lopez,Mendoza Ciudad,2024-06,Musculacion,M,43,Inactivo,0,0,Tarjeta,16/02/2024
1132,Tomas Lopez,Mendoza Ciudad,2024-06,Funcional,M,43,Inactivo,0,0,Tarjeta,16/02/2024
1132,Tomas Lopez,Mendoza Ciudad,2024-07,Musculacion,M,43,Activo,35000,0,Tarjeta,16/02/2024
1132,Tomas Lopez,Mendoza Ciudad,2024-07,Funcional,M,43,Activo,35000,0,Tarjeta,16/02/2024
1132,Tomas Lopez,Mendoza Ciudad,2024-08,Musculacion,M,43,Activo,35000,0,Tarjeta,16/02/2024
1132,Tomas Lopez,Mendoza Ciudad,2024-08,Funcional,M,43,Activo,35000,0,Tarjeta,16/02/2024
1132,Tomas Lopez,Mendoza Ciudad,2024-09,Musculacion,M,43,Activo,35000,0,Tarjeta,16/02/2024
1132,Tomas Lopez,Mendoza Ciudad,2024-09,Funcional,M,43,Inactivo,0,0,Tarjeta,16/02/2024
1132,Tomas Lopez,Mendoza Ciudad,2024-10,Musculacion,M,43,Activo,35000,0,Tarjeta,16/02/2024
1132,Tomas Lopez,Mendoza Ciudad,2024-10,Funcional,M,43,Activo,35000,0,Tarjeta,16/02/2024
1132,Tomas Lopez,Mendoza Ciudad,2024-11,Musculacion,M,43,Inactivo,0,0,Tarjeta,16/02/2024
1132,Tomas Lopez,Mendoza Ciudad,2024-11,Funcional,M,43,Activo,35000,0,Tarjeta,16/02/2024
1132,Tomas Lopez,Mendoza Ciudad,2024-12,Musculacion,M,43,Activo,35000,0,Tarjeta,16/02/2024
1132,Tomas Lopez,Mendoza Ciudad,2024-12,Funcional,M,43,Activo,35000,0,Tarjeta,16/02/2024
1133,Ezequiel Torres,Godoy Cruz,2024-08,Yoga,F,20,Activo,25000,20000,Tarjeta,05/08/2024
1133,Ezequiel Torres,Godoy Cruz,2024-09,Yoga,F,20,Activo,25000,0,Tarjeta,05/08/2024
1133,Ezequiel Torres,Godoy Cruz,2024-10,Yoga,F,20,Activo,25000,0,Tarjeta,05/08/2024
1133,Ezequiel Torres,Godoy Cruz,2024-11,Yoga,F,20,Activo,25000,0,Tarjeta,05/08/2024
1133,Ezequiel Torres,Godoy Cruz,2024-12,Yoga,F,20,Activo,25000,0,Tarjeta,05/08/2024
1134,Agustin Fernandez,Mendoza Ciudad,2024-05,Funcional,M,34,Activo,35000,20000,Tarjeta,11/05/2024
1134,Agustin Fernandez,Mendoza Ciudad,2024-06,Funcional,M,34,Inactivo,0,0,Tarjeta,11/05/2024
1134,Agustin Fernandez,Mendoza Ciudad,2024-07,Funcional,M,34,Activo,35000,0,Tarjeta,11/05/2024
1134,Agustin Fernandez,Mendoza Ciudad,2024-08,Funcional,M,34,Activo,35000,0,Tarjeta,11/05/2024
1134,Agustin Fernandez,Mendoza Ciudad,2024-09,Funcional,M,34,Inactivo,0,0,Tarjeta,11/05/2024
1134,Agustin Fernandez,Mendoza Ciudad,2024-10,Funcional,M,34,Activo,35000,0,Tarjeta,11/05/2024
1134,Agustin Fernandez,Mendoza Ciudad,2024-11,Funcional,M,34,Activo,35000,0,Tarjeta,11/05/2024
1134,Agustin Fernandez,Mendoza Ciudad,2024-12,Funcional,M,34,Activo,35000,0,Tarjeta,11/05/2024
1135,Ezequiel Suarez,Maipu,2024-11,Funcional,F,48,Activo,35000,20000,Efectivo,17/11/2024
1135,Ezequiel Suarez,Maipu,2024-12,Funcional,F,48,Activo,35000,0,Efectivo,17/11/2024
1136,Ezequiel Garcia,Mendoza Ciudad,2024-09,Musculacion,M,30,Activo,35000,20000,Tarjeta,11/09/2024
1136,Ezequiel Garcia,Mendoza Ciudad,2024-10,Musculacion,M,30,Activo,35000,0,Tarjeta,11/09/2024
1136,Ezequiel Garcia,Mendoza Ciudad,2024-11,Musculacion,M,30,Activo,35000,0,Tarjeta,11/09/2024
1136,Ezequiel Garcia,Mendoza Ciudad,2024-12,Musculacion,M,30,Activo,35000,0,Tarjeta,11/09/2024
1137,Lucia Navarro,Maipu,2024-04,Funcional,M,21,Activo,35000,20000,Tarjeta,21/04/2024
1137,Lucia Navarro,Maipu,2024-05,Funcional,M,21,Activo,35000,0,Tarjeta,21/04/2024
1137,Lucia Navarro,Maipu,2024-06,Funcional,M,21,Inactivo,0,0,Tarjeta,21/04/2024
1137,Lucia Navarro,Maipu,2024-07,Funcional,M,21,Activo,35000,0,Tarjeta,21/04/2024
1137,Lucia Navarro,Maipu,2024-08,Funcional,M,21,Inactivo,0,0,Tarjeta,21/04/2024
1137,Lucia Navarro,Maipu,2024-09,Funcional,M,21,Activo,35000,0,Tarjeta,21/04/2024
1137,Lucia Navarro,Maipu,2024-10,Funcional,M,21,Activo,35000,0,Tarjeta,21/04/2024
1137,Lucia Navarro,Maipu,2024-11,Funcional,M,21,Activo,35000,0,Tarjeta,21/04/2024
1137,Lucia Navarro,Maipu,2024-12,Funcional,M,21,Activo,35000,0,Tarjeta,21/04/2024
1138,Diego Rodriguez,Mendoza Ciudad,2024-04,Funcional,F,19,Activo,35000,20000,Tarjeta,23/04/2024
1138,Diego Rodriguez,Mendoza Ciudad,2024-05,Funcional,F,19,Inactivo,0,0,Tarjeta,23/04/2024
1138,Diego Rodriguez,Mendoza Ciudad,2024-06,Funcional,F,19,Activo,35000,0,Tarjeta,23/04/2024
1138,Diego Rodriguez,Mendoza Ciudad,2024-07,Funcional,F,19,Inactivo,0,0,Tarjeta,23/04/2024
1138,Diego Rodriguez,Mendoza Ciudad,2024-08,Funcional,F,19,Inactivo,0,0,Tarjeta,23/04/2024
1138,Diego Rodriguez,Mendoza Ciudad,2024-09,Funcional,F,19,Activo,35000,0,Tarjeta,23/04/2024
1138,Diego Rodriguez,Mendoza Ciudad,2024-10,Funcional,F,19,Inactivo,0,0,Tarjeta,23/04/2024
1138,Diego Rodriguez,Mendoza Ciudad,2024-11,Funcional,F,19,Activo,35000,0,Tarjeta,23/04/2024
1138,Diego Rodriguez,Mendoza Ciudad,2024-12,Funcional,F,19,Activo,35000,0,Tarjeta,23/04/2024
1139,Tomas Romero,Mendoza Ciudad,2024-08,Spinning,F,36,Activo,25000,20000,Efectivo,26/08/2024
1139,Tomas Romero,Mendoza Ciudad,2024-09,Spinning,F,36,Activo,25000,0,Efectivo,26/08/2024
1139,Tomas Romero,Mendoza Ciudad,2024-10,Spinning,F,36,Activo,25000,0,Efectivo,26/08/2024
1139,Tomas Romero,Mendoza Ciudad,2024-11,Spinning,F,36,Activo,25000,0,Efectivo,26/08/2024
1139,Tomas Romero,Mendoza Ciudad,2024-12,Spinning,F,36,Activo,25000,0,Efectivo,26/08/2024
1140,Bruno Perez,Lujan de Cuyo,2024-05,Funcional,M,21,Activo,35000,20000,Efectivo,22/05/2024
1140,Bruno Perez,Lujan de Cuyo,2024-06,Funcional,M,21,Activo,35000,0,Efectivo,22/05/2024
1140,Bruno Perez,Lujan de Cuyo,2024-07,Funcional,M,21,Inactivo,0,0,Efectivo,22/05/2024
1140,Bruno Perez,Lujan de Cuyo,2024-08,Funcional,M,21,Activo,35000,0,Efectivo,22/05/2024
1140,Bruno Perez,Lujan de Cuyo,2024-09,Funcional,M,21,Inactivo,0,0,Efectivo,22/05/2024
1140,Bruno Perez,Lujan de Cuyo,2024-10,Funcional,M,21,Activo,35000,0,Efectivo,22/05/2024
1140,Bruno Perez,Lujan de Cuyo,2024-11,Funcional,M,21,Activo,35000,0,Efectivo,22/05/2024
1140,Bruno Perez,Lujan de Cuyo,2024-12,Funcional,M,21,Activo,35000,0,Efectivo,22/05/2024
1141,Micaela Medina,Godoy Cruz,2024-03,Musculacion,M,52,Activo,35000,20000,Tarjeta,22/03/2024
1141,Micaela Medina,Godoy Cruz,2024-04,Musculacion,M,52,Inactivo,0,0,Tarjeta,22/03/2024
1141,Micaela Medina,Godoy Cruz,2024-05,Musculacion,M,52,Activo,35000,0,Tarjeta,22/03/2024
1141,Micaela Medina,Godoy Cruz,2024-06,Musculacion,M,52,Activo,35000,0,Tarjeta,22/03/2024
1141,Micaela Medina,Godoy Cruz,2024-07,Musculacion,M,52,Activo,35000,0,Tarjeta,22/03/2024
1141,Micaela Medina,Godoy Cruz,2024-08,Musculacion,M,52,Inactivo,0,0,Tarjeta,22/03/2024
1141,Micaela Medina,Godoy Cruz,2024-09,Musculacion,M,52,Inactivo,0,0,Tarjeta,22/03/2024
1141,Micaela Medina,Godoy Cruz,2024-10,Musculacion,M,52,Activo,35000,0,Tarjeta,22/03/2024
1141,Micaela Medina,Godoy Cruz,2024-11,Musculacion,M,52,Activo,35000,0,Tarjeta,22/03/2024
1141,Micaela Medina,Godoy Cruz,2024-12,Musculacion,M,52,Activo,35000,0,Tarjeta,22/03/2024
1142,Ezequiel Sanchez,Maipu,2024-04,Musculacion,M,22,Activo,35000,20000,Tarjeta,26/04/2024
1142,Ezequiel Sanchez,Maipu,2024-05,Musculacion,M,22,Activo,35000,0,Tarjeta,26/04/2024
1142,Ezequiel Sanchez,Maipu,2024-06,Musculacion,M,22,Inactivo,0,0,Tarjeta,26/04/2024
1142,Ezequiel Sanchez,Maipu,2024-07,Musculacion,M,22,Inactivo,0,0,Tarjeta,26/04/2024
1142,Ezequiel Sanchez,Maipu,2024-08,Musculacion,M,22,Inactivo,0,0,Tarjeta,26/04/2024
1142,Ezequiel Sanchez,Maipu,2024-09,Musculacion,M,22,Activo,35000,0,Tarjeta,26/04/2024
1142,Ezequiel Sanchez,Maipu,2024-10,Musculacion,M,22,Activo,35000,0,Tarjeta,26/04/2024
1142,Ezequiel Sanchez,Maipu,2024-11,Musculacion,M,22,Activo,35000,0,Tarjeta,26/04/2024
1142,Ezequiel Sanchez,Maipu,2024-12,Musculacion,M,22,Activo,35000,0,Tarjeta,26/04/2024
1143,Micaela Cruz,Godoy Cruz,2024-12,Spinning,F,33,Activo,25000,20000,Transferencia,23/12/2024
1143,Micaela Cruz,Godoy Cruz,2024-12,Defensa Personal,F,33,Activo,25000,0,Transferencia,23/12/2024
1144,Paula Romero,Mendoza Ciudad,2024-05,Defensa Personal,M,39,Activo,25000,20000,Tarjeta,26/05/2024
1144,Paula Romero,Mendoza Ciudad,2024-06,Defensa Personal,M,39,Activo,25000,0,Tarjeta,26/05/2024
1144,Paula Romero,Mendoza Ciudad,2024-07,Defensa Personal,M,39,Activo,25000,0,Tarjeta,26/05/2024
1144,Paula Romero,Mendoza Ciudad,2024-08,Defensa Personal,M,39,Activo,25000,0,Tarjeta,26/05/2024
1144,Paula Romero,Mendoza Ciudad,2024-09,Defensa Personal,M,39,Activo,25000,0,Tarjeta,26/05/2024
1144,Paula Romero,Mendoza Ciudad,2024-10,Defensa Personal,M,39,Activo,25000,0,Tarjeta,26/05/2024
1144,Paula Romero,Mendoza Ciudad,2024-11,Defensa Personal,M,39,Activo,25000,0,Tarjeta,26/05/2024
1144,Paula Romero,Mendoza Ciudad,2024-12,Defensa Personal,M,39,Activo,25000,0,Tarjeta,26/05/2024
1145,Valentin Romero,Guaymallen,2024-05,Yoga,F,28,Activo,25000,20000,Efectivo,26/05/2024
1145,Valentin Romero,Guaymallen,2024-06,Yoga,F,28,Activo,25000,0,Efectivo,26/05/2024
1145,Valentin Romero,Guaymallen,2024-07,Yoga,F,28,Activo,25000,0,Efectivo,26/05/2024
1145,Valentin Romero,Guaymallen,2024-08,Yoga,F,28,Inactivo,0,0,Efectivo,26/05/2024
1145,Valentin Romero,Guaymallen,2024-09,Yoga,F,28,Activo,25000,0,Efectivo,26/05/2024
1145,Valentin Romero,Guaymallen,2024-10,Yoga,F,28,Activo,25000,0,Efectivo,26/05/2024
1145,Valentin Romero,Guaymallen,2024-11,Yoga,F,28,Activo,25000,0,Efectivo,26/05/2024
1145,Valentin Romero,Guaymallen,2024-12,Yoga,F,28,Activo,25000,0,Efectivo,26/05/2024
1146,Florencia Cruz,Godoy Cruz,2024-03,Yoga,F,28,Activo,25000,20000,Tarjeta,04/03/2024
1146,Florencia Cruz,Godoy Cruz,2024-04,Yoga,F,28,Activo,25000,0,Tarjeta,04/03/2024
1146,Florencia Cruz,Godoy Cruz,2024-05,Yoga,F,28,Activo,25000,0,Tarjeta,04/03/2024
1146,Florencia Cruz,Godoy Cruz,2024-06,Yoga,F,28,Activo,25000,0,Tarjeta,04/03/2024
1146,Florencia Cruz,Godoy Cruz,2024-07,Yoga,F,28,Activo,25000,0,Tarjeta,04/03/2024
1146,Florencia Cruz,Godoy Cruz,2024-08,Yoga,F,28,Activo,25000,0,Tarjeta,04/03/2024
1146,Florencia Cruz,Godoy Cruz,2024-09,Yoga,F,28,Activo,25000,0,Tarjeta,04/03/2024
1146,Florencia Cruz,Godoy Cruz,2024-10,Yoga,F,28,Activo,25000,0,Tarjeta,04/03/2024
1146,Florencia Cruz,Godoy Cruz,2024-11,Yoga,F,28,Activo,25000,0,Tarjeta,04/03/2024
1146,Florencia Cruz,Godoy Cruz,2024-12,Yoga,F,28,Activo,25000,0,Tarjeta,04/03/2024
1147,Agustin Vega,Godoy Cruz,2024-08,Funcional,M,18,Activo,35000,20000,Transferencia,10/08/2024
1147,Agustin Vega,Godoy Cruz,2024-09,Funcional,M,18,Activo,35000,0,Transferencia,10/08/2024
1147,Agustin Vega,Godoy Cruz,2024-10,Funcional,M,18,Activo,35000,0,Transferencia,10/08/2024
1147,Agustin Vega,Godoy Cruz,2024-11,Funcional,M,18,Activo,35000,0,Transferencia,10/08/2024
1147,Agustin Vega,Godoy Cruz,2024-12,Funcional,M,18,Activo,35000,0,Transferencia,10/08/2024
1148,Micaela Romero,Mendoza Ciudad,2024-12,Funcional,M,20,Activo,35000,20000,Tarjeta,08/12/2024
1149,Carlos Rodriguez,Mendoza Ciudad,2024-01,Musculacion,M,32,Activo,35000,20000,Efectivo,26/01/2024
1149,Carlos Rodriguez,Mendoza Ciudad,2024-02,Musculacion,M,32,Activo,35000,0,Efectivo,26/01/2024
1149,Carlos Rodriguez,Mendoza Ciudad,2024-03,Musculacion,M,32,Activo,35000,0,Efectivo,26/01/2024
1149,Carlos Rodriguez,Mendoza Ciudad,2024-04,Musculacion,M,32,Activo,35000,0,Efectivo,26/01/2024
1149,Carlos Rodriguez,Mendoza Ciudad,2024-05,Musculacion,M,32,Activo,35000,0,Efectivo,26/01/2024
1149,Carlos Rodriguez,Mendoza Ciudad,2024-06,Musculacion,M,32,Inactivo,0,0,Efectivo,26/01/2024
1149,Carlos Rodriguez,Mendoza Ciudad,2024-07,Musculacion,M,32,Inactivo,0,0,Efectivo,26/01/2024
1149,Carlos Rodriguez,Mendoza Ciudad,2024-08,Musculacion,M,32,Inactivo,0,0,Efectivo,26/01/2024
1149,Carlos Rodriguez,Mendoza Ciudad,2024-09,Musculacion,M,32,Activo,35000,0,Efectivo,26/01/2024
1149,Carlos Rodriguez,Mendoza Ciudad,2024-10,Musculacion,M,32,Activo,35000,0,Efectivo,26/01/2024
1149,Carlos Rodriguez,Mendoza Ciudad,2024-11,Musculacion,M,32,Activo,35000,0,Efectivo,26/01/2024
1149,Carlos Rodriguez,Mendoza Ciudad,2024-12,Musculacion,M,32,Activo,35000,0,Efectivo,26/01/2024
1150,Ezequiel Navarro,Maipu,2024-01,Funcional,M,27,Activo,35000,20000,Efectivo,17/01/2024
1150,Ezequiel Navarro,Maipu,2024-02,Funcional,M,27,Activo,35000,0,Efectivo,17/01/2024
1150,Ezequiel Navarro,Maipu,2024-03,Funcional,M,27,Activo,35000,0,Efectivo,17/01/2024
1150,Ezequiel Navarro,Maipu,2024-04,Funcional,M,27,Activo,35000,0,Efectivo,17/01/2024
1150,Ezequiel Navarro,Maipu,2024-05,Funcional,M,27,Activo,35000,0,Efectivo,17/01/2024
1150,Ezequiel Navarro,Maipu,2024-06,Funcional,M,27,Activo,35000,0,Efectivo,17/01/2024
1150,Ezequiel Navarro,Maipu,2024-07,Funcional,M,27,Activo,35000,0,Efectivo,17/01/2024
1150,Ezequiel Navarro,Maipu,2024-08,Funcional,M,27,Inactivo,0,0,Efectivo,17/01/2024
1150,Ezequiel Navarro,Maipu,2024-09,Funcional,M,27,Inactivo,0,0,Efectivo,17/01/2024
1150,Ezequiel Navarro,Maipu,2024-10,Funcional,M,27,Activo,35000,0,Efectivo,17/01/2024
1150,Ezequiel Navarro,Maipu,2024-11,Funcional,M,27,Activo,35000,0,Efectivo,17/01/2024
1150,Ezequiel Navarro,Maipu,2024-12,Funcional,M,27,Inactivo,0,0,Efectivo,17/01/2024
1151,Juan Lopez,Lujan de Cuyo,2024-11,Funcional,F,33,Activo,35000,20000,Efectivo,11/11/2024
1151,Juan Lopez,Lujan de Cuyo,2024-12,Funcional,F,33,Activo,35000,0,Efectivo,11/11/2024
1152,Paula Perez,Lujan de Cuyo,2024-08,Musculacion,F,32,Activo,35000,20000,Transferencia,26/08/2024
1152,Paula Perez,Lujan de Cuyo,2024-09,Musculacion,F,32,Activo,35000,0,Transferencia,26/08/2024
1152,Paula Perez,Lujan de Cuyo,2024-10,Musculacion,F,32,Activo,35000,0,Transferencia,26/08/2024
1152,Paula Perez,Lujan de Cuyo,2024-11,Musculacion,F,32,Activo,35000,0,Transferencia,26/08/2024
1152,Paula Perez,Lujan de Cuyo,2024-12,Musculacion,F,32,Activo,35000,0,Transferencia,26/08/2024
1153,Sofia Medina,Mendoza Ciudad,2024-11,Yoga,F,37,Activo,25000,20000,Tarjeta,20/11/2024
1153,Sofia Medina,Mendoza Ciudad,2024-12,Yoga,F,37,Activo,25000,0,Tarjeta,20/11/2024
1154,Ezequiel Garcia,Mendoza Ciudad,2024-11,Spinning,M,49,Activo,25000,20000,Tarjeta,13/11/2024
1154,Ezequiel Garcia,Mendoza Ciudad,2024-12,Spinning,M,49,Activo,25000,0,Tarjeta,13/11/2024
1155,Florencia Rios,Godoy Cruz,2024-11,Musculacion,F,32,Activo,35000,20000,Tarjeta,28/11/2024
1155,Florencia Rios,Godoy Cruz,2024-12,Musculacion,F,32,Activo,35000,0,Tarjeta,28/11/2024
1156,Julieta Dominguez,Guaymallen,2024-02,Funcional,F,31,Activo,35000,20000,Transferencia,22/02/2024
1156,Julieta Dominguez,Guaymallen,2024-03,Funcional,F,31,Activo,35000,0,Transferencia,22/02/2024
1156,Julieta Dominguez,Guaymallen,2024-04,Funcional,F,31,Inactivo,0,0,Transferencia,22/02/2024
1156,Julieta Dominguez,Guaymallen,2024-05,Funcional,F,31,Activo,35000,0,Transferencia,22/02/2024
1156,Julieta Dominguez,Guaymallen,2024-06,Funcional,F,31,Inactivo,0,0,Transferencia,22/02/2024
1156,Julieta Dominguez,Guaymallen,2024-07,Funcional,F,31,Activo,35000,0,Transferencia,22/02/2024
1156,Julieta Dominguez,Guaymallen,2024-08,Funcional,F,31,Activo,35000,0,Transferencia,22/02/2024
1156,Julieta Dominguez,Guaymallen,2024-09,Funcional,F,31,Activo,35000,0,Transferencia,22/02/2024
1156,Julieta Dominguez,Guaymallen,2024-10,Funcional,F,31,Inactivo,0,0,Transferencia,22/02/2024
1156,Julieta Dominguez,Guaymallen,2024-11,Funcional,F,31,Inactivo,0,0,Transferencia,22/02/2024
1156,Julieta Dominguez,Guaymallen,2024-12,Funcional,F,31,Activo,35000,0,Transferencia,22/02/2024
1157,Ezequiel Molina,Godoy Cruz,2024-03,Musculacion,M,30,Activo,35000,20000,Efectivo,04/03/2024
1157,Ezequiel Molina,Godoy Cruz,2024-04,Musculacion,M,30,Inactivo,0,0,Efectivo,04/03/2024
1157,Ezequiel Molina,Godoy Cruz,2024-05,Musculacion,M,30,Activo,35000,0,Efectivo,04/03/2024
1157,Ezequiel Molina,Godoy Cruz,2024-06,Musculacion,M,30,Inactivo,0,0,Efectivo,04/03/2024
1157,Ezequiel Molina,Godoy Cruz,2024-07,Musculacion,M,30,Inactivo,0,0,Efectivo,04/03/2024
1157,Ezequiel Molina,Godoy Cruz,2024-08,Musculacion,M,30,Activo,35000,0,Efectivo,04/03/2024
1157,Ezequiel Molina,Godoy Cruz,2024-09,Musculacion,M,30,Activo,35000,0,Efectivo,04/03/2024
1157,Ezequiel Molina,Godoy Cruz,2024-10,Musculacion,M,30,Activo,35000,0,Efectivo,04/03/2024
1157,Ezequiel Molina,Godoy Cruz,2024-11,Musculacion,M,30,Activo,35000,0,Efectivo,04/03/2024
1157,Ezequiel Molina,Godoy Cruz,2024-12,Musculacion,M,30,Inactivo,0,0,Efectivo,04/03/2024
1158,Tomas Medina,Mendoza Ciudad,2024-05,Yoga,F,29,Activo,25000,20000,Tarjeta,10/05/2024
1158,Tomas Medina,Mendoza Ciudad,2024-06,Yoga,F,29,Inactivo,0,0,Tarjeta,10/05/2024
1158,Tomas Medina,Mendoza Ciudad,2024-07,Yoga,F,29,Inactivo,0,0,Tarjeta,10/05/2024
1158,Tomas Medina,Mendoza Ciudad,2024-08,Yoga,F,29,Inactivo,0,0,Tarjeta,10/05/2024
1158,Tomas Medina,Mendoza Ciudad,2024-09,Yoga,F,29,Activo,25000,0,Tarjeta,10/05/2024
1158,Tomas Medina,Mendoza Ciudad,2024-10,Yoga,F,29,Activo,25000,0,Tarjeta,10/05/2024
1158,Tomas Medina,Mendoza Ciudad,2024-11,Yoga,F,29,Activo,25000,0,Tarjeta,10/05/2024
1158,Tomas Medina,Mendoza Ciudad,2024-12,Yoga,F,29,Activo,25000,0,Tarjeta,10/05/2024
1159,Micaela Lopez,Mendoza Ciudad,2024-07,Funcional,F,34,Activo,35000,20000,Tarjeta,10/07/2024
1159,Micaela Lopez,Mendoza Ciudad,2024-08,Funcional,F,34,Activo,35000,0,Tarjeta,10/07/2024
1159,Micaela Lopez,Mendoza Ciudad,2024-09,Funcional,F,34,Activo,35000,0,Tarjeta,10/07/2024
1159,Micaela Lopez,Mendoza Ciudad,2024-10,Funcional,F,34,Activo,35000,0,Tarjeta,10/07/2024
1159,Micaela Lopez,Mendoza Ciudad,2024-11,Funcional,F,34,Activo,35000,0,Tarjeta,10/07/2024
1159,Micaela Lopez,Mendoza Ciudad,2024-12,Funcional,F,34,Activo,35000,0,Tarjeta,10/07/2024
1160,Juan Garcia,Guaymallen,2024-05,Defensa Personal,M,25,Activo,25000,20000,Tarjeta,06/05/2024
1160,Juan Garcia,Guaymallen,2024-06,Defensa Personal,M,25,Inactivo,0,0,Tarjeta,06/05/2024
1160,Juan Garcia,Guaymallen,2024-07,Defensa Personal,M,25,Inactivo,0,0,Tarjeta,06/05/2024
1160,Juan Garcia,Guaymallen,2024-08,Defensa Personal,M,25,Activo,25000,0,Tarjeta,06/05/2024
1160,Juan Garcia,Guaymallen,2024-09,Defensa Personal,M,25,Activo,25000,0,Tarjeta,06/05/2024
1160,Juan Garcia,Guaymallen,2024-10,Defensa Personal,M,25,Activo,25000,0,Tarjeta,06/05/2024
1160,Juan Garcia,Guaymallen,2024-11,Defensa Personal,M,25,Activo,25000,0,Tarjeta,06/05/2024
1160,Juan Garcia,Guaymallen,2024-12,Defensa Personal,M,25,Activo,25000,0,Tarjeta,06/05/2024
1161,Tomas Gomez,Mendoza Ciudad,2024-10,Spinning,M,52,Activo,25000,20000,Transferencia,23/10/2024
1161,Tomas Gomez,Mendoza Ciudad,2024-11,Spinning,M,52,Activo,25000,0,Transferencia,23/10/2024
1161,Tomas Gomez,Mendoza Ciudad,2024-12,Spinning,M,52,Activo,25000,0,Transferencia,23/10/2024
1162,Paula Vega,Guaymallen,2024-05,Spinning,F,39,Activo,25000,20000,Tarjeta,23/05/2024
1162,Paula Vega,Guaymallen,2024-06,Spinning,F,39,Activo,25000,0,Tarjeta,23/05/2024
1162,Paula Vega,Guaymallen,2024-07,Spinning,F,39,Activo,25000,0,Tarjeta,23/05/2024
1162,Paula Vega,Guaymallen,2024-08,Spinning,F,39,Inactivo,0,0,Tarjeta,23/05/2024
1162,Paula Vega,Guaymallen,2024-09,Spinning,F,39,Inactivo,0,0,Tarjeta,23/05/2024
1162,Paula Vega,Guaymallen,2024-10,Spinning,F,39,Activo,25000,0,Tarjeta,23/05/2024
1162,Paula Vega,Guaymallen,2024-11,Spinning,F,39,Activo,25000,0,Tarjeta,23/05/2024
1162,Paula Vega,Guaymallen,2024-12,Spinning,F,39,Activo,25000,0,Tarjeta,23/05/2024
1163,Franco Herrera,Lujan de Cuyo,2024-10,Musculacion,M,36,Activo,35000,20000,Tarjeta,21/10/2024
1163,Franco Herrera,Lujan de Cuyo,2024-11,Musculacion,M,36,Inactivo,0,0,Tarjeta,21/10/2024
1163,Franco Herrera,Lujan de Cuyo,2024-12,Musculacion,M,36,Activo,35000,0,Tarjeta,21/10/2024
1164,Catalina Torres,Mendoza Ciudad,2024-03,Musculacion,M,48,Activo,35000,20000,Tarjeta,24/03/2024
1164,Catalina Torres,Mendoza Ciudad,2024-04,Musculacion,M,48,Activo,35000,0,Tarjeta,24/03/2024
1164,Catalina Torres,Mendoza Ciudad,2024-05,Musculacion,M,48,Activo,35000,0,Tarjeta,24/03/2024
1164,Catalina Torres,Mendoza Ciudad,2024-06,Musculacion,M,48,Activo,35000,0,Tarjeta,24/03/2024
1164,Catalina Torres,Mendoza Ciudad,2024-07,Musculacion,M,48,Activo,35000,0,Tarjeta,24/03/2024
1164,Catalina Torres,Mendoza Ciudad,2024-08,Musculacion,M,48,Activo,35000,0,Tarjeta,24/03/2024
1164,Catalina Torres,Mendoza Ciudad,2024-09,Musculacion,M,48,Activo,35000,0,Tarjeta,24/03/2024
1164,Catalina Torres,Mendoza Ciudad,2024-10,Musculacion,M,48,Activo,35000,0,Tarjeta,24/03/2024
1164,Catalina Torres,Mendoza Ciudad,2024-11,Musculacion,M,48,Activo,35000,0,Tarjeta,24/03/2024
1164,Catalina Torres,Mendoza Ciudad,2024-12,Musculacion,M,48,Activo,35000,0,Tarjeta,24/03/2024
1165,Carlos Cruz,Mendoza Ciudad,2024-12,Spinning,F,40,Activo,25000,0,Transferencia,22/12/2024
1165,Carlos Cruz,Mendoza Ciudad,2024-12,Funcional,F,40,Activo,35000,20000,Transferencia,22/12/2024
1166,Camila Romero,Lujan de Cuyo,2024-01,Musculacion,F,40,Activo,35000,20000,Tarjeta,14/01/2024
1166,Camila Romero,Lujan de Cuyo,2024-01,Funcional,F,40,Inactivo,0,0,Tarjeta,14/01/2024
1166,Camila Romero,Lujan de Cuyo,2024-02,Musculacion,F,40,Activo,35000,0,Tarjeta,14/01/2024
1166,Camila Romero,Lujan de Cuyo,2024-02,Funcional,F,40,Activo,35000,0,Tarjeta,14/01/2024
1166,Camila Romero,Lujan de Cuyo,2024-03,Musculacion,F,40,Activo,35000,0,Tarjeta,14/01/2024
1166,Camila Romero,Lujan de Cuyo,2024-03,Funcional,F,40,Inactivo,0,0,Tarjeta,14/01/2024
1166,Camila Romero,Lujan de Cuyo,2024-04,Musculacion,F,40,Activo,35000,0,Tarjeta,14/01/2024
1166,Camila Romero,Lujan de Cuyo,2024-04,Funcional,F,40,Activo,35000,0,Tarjeta,14/01/2024
1166,Camila Romero,Lujan de Cuyo,2024-05,Musculacion,F,40,Activo,35000,0,Tarjeta,14/01/2024
1166,Camila Romero,Lujan de Cuyo,2024-05,Funcional,F,40,Activo,35000,0,Tarjeta,14/01/2024
1166,Camila Romero,Lujan de Cuyo,2024-06,Musculacion,F,40,Activo,35000,0,Tarjeta,14/01/2024
1166,Camila Romero,Lujan de Cuyo,2024-06,Funcional,F,40,Inactivo,0,0,Tarjeta,14/01/2024
1166,Camila Romero,Lujan de Cuyo,2024-07,Musculacion,F,40,Activo,35000,0,Tarjeta,14/01/2024
1166,Camila Romero,Lujan de Cuyo,2024-07,Funcional,F,40,Inactivo,0,0,Tarjeta,14/01/2024
1166,Camila Romero,Lujan de Cuyo,2024-08,Musculacion,F,40,Activo,35000,0,Tarjeta,14/01/2024
1166,Camila Romero,Lujan de Cuyo,2024-08,Funcional,F,40,Inactivo,0,0,Tarjeta,14/01/2024
1166,Camila Romero,Lujan de Cuyo,2024-09,Musculacion,F,40,Activo,35000,0,Tarjeta,14/01/2024
1166,Camila Romero,Lujan de Cuyo,2024-09,Funcional,F,40,Inactivo,0,0,Tarjeta,14/01/2024
1166,Camila Romero,Lujan de Cuyo,2024-10,Musculacion,F,40,Inactivo,0,0,Tarjeta,14/01/2024
1166,Camila Romero,Lujan de Cuyo,2024-10,Funcional,F,40,Activo,35000,0,Tarjeta,14/01/2024
1166,Camila Romero,Lujan de Cuyo,2024-11,Musculacion,F,40,Activo,35000,0,Tarjeta,14/01/2024
1166,Camila Romero,Lujan de Cuyo,2024-11,Funcional,F,40,Activo,35000,0,Tarjeta,14/01/2024
1166,Camila Romero,Lujan de Cuyo,2024-12,Musculacion,F,40,Activo,35000,0,Tarjeta,14/01/2024
1166,Camila Romero,Lujan de Cuyo,2024-12,Funcional,F,40,Activo,35000,0,Tarjeta,14/01/2024
1167,Lucia Garcia,Guaymallen,2024-07,Spinning,M,29,Activo,25000,20000,Efectivo,25/07/2024
1167,Lucia Garcia,Guaymallen,2024-08,Spinning,M,29,Activo,25000,0,Efectivo,25/07/2024
1167,Lucia Garcia,Guaymallen,2024-09,Spinning,M,29,Activo,25000,0,Efectivo,25/07/2024
1167,Lucia Garcia,Guaymallen,2024-10,Spinning,M,29,Activo,25000,0,Efectivo,25/07/2024
1167,Lucia Garcia,Guaymallen,2024-11,Spinning,M,29,Activo,25000,0,Efectivo,25/07/2024
1167,Lucia Garcia,Guaymallen,2024-12,Spinning,M,29,Activo,25000,0,Efectivo,25/07/2024
1168,Agustin Rodriguez,Mendoza Ciudad,2024-07,Musculacion,M,22,Activo,35000,20000,Transferencia,26/07/2024
1168,Agustin Rodriguez,Mendoza Ciudad,2024-08,Musculacion,M,22,Activo,35000,0,Transferencia,26/07/2024
1168,Agustin Rodriguez,Mendoza Ciudad,2024-09,Musculacion,M,22,Activo,35000,0,Transferencia,26/07/2024
1168,Agustin Rodriguez,Mendoza Ciudad,2024-10,Musculacion,M,22,Activo,35000,0,Transferencia,26/07/2024
1168,Agustin Rodriguez,Mendoza Ciudad,2024-11,Musculacion,M,22,Activo,35000,0,Transferencia,26/07/2024
1168,Agustin Rodriguez,Mendoza Ciudad,2024-12,Musculacion,M,22,Activo,35000,0,Transferencia,26/07/2024
1169,Juan Fernandez,Mendoza Ciudad,2024-01,Funcional,M,23,Activo,35000,20000,Efectivo,19/01/2024
1169,Juan Fernandez,Mendoza Ciudad,2024-02,Funcional,M,23,Activo,35000,0,Efectivo,19/01/2024
1169,Juan Fernandez,Mendoza Ciudad,2024-03,Funcional,M,23,Activo,35000,0,Efectivo,19/01/2024
1169,Juan Fernandez,Mendoza Ciudad,2024-04,Funcional,M,23,Activo,35000,0,Efectivo,19/01/2024
1169,Juan Fernandez,Mendoza Ciudad,2024-05,Funcional,M,23,Inactivo,0,0,Efectivo,19/01/2024
1169,Juan Fernandez,Mendoza Ciudad,2024-06,Funcional,M,23,Activo,35000,0,Efectivo,19/01/2024
1169,Juan Fernandez,Mendoza Ciudad,2024-07,Funcional,M,23,Activo,35000,0,Efectivo,19/01/2024
1169,Juan Fernandez,Mendoza Ciudad,2024-08,Funcional,M,23,Activo,35000,0,Efectivo,19/01/2024
1169,Juan Fernandez,Mendoza Ciudad,2024-09,Funcional,M,23,Activo,35000,0,Efectivo,19/01/2024
1169,Juan Fernandez,Mendoza Ciudad,2024-10,Funcional,M,23,Activo,35000,0,Efectivo,19/01/2024
1169,Juan Fernandez,Mendoza Ciudad,2024-11,Funcional,M,23,Activo,35000,0,Efectivo,19/01/2024
1169,Juan Fernandez,Mendoza Ciudad,2024-12,Funcional,M,23,Activo,35000,0,Efectivo,19/01/2024
1170,Camila Fernandez,Maipu,2024-05,Musculacion,M,22,Activo,35000,20000,Tarjeta,16/05/2024
1170,Camila Fernandez,Maipu,2024-06,Musculacion,M,22,Activo,35000,0,Tarjeta,16/05/2024
1170,Camila Fernandez,Maipu,2024-07,Musculacion,M,22,Inactivo,0,0,Tarjeta,16/05/2024
1170,Camila Fernandez,Maipu,2024-08,Musculacion,M,22,Inactivo,0,0,Tarjeta,16/05/2024
1170,Camila Fernandez,Maipu,2024-09,Musculacion,M,22,Inactivo,0,0,Tarjeta,16/05/2024
1170,Camila Fernandez,Maipu,2024-10,Musculacion,M,22,Activo,35000,0,Tarjeta,16/05/2024
1170,Camila Fernandez,Maipu,2024-11,Musculacion,M,22,Activo,35000,0,Tarjeta,16/05/2024
1170,Camila Fernandez,Maipu,2024-12,Musculacion,M,22,Activo,35000,0,Tarjeta,16/05/2024
1171,Milagros Navarro,Mendoza Ciudad,2024-11,Funcional,M,49,Activo,35000,20000,Tarjeta,16/11/2024
1171,Milagros Navarro,Mendoza Ciudad,2024-12,Funcional,M,49,Activo,35000,0,Tarjeta,16/11/2024
1172,Maria Romero,Mendoza Ciudad,2024-04,Spinning,F,29,Activo,25000,20000,Efectivo,13/04/2024
1172,Maria Romero,Mendoza Ciudad,2024-05,Spinning,F,29,Activo,25000,0,Efectivo,13/04/2024
1172,Maria Romero,Mendoza Ciudad,2024-06,Spinning,F,29,Inactivo,0,0,Efectivo,13/04/2024
1172,Maria Romero,Mendoza Ciudad,2024-07,Spinning,F,29,Activo,25000,0,Efectivo,13/04/2024
1172,Maria Romero,Mendoza Ciudad,2024-08,Spinning,F,29,Inactivo,0,0,Efectivo,13/04/2024
1172,Maria Romero,Mendoza Ciudad,2024-09,Spinning,F,29,Activo,25000,0,Efectivo,13/04/2024
1172,Maria Romero,Mendoza Ciudad,2024-10,Spinning,F,29,Activo,25000,0,Efectivo,13/04/2024
1172,Maria Romero,Mendoza Ciudad,2024-11,Spinning,F,29,Inactivo,0,0,Efectivo,13/04/2024
1172,Maria Romero,Mendoza Ciudad,2024-12,Spinning,F,29,Activo,25000,0,Efectivo,13/04/2024
1173,Florencia Gimenez,Godoy Cruz,2024-12,Funcional,F,31,Activo,35000,20000,Transferencia,12/12/2024
1174,Paula Perez,Mendoza Ciudad,2024-01,Spinning,F,27,Activo,25000,20000,Tarjeta,01/01/2024
1174,Paula Perez,Mendoza Ciudad,2024-02,Spinning,F,27,Activo,25000,0,Tarjeta,01/01/2024
1174,Paula Perez,Mendoza Ciudad,2024-03,Spinning,F,27,Activo,25000,0,Tarjeta,01/01/2024
1174,Paula Perez,Mendoza Ciudad,2024-04,Spinning,F,27,Activo,25000,0,Tarjeta,01/01/2024
1174,Paula Perez,Mendoza Ciudad,2024-05,Spinning,F,27,Activo,25000,0,Tarjeta,01/01/2024
1174,Paula Perez,Mendoza Ciudad,2024-06,Spinning,F,27,Activo,25000,0,Tarjeta,01/01/2024
1174,Paula Perez,Mendoza Ciudad,2024-07,Spinning,F,27,Inactivo,0,0,Tarjeta,01/01/2024
1174,Paula Perez,Mendoza Ciudad,2024-08,Spinning,F,27,Activo,25000,0,Tarjeta,01/01/2024
1174,Paula Perez,Mendoza Ciudad,2024-09,Spinning,F,27,Activo,25000,0,Tarjeta,01/01/2024
1174,Paula Perez,Mendoza Ciudad,2024-10,Spinning,F,27,Activo,25000,0,Tarjeta,01/01/2024
1174,Paula Perez,Mendoza Ciudad,2024-11,Spinning,F,27,Activo,25000,0,Tarjeta,01/01/2024
1174,Paula Perez,Mendoza Ciudad,2024-12,Spinning,F,27,Activo,25000,0,Tarjeta,01/01/2024
1175,Lucia Gimenez,Godoy Cruz,2024-03,Defensa Personal,M,28,Activo,25000,20000,Transferencia,16/03/2024
1175,Lucia Gimenez,Godoy Cruz,2024-04,Defensa Personal,M,28,Activo,25000,0,Transferencia,16/03/2024
1175,Lucia Gimenez,Godoy Cruz,2024-05,Defensa Personal,M,28,Inactivo,0,0,Transferencia,16/03/2024
1175,Lucia Gimenez,Godoy Cruz,2024-06,Defensa Personal,M,28,Inactivo,0,0,Transferencia,16/03/2024
1175,Lucia Gimenez,Godoy Cruz,2024-07,Defensa Personal,M,28,Activo,25000,0,Transferencia,16/03/2024
1175,Lucia Gimenez,Godoy Cruz,2024-08,Defensa Personal,M,28,Activo,25000,0,Transferencia,16/03/2024
1175,Lucia Gimenez,Godoy Cruz,2024-09,Defensa Personal,M,28,Activo,25000,0,Transferencia,16/03/2024
1175,Lucia Gimenez,Godoy Cruz,2024-10,Defensa Personal,M,28,Activo,25000,0,Transferencia,16/03/2024
1175,Lucia Gimenez,Godoy Cruz,2024-11,Defensa Personal,M,28,Activo,25000,0,Transferencia,16/03/2024
1175,Lucia Gimenez,Godoy Cruz,2024-12,Defensa Personal,M,28,Inactivo,0,0,Transferencia,16/03/2024
1176,Milagros Gomez,Maipu,2024-04,Spinning,M,30,Activo,25000,20000,Transferencia,08/04/2024
1176,Milagros Gomez,Maipu,2024-05,Spinning,M,30,Activo,25000,0,Transferencia,08/04/2024
1176,Milagros Gomez,Maipu,2024-06,Spinning,M,30,Inactivo,0,0,Transferencia,08/04/2024
1176,Milagros Gomez,Maipu,2024-07,Spinning,M,30,Inactivo,0,0,Transferencia,08/04/2024
1176,Milagros Gomez,Maipu,2024-08,Spinning,M,30,Activo,25000,0,Transferencia,08/04/2024
1176,Milagros Gomez,Maipu,2024-09,Spinning,M,30,Activo,25000,0,Transferencia,08/04/2024
1176,Milagros Gomez,Maipu,2024-10,Spinning,M,30,Activo,25000,0,Transferencia,08/04/2024
1176,Milagros Gomez,Maipu,2024-11,Spinning,M,30,Inactivo,0,0,Transferencia,08/04/2024
1176,Milagros Gomez,Maipu,2024-12,Spinning,M,30,Inactivo,0,0,Transferencia,08/04/2024
1177,Pedro Sanchez,Mendoza Ciudad,2024-11,Spinning,M,47,Activo,25000,20000,Tarjeta,20/11/2024
1177,Pedro Sanchez,Mendoza Ciudad,2024-12,Spinning,M,47,Inactivo,0,0,Tarjeta,20/11/2024
1178,Paula Navarro,Mendoza Ciudad,2024-02,Spinning,F,29,Activo,25000,20000,Efectivo,23/02/2024
1178,Paula Navarro,Mendoza Ciudad,2024-03,Spinning,F,29,Activo,25000,0,Efectivo,23/02/2024
1178,Paula Navarro,Mendoza Ciudad,2024-04,Spinning,F,29,Activo,25000,0,Efectivo,23/02/2024
1178,Paula Navarro,Mendoza Ciudad,2024-05,Spinning,F,29,Inactivo,0,0,Efectivo,23/02/2024
1178,Paula Navarro,Mendoza Ciudad,2024-06,Spinning,F,29,Activo,25000,0,Efectivo,23/02/2024
1178,Paula Navarro,Mendoza Ciudad,2024-07,Spinning,F,29,Activo,25000,0,Efectivo,23/02/2024
1178,Paula Navarro,Mendoza Ciudad,2024-08,Spinning,F,29,Activo,25000,0,Efectivo,23/02/2024
1178,Paula Navarro,Mendoza Ciudad,2024-09,Spinning,F,29,Activo,25000,0,Efectivo,23/02/2024
1178,Paula Navarro,Mendoza Ciudad,2024-10,Spinning,F,29,Activo,25000,0,Efectivo,23/02/2024
1178,Paula Navarro,Mendoza Ciudad,2024-11,Spinning,F,29,Activo,25000,0,Efectivo,23/02/2024
1178,Paula Navarro,Mendoza Ciudad,2024-12,Spinning,F,29,Activo,25000,0,Efectivo,23/02/2024
1179,Milagros Dominguez,Mendoza Ciudad,2024-03,Musculacion,F,43,Activo,35000,20000,Efectivo,17/03/2024
1179,Milagros Dominguez,Mendoza Ciudad,2024-04,Musculacion,F,43,Activo,35000,0,Efectivo,17/03/2024
1179,Milagros Dominguez,Mendoza Ciudad,2024-05,Musculacion,F,43,Activo,35000,0,Efectivo,17/03/2024
1179,Milagros Dominguez,Mendoza Ciudad,2024-06,Musculacion,F,43,Activo,35000,0,Efectivo,17/03/2024
1179,Milagros Dominguez,Mendoza Ciudad,2024-07,Musculacion,F,43,Activo,35000,0,Efectivo,17/03/2024
1179,Milagros Dominguez,Mendoza Ciudad,2024-08,Musculacion,F,43,Inactivo,0,0,Efectivo,17/03/2024
1179,Milagros Dominguez,Mendoza Ciudad,2024-09,Musculacion,F,43,Activo,35000,0,Efectivo,17/03/2024
1179,Milagros Dominguez,Mendoza Ciudad,2024-10,Musculacion,F,43,Activo,35000,0,Efectivo,17/03/2024
1179,Milagros Dominguez,Mendoza Ciudad,2024-11,Musculacion,F,43,Activo,35000,0,Efectivo,17/03/2024
1179,Milagros Dominguez,Mendoza Ciudad,2024-12,Musculacion,F,43,Activo,35000,0,Efectivo,17/03/2024
1180,Bruno Suarez,Guaymallen,2024-07,Yoga,F,25,Activo,25000,20000,Transferencia,11/07/2024
1180,Bruno Suarez,Guaymallen,2024-08,Yoga,F,25,Inactivo,0,0,Transferencia,11/07/2024
1180,Bruno Suarez,Guaymallen,2024-09,Yoga,F,25,Activo,25000,0,Transferencia,11/07/2024
1180,Bruno Suarez,Guaymallen,2024-10,Yoga,F,25,Activo,25000,0,Transferencia,11/07/2024
1180,Bruno Suarez,Guaymallen,2024-11,Yoga,F,25,Inactivo,0,0,Transferencia,11/07/2024
1180,Bruno Suarez,Guaymallen,2024-12,Yoga,F,25,Activo,25000,0,Transferencia,11/07/2024
1181,Pedro Cruz,Mendoza Ciudad,2024-08,Musculacion,F,46,Activo,35000,20000,Tarjeta,09/08/2024
1181,Pedro Cruz,Mendoza Ciudad,2024-09,Musculacion,F,46,Activo,35000,0,Tarjeta,09/08/2024
1181,Pedro Cruz,Mendoza Ciudad,2024-10,Musculacion,F,46,Activo,35000,0,Tarjeta,09/08/2024
1181,Pedro Cruz,Mendoza Ciudad,2024-11,Musculacion,F,46,Activo,35000,0,Tarjeta,09/08/2024
1181,Pedro Cruz,Mendoza Ciudad,2024-12,Musculacion,F,46,Activo,35000,0,Tarjeta,09/08/2024
1182,Agustin Lopez,Lujan de Cuyo,2024-12,Musculacion,M,26,Activo,35000,20000,Tarjeta,06/12/2024
1183,Valentin Cruz,Guaymallen,2024-01,Defensa Personal,M,49,Activo,25000,20000,Efectivo,21/01/2024
1183,Valentin Cruz,Guaymallen,2024-02,Defensa Personal,M,49,Inactivo,0,0,Efectivo,21/01/2024
1183,Valentin Cruz,Guaymallen,2024-03,Defensa Personal,M,49,Activo,25000,0,Efectivo,21/01/2024
1183,Valentin Cruz,Guaymallen,2024-04,Defensa Personal,M,49,Activo,25000,0,Efectivo,21/01/2024
1183,Valentin Cruz,Guaymallen,2024-05,Defensa Personal,M,49,Activo,25000,0,Efectivo,21/01/2024
1183,Valentin Cruz,Guaymallen,2024-06,Defensa Personal,M,49,Activo,25000,0,Efectivo,21/01/2024
1183,Valentin Cruz,Guaymallen,2024-07,Defensa Personal,M,49,Inactivo,0,0,Efectivo,21/01/2024
1183,Valentin Cruz,Guaymallen,2024-08,Defensa Personal,M,49,Activo,25000,0,Efectivo,21/01/2024
1183,Valentin Cruz,Guaymallen,2024-09,Defensa Personal,M,49,Activo,25000,0,Efectivo,21/01/2024
1183,Valentin Cruz,Guaymallen,2024-10,Defensa Personal,M,49,Activo,25000,0,Efectivo,21/01/2024
1183,Valentin Cruz,Guaymallen,2024-11,Defensa Personal,M,49,Activo,25000,0,Efectivo,21/01/2024
1183,Valentin Cruz,Guaymallen,2024-12,Defensa Personal,M,49,Activo,25000,0,Efectivo,21/01/2024
1184,Carlos Medina,Maipu,2024-05,Musculacion,M,23,Activo,35000,20000,Tarjeta,22/05/2024
1184,Carlos Medina,Maipu,2024-06,Musculacion,M,23,Activo,35000,0,Tarjeta,22/05/2024
1184,Carlos Medina,Maipu,2024-07,Musculacion,M,23,Activo,35000,0,Tarjeta,22/05/2024
1184,Carlos Medina,Maipu,2024-08,Musculacion,M,23,Activo,35000,0,Tarjeta,22/05/2024
1184,Carlos Medina,Maipu,2024-09,Musculacion,M,23,Activo,35000,0,Tarjeta,22/05/2024
1184,Carlos Medina,Maipu,2024-10,Musculacion,M,23,Activo,35000,0,Tarjeta,22/05/2024
1184,Carlos Medina,Maipu,2024-11,Musculacion,M,23,Activo,35000,0,Tarjeta,22/05/2024
1184,Carlos Medina,Maipu,2024-12,Musculacion,M,23,Activo,35000,0,Tarjeta,22/05/2024
1185,Camila Romero,Guaymallen,2024-02,Funcional,M,49,Activo,35000,20000,Transferencia,11/02/2024
1185,Camila Romero,Guaymallen,2024-03,Funcional,M,49,Activo,35000,0,Transferencia,11/02/2024
1185,Camila Romero,Guaymallen,2024-04,Funcional,M,49,Activo,35000,0,Transferencia,11/02/2024
1185,Camila Romero,Guaymallen,2024-05,Funcional,M,49,Activo,35000,0,Transferencia,11/02/2024
1185,Camila Romero,Guaymallen,2024-06,Funcional,M,49,Inactivo,0,0,Transferencia,11/02/2024
1185,Camila Romero,Guaymallen,2024-07,Funcional,M,49,Activo,35000,0,Transferencia,11/02/2024
1185,Camila Romero,Guaymallen,2024-08,Funcional,M,49,Activo,35000,0,Transferencia,11/02/2024
1185,Camila Romero,Guaymallen,2024-09,Funcional,M,49,Activo,35000,0,Transferencia,11/02/2024
1185,Camila Romero,Guaymallen,2024-10,Funcional,M,49,Inactivo,0,0,Transferencia,11/02/2024
1185,Camila Romero,Guaymallen,2024-11,Funcional,M,49,Activo,35000,0,Transferencia,11/02/2024
1185,Camila Romero,Guaymallen,2024-12,Funcional,M,49,Activo,35000,0,Transferencia,11/02/2024
1186,Lucia Cruz,Mendoza Ciudad,2024-06,Musculacion,M,30,Activo,35000,20000,Tarjeta,02/06/2024
1186,Lucia Cruz,Mendoza Ciudad,2024-07,Musculacion,M,30,Inactivo,0,0,Tarjeta,02/06/2024
1186,Lucia Cruz,Mendoza Ciudad,2024-08,Musculacion,M,30,Inactivo,0,0,Tarjeta,02/06/2024
1186,Lucia Cruz,Mendoza Ciudad,2024-09,Musculacion,M,30,Inactivo,0,0,Tarjeta,02/06/2024
1186,Lucia Cruz,Mendoza Ciudad,2024-10,Musculacion,M,30,Activo,35000,0,Tarjeta,02/06/2024
1186,Lucia Cruz,Mendoza Ciudad,2024-11,Musculacion,M,30,Activo,35000,0,Tarjeta,02/06/2024
1186,Lucia Cruz,Mendoza Ciudad,2024-12,Musculacion,M,30,Activo,35000,0,Tarjeta,02/06/2024
1187,Milagros Vega,Mendoza Ciudad,2024-01,Yoga,F,46,Activo,25000,20000,Transferencia,10/01/2024
1187,Milagros Vega,Mendoza Ciudad,2024-02,Yoga,F,46,Activo,25000,0,Transferencia,10/01/2024
1187,Milagros Vega,Mendoza Ciudad,2024-03,Yoga,F,46,Activo,25000,0,Transferencia,10/01/2024
1187,Milagros Vega,Mendoza Ciudad,2024-04,Yoga,F,46,Activo,25000,0,Transferencia,10/01/2024
1187,Milagros Vega,Mendoza Ciudad,2024-05,Yoga,F,46,Activo,25000,0,Transferencia,10/01/2024
1187,Milagros Vega,Mendoza Ciudad,2024-06,Yoga,F,46,Activo,25000,0,Transferencia,10/01/2024
1187,Milagros Vega,Mendoza Ciudad,2024-07,Yoga,F,46,Inactivo,0,0,Transferencia,10/01/2024
1187,Milagros Vega,Mendoza Ciudad,2024-08,Yoga,F,46,Activo,25000,0,Transferencia,10/01/2024
1187,Milagros Vega,Mendoza Ciudad,2024-09,Yoga,F,46,Activo,25000,0,Transferencia,10/01/2024
1187,Milagros Vega,Mendoza Ciudad,2024-10,Yoga,F,46,Activo,25000,0,Transferencia,10/01/2024
1187,Milagros Vega,Mendoza Ciudad,2024-11,Yoga,F,46,Activo,25000,0,Transferencia,10/01/2024
1187,Milagros Vega,Mendoza Ciudad,2024-12,Yoga,F,46,Activo,25000,0,Transferencia,10/01/2024
1188,Bruno Molina,Lujan de Cuyo,2024-09,Musculacion,M,21,Activo,35000,20000,Efectivo,19/09/2024
1188,Bruno Molina,Lujan de Cuyo,2024-10,Musculacion,M,21,Activo,35000,0,Efectivo,19/09/2024
1188,Bruno Molina,Lujan de Cuyo,2024-11,Musculacion,M,21,Inactivo,0,0,Efectivo,19/09/2024
1188,Bruno Molina,Lujan de Cuyo,2024-12,Musculacion,M,21,Inactivo,0,0,Efectivo,19/09/2024
1189,Camila Molina,Mendoza Ciudad,2024-10,Spinning,M,30,Activo,25000,20000,Efectivo,10/10/2024
1189,Camila Molina,Mendoza Ciudad,2024-11,Spinning,M,30,Activo,25000,0,Efectivo,10/10/2024
1189,Camila Molina,Mendoza Ciudad,2024-12,Spinning,M,30,Activo,25000,0,Efectivo,10/10/2024
1190,Florencia Fernandez,Guaymallen,2024-08,Musculacion,M,39,Activo,35000,20000,Tarjeta,25/08/2024
1190,Florencia Fernandez,Guaymallen,2024-09,Musculacion,M,39,Activo,35000,0,Tarjeta,25/08/2024
1190,Florencia Fernandez,Guaymallen,2024-10,Musculacion,M,39,Activo,35000,0,Tarjeta,25/08/2024
1190,Florencia Fernandez,Guaymallen,2024-11,Musculacion,M,39,Activo,35000,0,Tarjeta,25/08/2024
1190,Florencia Fernandez,Guaymallen,2024-12,Musculacion,M,39,Inactivo,0,0,Tarjeta,25/08/2024
1191,Sofia Romero,Mendoza Ciudad,2024-01,Yoga,F,47,Activo,25000,20000,Tarjeta,11/01/2024
1191,Sofia Romero,Mendoza Ciudad,2024-02,Yoga,F,47,Activo,25000,0,Tarjeta,11/01/2024
1191,Sofia Romero,Mendoza Ciudad,2024-03,Yoga,F,47,Activo,25000,0,Tarjeta,11/01/2024
1191,Sofia Romero,Mendoza Ciudad,2024-04,Yoga,F,47,Activo,25000,0,Tarjeta,11/01/2024
1191,Sofia Romero,Mendoza Ciudad,2024-05,Yoga,F,47,Inactivo,0,0,Tarjeta,11/01/2024
1191,Sofia Romero,Mendoza Ciudad,2024-06,Yoga,F,47,Inactivo,0,0,Tarjeta,11/01/2024
1191,Sofia Romero,Mendoza Ciudad,2024-07,Yoga,F,47,Activo,25000,0,Tarjeta,11/01/2024
1191,Sofia Romero,Mendoza Ciudad,2024-08,Yoga,F,47,Activo,25000,0,Tarjeta,11/01/2024
1191,Sofia Romero,Mendoza Ciudad,2024-09,Yoga,F,47,Activo,25000,0,Tarjeta,11/01/2024
1191,Sofia Romero,Mendoza Ciudad,2024-10,Yoga,F,47,Activo,25000,0,Tarjeta,11/01/2024
1191,Sofia Romero,Mendoza Ciudad,2024-11,Yoga,F,47,Activo,25000,0,Tarjeta,11/01/2024
1191,Sofia Romero,Mendoza Ciudad,2024-12,Yoga,F,47,Inactivo,0,0,Tarjeta,11/01/2024
1192,Agustin Cruz,Mendoza Ciudad,2024-02,Musculacion,M,41,Activo,35000,20000,Transferencia,09/02/2024
1192,Agustin Cruz,Mendoza Ciudad,2024-03,Musculacion,M,41,Activo,35000,0,Transferencia,09/02/2024
1192,Agustin Cruz,Mendoza Ciudad,2024-04,Musculacion,M,41,Activo,35000,0,Transferencia,09/02/2024
1192,Agustin Cruz,Mendoza Ciudad,2024-05,Musculacion,M,41,Activo,35000,0,Transferencia,09/02/2024
1192,Agustin Cruz,Mendoza Ciudad,2024-06,Musculacion,M,41,Activo,35000,0,Transferencia,09/02/2024
1192,Agustin Cruz,Mendoza Ciudad,2024-07,Musculacion,M,41,Inactivo,0,0,Transferencia,09/02/2024
1192,Agustin Cruz,Mendoza Ciudad,2024-08,Musculacion,M,41,Activo,35000,0,Transferencia,09/02/2024
1192,Agustin Cruz,Mendoza Ciudad,2024-09,Musculacion,M,41,Activo,35000,0,Transferencia,09/02/2024
1192,Agustin Cruz,Mendoza Ciudad,2024-10,Musculacion,M,41,Activo,35000,0,Transferencia,09/02/2024
1192,Agustin Cruz,Mendoza Ciudad,2024-11,Musculacion,M,41,Activo,35000,0,Transferencia,09/02/2024
1192,Agustin Cruz,Mendoza Ciudad,2024-12,Musculacion,M,41,Activo,35000,0,Transferencia,09/02/2024
1193,Maria Herrera,Godoy Cruz,2024-04,Musculacion,M,40,Activo,35000,20000,Transferencia,17/04/2024
1193,Maria Herrera,Godoy Cruz,2024-05,Musculacion,M,40,Activo,35000,0,Transferencia,17/04/2024
1193,Maria Herrera,Godoy Cruz,2024-06,Musculacion,M,40,Inactivo,0,0,Transferencia,17/04/2024
1193,Maria Herrera,Godoy Cruz,2024-07,Musculacion,M,40,Inactivo,0,0,Transferencia,17/04/2024
1193,Maria Herrera,Godoy Cruz,2024-08,Musculacion,M,40,Activo,35000,0,Transferencia,17/04/2024
1193,Maria Herrera,Godoy Cruz,2024-09,Musculacion,M,40,Activo,35000,0,Transferencia,17/04/2024
1193,Maria Herrera,Godoy Cruz,2024-10,Musculacion,M,40,Activo,35000,0,Transferencia,17/04/2024
1193,Maria Herrera,Godoy Cruz,2024-11,Musculacion,M,40,Activo,35000,0,Transferencia,17/04/2024
1193,Maria Herrera,Godoy Cruz,2024-12,Musculacion,M,40,Activo,35000,0,Transferencia,17/04/2024
1194,Milagros Molina,Mendoza Ciudad,2024-08,Funcional,F,19,Activo,35000,20000,Transferencia,03/08/2024
1194,Milagros Molina,Mendoza Ciudad,2024-09,Funcional,F,19,Inactivo,0,0,Transferencia,03/08/2024
1194,Milagros Molina,Mendoza Ciudad,2024-10,Funcional,F,19,Activo,35000,0,Transferencia,03/08/2024
1194,Milagros Molina,Mendoza Ciudad,2024-11,Funcional,F,19,Activo,35000,0,Transferencia,03/08/2024
1194,Milagros Molina,Mendoza Ciudad,2024-12,Funcional,F,19,Activo,35000,0,Transferencia,03/08/2024
1195,Paula Torres,Guaymallen,2024-01,Funcional,F,35,Activo,35000,20000,Tarjeta,04/01/2024
1195,Paula Torres,Guaymallen,2024-02,Funcional,F,35,Activo,35000,0,Tarjeta,04/01/2024
1195,Paula Torres,Guaymallen,2024-03,Funcional,F,35,Inactivo,0,0,Tarjeta,04/01/2024
1195,Paula Torres,Guaymallen,2024-04,Funcional,F,35,Activo,35000,0,Tarjeta,04/01/2024
1195,Paula Torres,Guaymallen,2024-05,Funcional,F,35,Activo,35000,0,Tarjeta,04/01/2024
1195,Paula Torres,Guaymallen,2024-06,Funcional,F,35,Inactivo,0,0,Tarjeta,04/01/2024
1195,Paula Torres,Guaymallen,2024-07,Funcional,F,35,Activo,35000,0,Tarjeta,04/01/2024
1195,Paula Torres,Guaymallen,2024-08,Funcional,F,35,Activo,35000,0,Tarjeta,04/01/2024
1195,Paula Torres,Guaymallen,2024-09,Funcional,F,35,Activo,35000,0,Tarjeta,04/01/2024
1195,Paula Torres,Guaymallen,2024-10,Funcional,F,35,Activo,35000,0,Tarjeta,04/01/2024
1195,Paula Torres,Guaymallen,2024-11,Funcional,F,35,Activo,35000,0,Tarjeta,04/01/2024
1195,Paula Torres,Guaymallen,2024-12,Funcional,F,35,Activo,35000,0,Tarjeta,04/01/2024
1196,Franco Dominguez,Maipu,2024-12,Funcional,M,41,Activo,35000,20000,Transferencia,18/12/2024
1197,Maria Gomez,Mendoza Ciudad,2024-01,Yoga,M,36,Activo,25000,20000,Efectivo,16/01/2024
1197,Maria Gomez,Mendoza Ciudad,2024-02,Yoga,M,36,Activo,25000,0,Efectivo,16/01/2024
1197,Maria Gomez,Mendoza Ciudad,2024-03,Yoga,M,36,Inactivo,0,0,Efectivo,16/01/2024
1197,Maria Gomez,Mendoza Ciudad,2024-04,Yoga,M,36,Activo,25000,0,Efectivo,16/01/2024
1197,Maria Gomez,Mendoza Ciudad,2024-05,Yoga,M,36,Activo,25000,0,Efectivo,16/01/2024
1197,Maria Gomez,Mendoza Ciudad,2024-06,Yoga,M,36,Activo,25000,0,Efectivo,16/01/2024
1197,Maria Gomez,Mendoza Ciudad,2024-07,Yoga,M,36,Inactivo,0,0,Efectivo,16/01/2024
1197,Maria Gomez,Mendoza Ciudad,2024-08,Yoga,M,36,Inactivo,0,0,Efectivo,16/01/2024
1197,Maria Gomez,Mendoza Ciudad,2024-09,Yoga,M,36,Activo,25000,0,Efectivo,16/01/2024
1197,Maria Gomez,Mendoza Ciudad,2024-10,Yoga,M,36,Activo,25000,0,Efectivo,16/01/2024
1197,Maria Gomez,Mendoza Ciudad,2024-11,Yoga,M,36,Activo,25000,0,Efectivo,16/01/2024
1197,Maria Gomez,Mendoza Ciudad,2024-12,Yoga,M,36,Inactivo,0,0,Efectivo,16/01/2024
1198,Camila Molina,Mendoza Ciudad,2024-12,Funcional,M,32,Activo,35000,20000,Tarjeta,17/12/2024
1199,Milagros Rios,Mendoza Ciudad,2024-04,Spinning,F,51,Activo,25000,20000,Tarjeta,10/04/2024
1199,Milagros Rios,Mendoza Ciudad,2024-05,Spinning,F,51,Activo,25000,0,Tarjeta,10/04/2024
1199,Milagros Rios,Mendoza Ciudad,2024-06,Spinning,F,51,Inactivo,0,0,Tarjeta,10/04/2024
1199,Milagros Rios,Mendoza Ciudad,2024-07,Spinning,F,51,Activo,25000,0,Tarjeta,10/04/2024
1199,Milagros Rios,Mendoza Ciudad,2024-08,Spinning,F,51,Activo,25000,0,Tarjeta,10/04/2024
1199,Milagros Rios,Mendoza Ciudad,2024-09,Spinning,F,51,Activo,25000,0,Tarjeta,10/04/2024
1199,Milagros Rios,Mendoza Ciudad,2024-10,Spinning,F,51,Activo,25000,0,Tarjeta,10/04/2024
1199,Milagros Rios,Mendoza Ciudad,2024-11,Spinning,F,51,Activo,25000,0,Tarjeta,10/04/2024
1199,Milagros Rios,Mendoza Ciudad,2024-12,Spinning,F,51,Activo,25000,0,Tarjeta,10/04/2024
1200,Paula Gimenez,Mendoza Ciudad,2024-04,Musculacion,M,67,Activo,35000,20000,Transferencia,19/04/2024
1200,Paula Gimenez,Mendoza Ciudad,2024-05,Musculacion,M,67,Activo,35000,0,Transferencia,19/04/2024
1200,Paula Gimenez,Mendoza Ciudad,2024-06,Musculacion,M,67,Inactivo,0,0,Transferencia,19/04/2024
1200,Paula Gimenez,Mendoza Ciudad,2024-07,Musculacion,M,67,Activo,35000,0,Transferencia,19/04/2024
1200,Paula Gimenez,Mendoza Ciudad,2024-08,Musculacion,M,67,Activo,35000,0,Transferencia,19/04/2024
1200,Paula Gimenez,Mendoza Ciudad,2024-09,Musculacion,M,67,Activo,35000,0,Transferencia,19/04/2024
1200,Paula Gimenez,Mendoza Ciudad,2024-10,Musculacion,M,67,Activo,35000,0,Transferencia,19/04/2024
1200,Paula Gimenez,Mendoza Ciudad,2024-11,Musculacion,M,67,Activo,35000,0,Transferencia,19/04/2024
1200,Paula Gimenez,Mendoza Ciudad,2024-12,Musculacion,M,67,Activo,35000,0,Transferencia,19/04/2024
1201,Lucia Romero,Mendoza Ciudad,2024-06,Funcional,F,18,Activo,35000,20000,Efectivo,08/06/2024
1201,Lucia Romero,Mendoza Ciudad,2024-07,Funcional,F,18,Activo,35000,0,Efectivo,08/06/2024
1201,Lucia Romero,Mendoza Ciudad,2024-08,Funcional,F,18,Inactivo,0,0,Efectivo,08/06/2024
1201,Lucia Romero,Mendoza Ciudad,2024-09,Funcional,F,18,Activo,35000,0,Efectivo,08/06/2024
1201,Lucia Romero,Mendoza Ciudad,2024-10,Funcional,F,18,Activo,35000,0,Efectivo,08/06/2024
1201,Lucia Romero,Mendoza Ciudad,2024-11,Funcional,F,18,Activo,35000,0,Efectivo,08/06/2024
1201,Lucia Romero,Mendoza Ciudad,2024-12,Funcional,F,18,Inactivo,0,0,Efectivo,08/06/2024
1202,Maria Rios,Godoy Cruz,2024-07,Spinning,F,39,Activo,25000,20000,Tarjeta,11/07/2024
1202,Maria Rios,Godoy Cruz,2024-08,Spinning,F,39,Activo,25000,0,Tarjeta,11/07/2024
1202,Maria Rios,Godoy Cruz,2024-09,Spinning,F,39,Activo,25000,0,Tarjeta,11/07/2024
1202,Maria Rios,Godoy Cruz,2024-10,Spinning,F,39,Activo,25000,0,Tarjeta,11/07/2024
1202,Maria Rios,Godoy Cruz,2024-11,Spinning,F,39,Activo,25000,0,Tarjeta,11/07/2024
1202,Maria Rios,Godoy Cruz,2024-12,Spinning,F,39,Activo,25000,0,Tarjeta,11/07/2024
1203,Juan Perez,Godoy Cruz,2024-07,Musculacion,M,30,Activo,35000,20000,Tarjeta,03/07/2024
1203,Juan Perez,Godoy Cruz,2024-08,Musculacion,M,30,Activo,35000,0,Tarjeta,03/07/2024
1203,Juan Perez,Godoy Cruz,2024-09,Musculacion,M,30,Activo,35000,0,Tarjeta,03/07/2024
1203,Juan Perez,Godoy Cruz,2024-10,Musculacion,M,30,Activo,35000,0,Tarjeta,03/07/2024
1203,Juan Perez,Godoy Cruz,2024-11,Musculacion,M,30,Activo,35000,0,Tarjeta,03/07/2024
1203,Juan Perez,Godoy Cruz,2024-12,Musculacion,M,30,Activo,35000,0,Tarjeta,03/07/2024
1204,Milagros Molina,Godoy Cruz,2024-06,Defensa Personal,F,25,Activo,25000,20000,Tarjeta,02/06/2024
1204,Milagros Molina,Godoy Cruz,2024-07,Defensa Personal,F,25,Inactivo,0,0,Tarjeta,02/06/2024
1204,Milagros Molina,Godoy Cruz,2024-08,Defensa Personal,F,25,Activo,25000,0,Tarjeta,02/06/2024
1204,Milagros Molina,Godoy Cruz,2024-09,Defensa Personal,F,25,Activo,25000,0,Tarjeta,02/06/2024
1204,Milagros Molina,Godoy Cruz,2024-10,Defensa Personal,F,25,Activo,25000,0,Tarjeta,02/06/2024
1204,Milagros Molina,Godoy Cruz,2024-11,Defensa Personal,F,25,Inactivo,0,0,Tarjeta,02/06/2024
1204,Milagros Molina,Godoy Cruz,2024-12,Defensa Personal,F,25,Inactivo,0,0,Tarjeta,02/06/2024
1205,Carlos Gimenez,Godoy Cruz,2024-06,Musculacion,M,19,Activo,35000,20000,Efectivo,10/06/2024
1205,Carlos Gimenez,Godoy Cruz,2024-07,Musculacion,M,19,Inactivo,0,0,Efectivo,10/06/2024
1205,Carlos Gimenez,Godoy Cruz,2024-08,Musculacion,M,19,Inactivo,0,0,Efectivo,10/06/2024
1205,Carlos Gimenez,Godoy Cruz,2024-09,Musculacion,M,19,Activo,35000,0,Efectivo,10/06/2024
1205,Carlos Gimenez,Godoy Cruz,2024-10,Musculacion,M,19,Activo,35000,0,Efectivo,10/06/2024
1205,Carlos Gimenez,Godoy Cruz,2024-11,Musculacion,M,19,Activo,35000,0,Efectivo,10/06/2024
1205,Carlos Gimenez,Godoy Cruz,2024-12,Musculacion,M,19,Activo,35000,0,Efectivo,10/06/2024
1206,Carlos Dominguez,Godoy Cruz,2024-09,Funcional,F,29,Activo,35000,20000,Tarjeta,28/09/2024
1206,Carlos Dominguez,Godoy Cruz,2024-10,Funcional,F,29,Activo,35000,0,Tarjeta,28/09/2024
1206,Carlos Dominguez,Godoy Cruz,2024-11,Funcional,F,29,Activo,35000,0,Tarjeta,28/09/2024
1206,Carlos Dominguez,Godoy Cruz,2024-12,Funcional,F,29,Activo,35000,0,Tarjeta,28/09/2024
1207,Bruno Medina,Maipu,2024-11,Musculacion,F,38,Activo,35000,20000,Tarjeta,18/11/2024
1207,Bruno Medina,Maipu,2024-12,Musculacion,F,38,Activo,35000,0,Tarjeta,18/11/2024
1208,Ezequiel Vega,Godoy Cruz,2024-07,Funcional,F,33,Activo,35000,20000,Transferencia,07/07/2024
1208,Ezequiel Vega,Godoy Cruz,2024-08,Funcional,F,33,Activo,35000,0,Transferencia,07/07/2024
1208,Ezequiel Vega,Godoy Cruz,2024-09,Funcional,F,33,Activo,35000,0,Transferencia,07/07/2024
1208,Ezequiel Vega,Godoy Cruz,2024-10,Funcional,F,33,Activo,35000,0,Transferencia,07/07/2024
1208,Ezequiel Vega,Godoy Cruz,2024-11,Funcional,F,33,Activo,35000,0,Transferencia,07/07/2024
1208,Ezequiel Vega,Godoy Cruz,2024-12,Funcional,F,33,Activo,35000,0,Transferencia,07/07/2024
1209,Maria Sanchez,Maipu,2024-07,Yoga,F,55,Activo,25000,20000,Tarjeta,08/07/2024
1209,Maria Sanchez,Maipu,2024-08,Yoga,F,55,Inactivo,0,0,Tarjeta,08/07/2024
1209,Maria Sanchez,Maipu,2024-09,Yoga,F,55,Activo,25000,0,Tarjeta,08/07/2024
1209,Maria Sanchez,Maipu,2024-10,Yoga,F,55,Activo,25000,0,Tarjeta,08/07/2024
1209,Maria Sanchez,Maipu,2024-11,Yoga,F,55,Activo,25000,0,Tarjeta,08/07/2024
1209,Maria Sanchez,Maipu,2024-12,Yoga,F,55,Activo,25000,0,Tarjeta,08/07/2024
1210,Camila Dominguez,Mendoza Ciudad,2024-08,Defensa Personal,F,32,Activo,25000,20000,Transferencia,03/08/2024
1210,Camila Dominguez,Mendoza Ciudad,2024-09,Defensa Personal,F,32,Activo,25000,0,Transferencia,03/08/2024
1210,Camila Dominguez,Mendoza Ciudad,2024-10,Defensa Personal,F,32,Activo,25000,0,Transferencia,03/08/2024
1210,Camila Dominguez,Mendoza Ciudad,2024-11,Defensa Personal,F,32,Activo,25000,0,Transferencia,03/08/2024
1210,Camila Dominguez,Mendoza Ciudad,2024-12,Defensa Personal,F,32,Activo,25000,0,Transferencia,03/08/2024
1211,Milagros Herrera,Mendoza Ciudad,2024-02,Yoga,F,53,Activo,25000,20000,Transferencia,14/02/2024
1211,Milagros Herrera,Mendoza Ciudad,2024-03,Yoga,F,53,Activo,25000,0,Transferencia,14/02/2024
1211,Milagros Herrera,Mendoza Ciudad,2024-04,Yoga,F,53,Activo,25000,0,Transferencia,14/02/2024
1211,Milagros Herrera,Mendoza Ciudad,2024-05,Yoga,F,53,Inactivo,0,0,Transferencia,14/02/2024
1211,Milagros Herrera,Mendoza Ciudad,2024-06,Yoga,F,53,Inactivo,0,0,Transferencia,14/02/2024
1211,Milagros Herrera,Mendoza Ciudad,2024-07,Yoga,F,53,Inactivo,0,0,Transferencia,14/02/2024
1211,Milagros Herrera,Mendoza Ciudad,2024-08,Yoga,F,53,Inactivo,0,0,Transferencia,14/02/2024
1211,Milagros Herrera,Mendoza Ciudad,2024-09,Yoga,F,53,Inactivo,0,0,Transferencia,14/02/2024
1211,Milagros Herrera,Mendoza Ciudad,2024-10,Yoga,F,53,Activo,25000,0,Transferencia,14/02/2024
1211,Milagros Herrera,Mendoza Ciudad,2024-11,Yoga,F,53,Activo,25000,0,Transferencia,14/02/2024
1211,Milagros Herrera,Mendoza Ciudad,2024-12,Yoga,F,53,Activo,25000,0,Transferencia,14/02/2024
1212,Milagros Perez,Mendoza Ciudad,2024-07,Funcional,F,24,Activo,35000,20000,Tarjeta,16/07/2024
1212,Milagros Perez,Mendoza Ciudad,2024-08,Funcional,F,24,Inactivo,0,0,Tarjeta,16/07/2024
1212,Milagros Perez,Mendoza Ciudad,2024-09,Funcional,F,24,Inactivo,0,0,Tarjeta,16/07/2024
1212,Milagros Perez,Mendoza Ciudad,2024-10,Funcional,F,24,Activo,35000,0,Tarjeta,16/07/2024
1212,Milagros Perez,Mendoza Ciudad,2024-11,Funcional,F,24,Activo,35000,0,Tarjeta,16/07/2024
1212,Milagros Perez,Mendoza Ciudad,2024-12,Funcional,F,24,Activo,35000,0,Tarjeta,16/07/2024
1213,Bruno Dominguez,Guaymallen,2024-11,Spinning,F,50,Activo,25000,20000,Efectivo,14/11/2024
1213,Bruno Dominguez,Guaymallen,2024-12,Spinning,F,50,Activo,25000,0,Efectivo,14/11/2024
1214,Milagros Garcia,Mendoza Ciudad,2024-11,Funcional,F,26,Activo,35000,20000,Tarjeta,18/11/2024
1214,Milagros Garcia,Mendoza Ciudad,2024-12,Funcional,F,26,Activo,35000,0,Tarjeta,18/11/2024
1215,Diego Cruz,Guaymallen,2024-11,Spinning,F,50,Activo,25000,20000,Transferencia,17/11/2024
1215,Diego Cruz,Guaymallen,2024-12,Spinning,F,50,Activo,25000,0,Transferencia,17/11/2024
1216,Tomas Romero,Maipu,2024-05,Defensa Personal,M,48,Activo,25000,20000,Tarjeta,19/05/2024
1216,Tomas Romero,Maipu,2024-06,Defensa Personal,M,48,Inactivo,0,0,Tarjeta,19/05/2024
1216,Tomas Romero,Maipu,2024-07,Defensa Personal,M,48,Activo,25000,0,Tarjeta,19/05/2024
1216,Tomas Romero,Maipu,2024-08,Defensa Personal,M,48,Inactivo,0,0,Tarjeta,19/05/2024
1216,Tomas Romero,Maipu,2024-09,Defensa Personal,M,48,Activo,25000,0,Tarjeta,19/05/2024
1216,Tomas Romero,Maipu,2024-10,Defensa Personal,M,48,Activo,25000,0,Tarjeta,19/05/2024
1216,Tomas Romero,Maipu,2024-11,Defensa Personal,M,48,Activo,25000,0,Tarjeta,19/05/2024
1216,Tomas Romero,Maipu,2024-12,Defensa Personal,M,48,Activo,25000,0,Tarjeta,19/05/2024
1217,Diego Rodriguez,Godoy Cruz,2024-09,Yoga,F,37,Activo,25000,20000,Efectivo,14/09/2024
1217,Diego Rodriguez,Godoy Cruz,2024-10,Yoga,F,37,Activo,25000,0,Efectivo,14/09/2024
1217,Diego Rodriguez,Godoy Cruz,2024-11,Yoga,F,37,Activo,25000,0,Efectivo,14/09/2024
1217,Diego Rodriguez,Godoy Cruz,2024-12,Yoga,F,37,Activo,25000,0,Efectivo,14/09/2024
1218,Milagros Dominguez,Mendoza Ciudad,2024-01,Defensa Personal,M,60,Activo,25000,20000,Efectivo,17/01/2024
1218,Milagros Dominguez,Mendoza Ciudad,2024-02,Defensa Personal,M,60,Activo,25000,0,Efectivo,17/01/2024
1218,Milagros Dominguez,Mendoza Ciudad,2024-03,Defensa Personal,M,60,Activo,25000,0,Efectivo,17/01/2024
1218,Milagros Dominguez,Mendoza Ciudad,2024-04,Defensa Personal,M,60,Activo,25000,0,Efectivo,17/01/2024
1218,Milagros Dominguez,Mendoza Ciudad,2024-05,Defensa Personal,M,60,Activo,25000,0,Efectivo,17/01/2024
1218,Milagros Dominguez,Mendoza Ciudad,2024-06,Defensa Personal,M,60,Inactivo,0,0,Efectivo,17/01/2024
1218,Milagros Dominguez,Mendoza Ciudad,2024-07,Defensa Personal,M,60,Inactivo,0,0,Efectivo,17/01/2024
1218,Milagros Dominguez,Mendoza Ciudad,2024-08,Defensa Personal,M,60,Activo,25000,0,Efectivo,17/01/2024
1218,Milagros Dominguez,Mendoza Ciudad,2024-09,Defensa Personal,M,60,Activo,25000,0,Efectivo,17/01/2024
1218,Milagros Dominguez,Mendoza Ciudad,2024-10,Defensa Personal,M,60,Activo,25000,0,Efectivo,17/01/2024
1218,Milagros Dominguez,Mendoza Ciudad,2024-11,Defensa Personal,M,60,Activo,25000,0,Efectivo,17/01/2024
1218,Milagros Dominguez,Mendoza Ciudad,2024-12,Defensa Personal,M,60,Activo,25000,0,Efectivo,17/01/2024
1219,Paula Vega,Godoy Cruz,2024-02,Musculacion,M,23,Activo,35000,20000,Transferencia,07/02/2024
1219,Paula Vega,Godoy Cruz,2024-03,Musculacion,M,23,Activo,35000,0,Transferencia,07/02/2024
1219,Paula Vega,Godoy Cruz,2024-04,Musculacion,M,23,Inactivo,0,0,Transferencia,07/02/2024
1219,Paula Vega,Godoy Cruz,2024-05,Musculacion,M,23,Activo,35000,0,Transferencia,07/02/2024
1219,Paula Vega,Godoy Cruz,2024-06,Musculacion,M,23,Inactivo,0,0,Transferencia,07/02/2024
1219,Paula Vega,Godoy Cruz,2024-07,Musculacion,M,23,Inactivo,0,0,Transferencia,07/02/2024
1219,Paula Vega,Godoy Cruz,2024-08,Musculacion,M,23,Inactivo,0,0,Transferencia,07/02/2024
1219,Paula Vega,Godoy Cruz,2024-09,Musculacion,M,23,Inactivo,0,0,Transferencia,07/02/2024
1219,Paula Vega,Godoy Cruz,2024-10,Musculacion,M,23,Activo,35000,0,Transferencia,07/02/2024
1219,Paula Vega,Godoy Cruz,2024-11,Musculacion,M,23,Inactivo,0,0,Transferencia,07/02/2024
1219,Paula Vega,Godoy Cruz,2024-12,Musculacion,M,23,Inactivo,0,0,Transferencia,07/02/2024
1220,Ezequiel Romero,Mendoza Ciudad,2024-03,Spinning,F,49,Activo,25000,20000,Tarjeta,25/03/2024
1220,Ezequiel Romero,Mendoza Ciudad,2024-04,Spinning,F,49,Activo,25000,0,Tarjeta,25/03/2024
1220,Ezequiel Romero,Mendoza Ciudad,2024-05,Spinning,F,49,Activo,25000,0,Tarjeta,25/03/2024
1220,Ezequiel Romero,Mendoza Ciudad,2024-06,Spinning,F,49,Inactivo,0,0,Tarjeta,25/03/2024
1220,Ezequiel Romero,Mendoza Ciudad,2024-07,Spinning,F,49,Inactivo,0,0,Tarjeta,25/03/2024
1220,Ezequiel Romero,Mendoza Ciudad,2024-08,Spinning,F,49,Inactivo,0,0,Tarjeta,25/03/2024
1220,Ezequiel Romero,Mendoza Ciudad,2024-09,Spinning,F,49,Activo,25000,0,Tarjeta,25/03/2024
1220,Ezequiel Romero,Mendoza Ciudad,2024-10,Spinning,F,49,Activo,25000,0,Tarjeta,25/03/2024
1220,Ezequiel Romero,Mendoza Ciudad,2024-11,Spinning,F,49,Activo,25000,0,Tarjeta,25/03/2024
1220,Ezequiel Romero,Mendoza Ciudad,2024-12,Spinning,F,49,Inactivo,0,0,Tarjeta,25/03/2024
1221,Valentin Castro,Maipu,2024-01,Defensa Personal,M,29,Activo,25000,20000,Tarjeta,20/01/2024
1221,Valentin Castro,Maipu,2024-02,Defensa Personal,M,29,Activo,25000,0,Tarjeta,20/01/2024
1221,Valentin Castro,Maipu,2024-03,Defensa Personal,M,29,Activo,25000,0,Tarjeta,20/01/2024
1221,Valentin Castro,Maipu,2024-04,Defensa Personal,M,29,Activo,25000,0,Tarjeta,20/01/2024
1221,Valentin Castro,Maipu,2024-05,Defensa Personal,M,29,Activo,25000,0,Tarjeta,20/01/2024
1221,Valentin Castro,Maipu,2024-06,Defensa Personal,M,29,Activo,25000,0,Tarjeta,20/01/2024
1221,Valentin Castro,Maipu,2024-07,Defensa Personal,M,29,Activo,25000,0,Tarjeta,20/01/2024
1221,Valentin Castro,Maipu,2024-08,Defensa Personal,M,29,Activo,25000,0,Tarjeta,20/01/2024
1221,Valentin Castro,Maipu,2024-09,Defensa Personal,M,29,Activo,25000,0,Tarjeta,20/01/2024
1221,Valentin Castro,Maipu,2024-10,Defensa Personal,M,29,Activo,25000,0,Tarjeta,20/01/2024
1221,Valentin Castro,Maipu,2024-11,Defensa Personal,M,29,Activo,25000,0,Tarjeta,20/01/2024
1221,Valentin Castro,Maipu,2024-12,Defensa Personal,M,29,Activo,25000,0,Tarjeta,20/01/2024
1222,Sofia Dominguez,Mendoza Ciudad,2024-03,Musculacion,F,33,Activo,35000,20000,Transferencia,06/03/2024
1222,Sofia Dominguez,Mendoza Ciudad,2024-04,Musculacion,F,33,Activo,35000,0,Transferencia,06/03/2024
1222,Sofia Dominguez,Mendoza Ciudad,2024-05,Musculacion,F,33,Activo,35000,0,Transferencia,06/03/2024
1222,Sofia Dominguez,Mendoza Ciudad,2024-06,Musculacion,F,33,Activo,35000,0,Transferencia,06/03/2024
1222,Sofia Dominguez,Mendoza Ciudad,2024-07,Musculacion,F,33,Inactivo,0,0,Transferencia,06/03/2024
1222,Sofia Dominguez,Mendoza Ciudad,2024-08,Musculacion,F,33,Activo,35000,0,Transferencia,06/03/2024
1222,Sofia Dominguez,Mendoza Ciudad,2024-09,Musculacion,F,33,Activo,35000,0,Transferencia,06/03/2024
1222,Sofia Dominguez,Mendoza Ciudad,2024-10,Musculacion,F,33,Activo,35000,0,Transferencia,06/03/2024
1222,Sofia Dominguez,Mendoza Ciudad,2024-11,Musculacion,F,33,Activo,35000,0,Transferencia,06/03/2024
1222,Sofia Dominguez,Mendoza Ciudad,2024-12,Musculacion,F,33,Activo,35000,0,Transferencia,06/03/2024
1223,Lucia Suarez,Mendoza Ciudad,2024-09,Spinning,F,28,Activo,25000,20000,Transferencia,09/09/2024
1223,Lucia Suarez,Mendoza Ciudad,2024-10,Spinning,F,28,Activo,25000,0,Transferencia,09/09/2024
1223,Lucia Suarez,Mendoza Ciudad,2024-11,Spinning,F,28,Activo,25000,0,Transferencia,09/09/2024
1223,Lucia Suarez,Mendoza Ciudad,2024-12,Spinning,F,28,Activo,25000,0,Transferencia,09/09/2024
1224,Julieta Torres,Mendoza Ciudad,2024-12,Spinning,F,27,Activo,25000,20000,Efectivo,19/12/2024
1225,Milagros Gomez,Mendoza Ciudad,2024-12,Musculacion,M,47,Activo,35000,20000,Tarjeta,11/12/2024
1226,Bruno Cruz,Mendoza Ciudad,2024-05,Musculacion,F,46,Activo,35000,20000,Transferencia,25/05/2024
1226,Bruno Cruz,Mendoza Ciudad,2024-06,Musculacion,F,46,Inactivo,0,0,Transferencia,25/05/2024
1226,Bruno Cruz,Mendoza Ciudad,2024-07,Musculacion,F,46,Activo,35000,0,Transferencia,25/05/2024
1226,Bruno Cruz,Mendoza Ciudad,2024-08,Musculacion,F,46,Activo,35000,0,Transferencia,25/05/2024
1226,Bruno Cruz,Mendoza Ciudad,2024-09,Musculacion,F,46,Inactivo,0,0,Transferencia,25/05/2024
1226,Bruno Cruz,Mendoza Ciudad,2024-10,Musculacion,F,46,Activo,35000,0,Transferencia,25/05/2024
1226,Bruno Cruz,Mendoza Ciudad,2024-11,Musculacion,F,46,Activo,35000,0,Transferencia,25/05/2024
1226,Bruno Cruz,Mendoza Ciudad,2024-12,Musculacion,F,46,Activo,35000,0,Transferencia,25/05/2024
1227,Milagros Vega,Mendoza Ciudad,2024-11,Spinning,F,49,Activo,25000,20000,Transferencia,02/11/2024
1227,Milagros Vega,Mendoza Ciudad,2024-12,Spinning,F,49,Activo,25000,0,Transferencia,02/11/2024
1228,Sofia Gimenez,Godoy Cruz,2024-12,Spinning,F,23,Activo,25000,20000,Tarjeta,02/12/2024
1229,Maria Perez,Mendoza Ciudad,2024-08,Funcional,M,32,Activo,35000,20000,Tarjeta,02/08/2024
1229,Maria Perez,Mendoza Ciudad,2024-09,Funcional,M,32,Activo,35000,0,Tarjeta,02/08/2024
1229,Maria Perez,Mendoza Ciudad,2024-10,Funcional,M,32,Activo,35000,0,Tarjeta,02/08/2024
1229,Maria Perez,Mendoza Ciudad,2024-11,Funcional,M,32,Inactivo,0,0,Tarjeta,02/08/2024
1229,Maria Perez,Mendoza Ciudad,2024-12,Funcional,M,32,Activo,35000,0,Tarjeta,02/08/2024
1230,Maria Castro,Mendoza Ciudad,2024-07,Musculacion,F,22,Activo,35000,20000,Tarjeta,04/07/2024
1230,Maria Castro,Mendoza Ciudad,2024-08,Musculacion,F,22,Inactivo,0,0,Tarjeta,04/07/2024
1230,Maria Castro,Mendoza Ciudad,2024-09,Musculacion,F,22,Activo,35000,0,Tarjeta,04/07/2024
1230,Maria Castro,Mendoza Ciudad,2024-10,Musculacion,F,22,Activo,35000,0,Tarjeta,04/07/2024
1230,Maria Castro,Mendoza Ciudad,2024-11,Musculacion,F,22,Activo,35000,0,Tarjeta,04/07/2024
1230,Maria Castro,Mendoza Ciudad,2024-12,Musculacion,F,22,Activo,35000,0,Tarjeta,04/07/2024
1231,Camila Rios,Mendoza Ciudad,2024-08,Musculacion,M,45,Activo,35000,20000,Transferencia,07/08/2024
1231,Camila Rios,Mendoza Ciudad,2024-09,Musculacion,M,45,Inactivo,0,0,Transferencia,07/08/2024
1231,Camila Rios,Mendoza Ciudad,2024-10,Musculacion,M,45,Activo,35000,0,Transferencia,07/08/2024
1231,Camila Rios,Mendoza Ciudad,2024-11,Musculacion,M,45,Activo,35000,0,Transferencia,07/08/2024
1231,Camila Rios,Mendoza Ciudad,2024-12,Musculacion,M,45,Activo,35000,0,Transferencia,07/08/2024
1232,Julieta Garcia,Mendoza Ciudad,2024-05,Musculacion,M,31,Activo,35000,20000,Tarjeta,02/05/2024
1232,Julieta Garcia,Mendoza Ciudad,2024-06,Musculacion,M,31,Activo,35000,0,Tarjeta,02/05/2024
1232,Julieta Garcia,Mendoza Ciudad,2024-07,Musculacion,M,31,Inactivo,0,0,Tarjeta,02/05/2024
1232,Julieta Garcia,Mendoza Ciudad,2024-08,Musculacion,M,31,Inactivo,0,0,Tarjeta,02/05/2024
1232,Julieta Garcia,Mendoza Ciudad,2024-09,Musculacion,M,31,Activo,35000,0,Tarjeta,02/05/2024
1232,Julieta Garcia,Mendoza Ciudad,2024-10,Musculacion,M,31,Activo,35000,0,Tarjeta,02/05/2024
1232,Julieta Garcia,Mendoza Ciudad,2024-11,Musculacion,M,31,Activo,35000,0,Tarjeta,02/05/2024
1232,Julieta Garcia,Mendoza Ciudad,2024-12,Musculacion,M,31,Inactivo,0,0,Tarjeta,02/05/2024
1233,Agustin Gimenez,Mendoza Ciudad,2024-09,Spinning,F,31,Activo,25000,20000,Tarjeta,03/09/2024
1233,Agustin Gimenez,Mendoza Ciudad,2024-10,Spinning,F,31,Activo,25000,0,Tarjeta,03/09/2024
1233,Agustin Gimenez,Mendoza Ciudad,2024-11,Spinning,F,31,Activo,25000,0,Tarjeta,03/09/2024
1233,Agustin Gimenez,Mendoza Ciudad,2024-12,Spinning,F,31,Activo,25000,0,Tarjeta,03/09/2024
1234,Ezequiel Rodriguez,Mendoza Ciudad,2024-01,Defensa Personal,F,29,Activo,25000,20000,Tarjeta,09/01/2024
1234,Ezequiel Rodriguez,Mendoza Ciudad,2024-02,Defensa Personal,F,29,Activo,25000,0,Tarjeta,09/01/2024
1234,Ezequiel Rodriguez,Mendoza Ciudad,2024-03,Defensa Personal,F,29,Inactivo,0,0,Tarjeta,09/01/2024
1234,Ezequiel Rodriguez,Mendoza Ciudad,2024-04,Defensa Personal,F,29,Activo,25000,0,Tarjeta,09/01/2024
1234,Ezequiel Rodriguez,Mendoza Ciudad,2024-05,Defensa Personal,F,29,Activo,25000,0,Tarjeta,09/01/2024
1234,Ezequiel Rodriguez,Mendoza Ciudad,2024-06,Defensa Personal,F,29,Inactivo,0,0,Tarjeta,09/01/2024
1234,Ezequiel Rodriguez,Mendoza Ciudad,2024-07,Defensa Personal,F,29,Inactivo,0,0,Tarjeta,09/01/2024
1234,Ezequiel Rodriguez,Mendoza Ciudad,2024-08,Defensa Personal,F,29,Activo,25000,0,Tarjeta,09/01/2024
1234,Ezequiel Rodriguez,Mendoza Ciudad,2024-09,Defensa Personal,F,29,Activo,25000,0,Tarjeta,09/01/2024
1234,Ezequiel Rodriguez,Mendoza Ciudad,2024-10,Defensa Personal,F,29,Activo,25000,0,Tarjeta,09/01/2024
1234,Ezequiel Rodriguez,Mendoza Ciudad,2024-11,Defensa Personal,F,29,Activo,25000,0,Tarjeta,09/01/2024
1234,Ezequiel Rodriguez,Mendoza Ciudad,2024-12,Defensa Personal,F,29,Activo,25000,0,Tarjeta,09/01/2024
1235,Micaela Rios,Mendoza Ciudad,2024-08,Musculacion,F,30,Inactivo,0,0,Tarjeta,23/08/2024
1235,Micaela Rios,Mendoza Ciudad,2024-08,Funcional,F,30,Activo,35000,20000,Tarjeta,23/08/2024
1235,Micaela Rios,Mendoza Ciudad,2024-09,Musculacion,F,30,Inactivo,0,0,Tarjeta,23/08/2024
1235,Micaela Rios,Mendoza Ciudad,2024-09,Funcional,F,30,Activo,35000,0,Tarjeta,23/08/2024
1235,Micaela Rios,Mendoza Ciudad,2024-10,Musculacion,F,30,Activo,35000,0,Tarjeta,23/08/2024
1235,Micaela Rios,Mendoza Ciudad,2024-10,Funcional,F,30,Activo,35000,0,Tarjeta,23/08/2024
1235,Micaela Rios,Mendoza Ciudad,2024-11,Musculacion,F,30,Activo,35000,0,Tarjeta,23/08/2024
1235,Micaela Rios,Mendoza Ciudad,2024-11,Funcional,F,30,Activo,35000,0,Tarjeta,23/08/2024
1235,Micaela Rios,Mendoza Ciudad,2024-12,Musculacion,F,30,Activo,35000,0,Tarjeta,23/08/2024
1235,Micaela Rios,Mendoza Ciudad,2024-12,Funcional,F,30,Activo,35000,0,Tarjeta,23/08/2024
1236,Ezequiel Dominguez,Lujan de Cuyo,2024-10,Spinning,F,19,Activo,25000,20000,Efectivo,15/10/2024
1236,Ezequiel Dominguez,Lujan de Cuyo,2024-11,Spinning,F,19,Activo,25000,0,Efectivo,15/10/2024
1236,Ezequiel Dominguez,Lujan de Cuyo,2024-12,Spinning,F,19,Activo,25000,0,Efectivo,15/10/2024
1237,Micaela Fernandez,Maipu,2024-03,Spinning,F,47,Activo,25000,20000,Transferencia,14/03/2024
1237,Micaela Fernandez,Maipu,2024-04,Spinning,F,47,Activo,25000,0,Transferencia,14/03/2024
1237,Micaela Fernandez,Maipu,2024-05,Spinning,F,47,Activo,25000,0,Transferencia,14/03/2024
1237,Micaela Fernandez,Maipu,2024-06,Spinning,F,47,Activo,25000,0,Transferencia,14/03/2024
1237,Micaela Fernandez,Maipu,2024-07,Spinning,F,47,Inactivo,0,0,Transferencia,14/03/2024
1237,Micaela Fernandez,Maipu,2024-08,Spinning,F,47,Inactivo,0,0,Transferencia,14/03/2024
1237,Micaela Fernandez,Maipu,2024-09,Spinning,F,47,Activo,25000,0,Transferencia,14/03/2024
1237,Micaela Fernandez,Maipu,2024-10,Spinning,F,47,Activo,25000,0,Transferencia,14/03/2024
1237,Micaela Fernandez,Maipu,2024-11,Spinning,F,47,Activo,25000,0,Transferencia,14/03/2024
1237,Micaela Fernandez,Maipu,2024-12,Spinning,F,47,Activo,25000,0,Transferencia,14/03/2024
1238,Florencia Rios,Maipu,2024-08,Yoga,F,41,Activo,25000,20000,Efectivo,19/08/2024
1238,Florencia Rios,Maipu,2024-09,Yoga,F,41,Activo,25000,0,Efectivo,19/08/2024
1238,Florencia Rios,Maipu,2024-10,Yoga,F,41,Activo,25000,0,Efectivo,19/08/2024
1238,Florencia Rios,Maipu,2024-11,Yoga,F,41,Activo,25000,0,Efectivo,19/08/2024
1238,Florencia Rios,Maipu,2024-12,Yoga,F,41,Activo,25000,0,Efectivo,19/08/2024
1239,Tomas Torres,Guaymallen,2024-12,Funcional,F,37,Activo,35000,20000,Tarjeta,08/12/2024
1240,Paula Rodriguez,Mendoza Ciudad,2024-07,Musculacion,M,39,Activo,35000,20000,Transferencia,27/07/2024
1240,Paula Rodriguez,Mendoza Ciudad,2024-08,Musculacion,M,39,Inactivo,0,0,Transferencia,27/07/2024
1240,Paula Rodriguez,Mendoza Ciudad,2024-09,Musculacion,M,39,Activo,35000,0,Transferencia,27/07/2024
1240,Paula Rodriguez,Mendoza Ciudad,2024-10,Musculacion,M,39,Activo,35000,0,Transferencia,27/07/2024
1240,Paula Rodriguez,Mendoza Ciudad,2024-11,Musculacion,M,39,Activo,35000,0,Transferencia,27/07/2024
1240,Paula Rodriguez,Mendoza Ciudad,2024-12,Musculacion,M,39,Inactivo,0,0,Transferencia,27/07/2024
1241,Lucia Gomez,Maipu,2024-11,Defensa Personal,M,47,Activo,25000,20000,Efectivo,08/11/2024
1241,Lucia Gomez,Maipu,2024-12,Defensa Personal,M,47,Activo,25000,0,Efectivo,08/11/2024
1242,Florencia Rodriguez,Mendoza Ciudad,2024-11,Funcional,F,34,Activo,35000,20000,Tarjeta,28/11/2024
1242,Florencia Rodriguez,Mendoza Ciudad,2024-12,Funcional,F,34,Activo,35000,0,Tarjeta,28/11/2024
1243,Agustin Torres,Godoy Cruz,2024-10,Spinning,M,38,Activo,25000,20000,Efectivo,14/10/2024
1243,Agustin Torres,Godoy Cruz,2024-11,Spinning,M,38,Activo,25000,0,Efectivo,14/10/2024
1243,Agustin Torres,Godoy Cruz,2024-12,Spinning,M,38,Inactivo,0,0,Efectivo,14/10/2024
1244,Diego Molina,Godoy Cruz,2024-01,Musculacion,M,35,Activo,35000,20000,Tarjeta,03/01/2024
1244,Diego Molina,Godoy Cruz,2024-02,Musculacion,M,35,Activo,35000,0,Tarjeta,03/01/2024
1244,Diego Molina,Godoy Cruz,2024-03,Musculacion,M,35,Inactivo,0,0,Tarjeta,03/01/2024
1244,Diego Molina,Godoy Cruz,2024-04,Musculacion,M,35,Inactivo,0,0,Tarjeta,03/01/2024
1244,Diego Molina,Godoy Cruz,2024-05,Musculacion,M,35,Activo,35000,0,Tarjeta,03/01/2024
1244,Diego Molina,Godoy Cruz,2024-06,Musculacion,M,35,Activo,35000,0,Tarjeta,03/01/2024
1244,Diego Molina,Godoy Cruz,2024-07,Musculacion,M,35,Activo,35000,0,Tarjeta,03/01/2024
1244,Diego Molina,Godoy Cruz,2024-08,Musculacion,M,35,Inactivo,0,0,Tarjeta,03/01/2024
1244,Diego Molina,Godoy Cruz,2024-09,Musculacion,M,35,Activo,35000,0,Tarjeta,03/01/2024
1244,Diego Molina,Godoy Cruz,2024-10,Musculacion,M,35,Activo,35000,0,Tarjeta,03/01/2024
1244,Diego Molina,Godoy Cruz,2024-11,Musculacion,M,35,Activo,35000,0,Tarjeta,03/01/2024
1244,Diego Molina,Godoy Cruz,2024-12,Musculacion,M,35,Activo,35000,0,Tarjeta,03/01/2024
1245,Franco Sanchez,Mendoza Ciudad,2024-12,Spinning,F,27,Activo,25000,20000,Transferencia,19/12/2024
1246,Tomas Gimenez,Mendoza Ciudad,2024-03,Spinning,F,29,Activo,25000,20000,Tarjeta,08/03/2024
1246,Tomas Gimenez,Mendoza Ciudad,2024-04,Spinning,F,29,Activo,25000,0,Tarjeta,08/03/2024
1246,Tomas Gimenez,Mendoza Ciudad,2024-05,Spinning,F,29,Inactivo,0,0,Tarjeta,08/03/2024
1246,Tomas Gimenez,Mendoza Ciudad,2024-06,Spinning,F,29,Inactivo,0,0,Tarjeta,08/03/2024
1246,Tomas Gimenez,Mendoza Ciudad,2024-07,Spinning,F,29,Activo,25000,0,Tarjeta,08/03/2024
1246,Tomas Gimenez,Mendoza Ciudad,2024-08,Spinning,F,29,Activo,25000,0,Tarjeta,08/03/2024
1246,Tomas Gimenez,Mendoza Ciudad,2024-09,Spinning,F,29,Activo,25000,0,Tarjeta,08/03/2024
1246,Tomas Gimenez,Mendoza Ciudad,2024-10,Spinning,F,29,Activo,25000,0,Tarjeta,08/03/2024
1246,Tomas Gimenez,Mendoza Ciudad,2024-11,Spinning,F,29,Activo,25000,0,Tarjeta,08/03/2024
1246,Tomas Gimenez,Mendoza Ciudad,2024-12,Spinning,F,29,Activo,25000,0,Tarjeta,08/03/2024
1247,Sofia Gimenez,Mendoza Ciudad,2024-01,Musculacion,M,31,Activo,35000,20000,Transferencia,19/01/2024
1247,Sofia Gimenez,Mendoza Ciudad,2024-01,Yoga,M,31,Inactivo,0,0,Transferencia,19/01/2024
1247,Sofia Gimenez,Mendoza Ciudad,2024-02,Musculacion,M,31,Activo,35000,0,Transferencia,19/01/2024
1247,Sofia Gimenez,Mendoza Ciudad,2024-02,Yoga,M,31,Inactivo,0,0,Transferencia,19/01/2024
1247,Sofia Gimenez,Mendoza Ciudad,2024-03,Musculacion,M,31,Activo,35000,0,Transferencia,19/01/2024
1247,Sofia Gimenez,Mendoza Ciudad,2024-03,Yoga,M,31,Activo,25000,0,Transferencia,19/01/2024
1247,Sofia Gimenez,Mendoza Ciudad,2024-04,Musculacion,M,31,Activo,35000,0,Transferencia,19/01/2024
1247,Sofia Gimenez,Mendoza Ciudad,2024-04,Yoga,M,31,Activo,25000,0,Transferencia,19/01/2024
1247,Sofia Gimenez,Mendoza Ciudad,2024-05,Musculacion,M,31,Inactivo,0,0,Transferencia,19/01/2024
1247,Sofia Gimenez,Mendoza Ciudad,2024-05,Yoga,M,31,Activo,25000,0,Transferencia,19/01/2024
1247,Sofia Gimenez,Mendoza Ciudad,2024-06,Musculacion,M,31,Activo,35000,0,Transferencia,19/01/2024
1247,Sofia Gimenez,Mendoza Ciudad,2024-06,Yoga,M,31,Inactivo,0,0,Transferencia,19/01/2024
1247,Sofia Gimenez,Mendoza Ciudad,2024-07,Musculacion,M,31,Activo,35000,0,Transferencia,19/01/2024
1247,Sofia Gimenez,Mendoza Ciudad,2024-07,Yoga,M,31,Inactivo,0,0,Transferencia,19/01/2024
1247,Sofia Gimenez,Mendoza Ciudad,2024-08,Musculacion,M,31,Activo,35000,0,Transferencia,19/01/2024
1247,Sofia Gimenez,Mendoza Ciudad,2024-08,Yoga,M,31,Activo,25000,0,Transferencia,19/01/2024
1247,Sofia Gimenez,Mendoza Ciudad,2024-09,Musculacion,M,31,Inactivo,0,0,Transferencia,19/01/2024
1247,Sofia Gimenez,Mendoza Ciudad,2024-09,Yoga,M,31,Activo,25000,0,Transferencia,19/01/2024
1247,Sofia Gimenez,Mendoza Ciudad,2024-10,Musculacion,M,31,Activo,35000,0,Transferencia,19/01/2024
1247,Sofia Gimenez,Mendoza Ciudad,2024-10,Yoga,M,31,Activo,25000,0,Transferencia,19/01/2024
1247,Sofia Gimenez,Mendoza Ciudad,2024-11,Musculacion,M,31,Activo,35000,0,Transferencia,19/01/2024
1247,Sofia Gimenez,Mendoza Ciudad,2024-11,Yoga,M,31,Activo,25000,0,Transferencia,19/01/2024
1247,Sofia Gimenez,Mendoza Ciudad,2024-12,Musculacion,M,31,Inactivo,0,0,Transferencia,19/01/2024
1247,Sofia Gimenez,Mendoza Ciudad,2024-12,Yoga,M,31,Activo,25000,0,Transferencia,19/01/2024
1248,Catalina Fernandez,Godoy Cruz,2024-08,Musculacion,M,27,Activo,35000,20000,Tarjeta,13/08/2024
1248,Catalina Fernandez,Godoy Cruz,2024-09,Musculacion,M,27,Activo,35000,0,Tarjeta,13/08/2024
1248,Catalina Fernandez,Godoy Cruz,2024-10,Musculacion,M,27,Inactivo,0,0,Tarjeta,13/08/2024
1248,Catalina Fernandez,Godoy Cruz,2024-11,Musculacion,M,27,Activo,35000,0,Tarjeta,13/08/2024
1248,Catalina Fernandez,Godoy Cruz,2024-12,Musculacion,M,27,Activo,35000,0,Tarjeta,13/08/2024
1249,Bruno Suarez,Mendoza Ciudad,2024-01,Funcional,F,17,Activo,35000,20000,Transferencia,13/01/2024
1249,Bruno Suarez,Mendoza Ciudad,2024-02,Funcional,F,17,Activo,35000,0,Transferencia,13/01/2024
1249,Bruno Suarez,Mendoza Ciudad,2024-03,Funcional,F,17,Activo,35000,0,Transferencia,13/01/2024
1249,Bruno Suarez,Mendoza Ciudad,2024-04,Funcional,F,17,Activo,35000,0,Transferencia,13/01/2024
1249,Bruno Suarez,Mendoza Ciudad,2024-05,Funcional,F,17,Activo,35000,0,Transferencia,13/01/2024
1249,Bruno Suarez,Mendoza Ciudad,2024-06,Funcional,F,17,Inactivo,0,0,Transferencia,13/01/2024
1249,Bruno Suarez,Mendoza Ciudad,2024-07,Funcional,F,17,Inactivo,0,0,Transferencia,13/01/2024
1249,Bruno Suarez,Mendoza Ciudad,2024-08,Funcional,F,17,Inactivo,0,0,Transferencia,13/01/2024
1249,Bruno Suarez,Mendoza Ciudad,2024-09,Funcional,F,17,Activo,35000,0,Transferencia,13/01/2024
1249,Bruno Suarez,Mendoza Ciudad,2024-10,Funcional,F,17,Activo,35000,0,Transferencia,13/01/2024
1249,Bruno Suarez,Mendoza Ciudad,2024-11,Funcional,F,17,Activo,35000,0,Transferencia,13/01/2024
1249,Bruno Suarez,Mendoza Ciudad,2024-12,Funcional,F,17,Activo,35000,0,Transferencia,13/01/2024
1250,Paula Romero,Mendoza Ciudad,2024-02,Funcional,M,48,Activo,35000,20000,Transferencia,24/02/2024
1250,Paula Romero,Mendoza Ciudad,2024-03,Funcional,M,48,Activo,35000,0,Transferencia,24/02/2024
1250,Paula Romero,Mendoza Ciudad,2024-04,Funcional,M,48,Inactivo,0,0,Transferencia,24/02/2024
1250,Paula Romero,Mendoza Ciudad,2024-05,Funcional,M,48,Activo,35000,0,Transferencia,24/02/2024
1250,Paula Romero,Mendoza Ciudad,2024-06,Funcional,M,48,Activo,35000,0,Transferencia,24/02/2024
1250,Paula Romero,Mendoza Ciudad,2024-07,Funcional,M,48,Activo,35000,0,Transferencia,24/02/2024
1250,Paula Romero,Mendoza Ciudad,2024-08,Funcional,M,48,Activo,35000,0,Transferencia,24/02/2024
1250,Paula Romero,Mendoza Ciudad,2024-09,Funcional,M,48,Activo,35000,0,Transferencia,24/02/2024
1250,Paula Romero,Mendoza Ciudad,2024-10,Funcional,M,48,Inactivo,0,0,Transferencia,24/02/2024
1250,Paula Romero,Mendoza Ciudad,2024-11,Funcional,M,48,Activo,35000,0,Transferencia,24/02/2024
1250,Paula Romero,Mendoza Ciudad,2024-12,Funcional,M,48,Activo,35000,0,Transferencia,24/02/2024
1251,Bruno Rios,Mendoza Ciudad,2024-07,Yoga,M,33,Activo,25000,20000,Tarjeta,24/07/2024
1251,Bruno Rios,Mendoza Ciudad,2024-08,Yoga,M,33,Inactivo,0,0,Tarjeta,24/07/2024
1251,Bruno Rios,Mendoza Ciudad,2024-09,Yoga,M,33,Activo,25000,0,Tarjeta,24/07/2024
1251,Bruno Rios,Mendoza Ciudad,2024-10,Yoga,M,33,Activo,25000,0,Tarjeta,24/07/2024
1251,Bruno Rios,Mendoza Ciudad,2024-11,Yoga,M,33,Activo,25000,0,Tarjeta,24/07/2024
1251,Bruno Rios,Mendoza Ciudad,2024-12,Yoga,M,33,Activo,25000,0,Tarjeta,24/07/2024
1252,Lucia Cruz,Mendoza Ciudad,2024-08,Musculacion,M,58,Activo,35000,20000,Transferencia,20/08/2024
1252,Lucia Cruz,Mendoza Ciudad,2024-09,Musculacion,M,58,Activo,35000,0,Transferencia,20/08/2024
1252,Lucia Cruz,Mendoza Ciudad,2024-10,Musculacion,M,58,Activo,35000,0,Transferencia,20/08/2024
1252,Lucia Cruz,Mendoza Ciudad,2024-11,Musculacion,M,58,Activo,35000,0,Transferencia,20/08/2024
1252,Lucia Cruz,Mendoza Ciudad,2024-12,Musculacion,M,58,Activo,35000,0,Transferencia,20/08/2024
1253,Valentin Dominguez,Guaymallen,2024-02,Spinning,F,25,Activo,25000,20000,Transferencia,07/02/2024
1253,Valentin Dominguez,Guaymallen,2024-03,Spinning,F,25,Activo,25000,0,Transferencia,07/02/2024
1253,Valentin Dominguez,Guaymallen,2024-04,Spinning,F,25,Activo,25000,0,Transferencia,07/02/2024
1253,Valentin Dominguez,Guaymallen,2024-05,Spinning,F,25,Inactivo,0,0,Transferencia,07/02/2024
1253,Valentin Dominguez,Guaymallen,2024-06,Spinning,F,25,Activo,25000,0,Transferencia,07/02/2024
1253,Valentin Dominguez,Guaymallen,2024-07,Spinning,F,25,Inactivo,0,0,Transferencia,07/02/2024
1253,Valentin Dominguez,Guaymallen,2024-08,Spinning,F,25,Inactivo,0,0,Transferencia,07/02/2024
1253,Valentin Dominguez,Guaymallen,2024-09,Spinning,F,25,Inactivo,0,0,Transferencia,07/02/2024
1253,Valentin Dominguez,Guaymallen,2024-10,Spinning,F,25,Activo,25000,0,Transferencia,07/02/2024
1253,Valentin Dominguez,Guaymallen,2024-11,Spinning,F,25,Activo,25000,0,Transferencia,07/02/2024
1253,Valentin Dominguez,Guaymallen,2024-12,Spinning,F,25,Activo,25000,0,Transferencia,07/02/2024
1254,Tomas Perez,Godoy Cruz,2024-04,Musculacion,M,52,Activo,35000,20000,Tarjeta,28/04/2024
1254,Tomas Perez,Godoy Cruz,2024-05,Musculacion,M,52,Activo,35000,0,Tarjeta,28/04/2024
1254,Tomas Perez,Godoy Cruz,2024-06,Musculacion,M,52,Activo,35000,0,Tarjeta,28/04/2024
1254,Tomas Perez,Godoy Cruz,2024-07,Musculacion,M,52,Activo,35000,0,Tarjeta,28/04/2024
1254,Tomas Perez,Godoy Cruz,2024-08,Musculacion,M,52,Activo,35000,0,Tarjeta,28/04/2024
1254,Tomas Perez,Godoy Cruz,2024-09,Musculacion,M,52,Activo,35000,0,Tarjeta,28/04/2024
1254,Tomas Perez,Godoy Cruz,2024-10,Musculacion,M,52,Activo,35000,0,Tarjeta,28/04/2024
1254,Tomas Perez,Godoy Cruz,2024-11,Musculacion,M,52,Activo,35000,0,Tarjeta,28/04/2024
1254,Tomas Perez,Godoy Cruz,2024-12,Musculacion,M,52,Activo,35000,0,Tarjeta,28/04/2024
1255,Milagros Romero,Mendoza Ciudad,2024-12,Defensa Personal,M,17,Activo,25000,20000,Tarjeta,16/12/2024
1256,Milagros Romero,Guaymallen,2024-10,Musculacion,M,29,Activo,35000,20000,Tarjeta,28/10/2024
1256,Milagros Romero,Guaymallen,2024-11,Musculacion,M,29,Activo,35000,0,Tarjeta,28/10/2024
1256,Milagros Romero,Guaymallen,2024-12,Musculacion,M,29,Activo,35000,0,Tarjeta,28/10/2024
1257,Bruno Romero,Godoy Cruz,2024-06,Spinning,M,34,Activo,25000,20000,Transferencia,21/06/2024
1257,Bruno Romero,Godoy Cruz,2024-07,Spinning,M,34,Inactivo,0,0,Transferencia,21/06/2024
1257,Bruno Romero,Godoy Cruz,2024-08,Spinning,M,34,Activo,25000,0,Transferencia,21/06/2024
1257,Bruno Romero,Godoy Cruz,2024-09,Spinning,M,34,Inactivo,0,0,Transferencia,21/06/2024
1257,Bruno Romero,Godoy Cruz,2024-10,Spinning,M,34,Inactivo,0,0,Transferencia,21/06/2024
1257,Bruno Romero,Godoy Cruz,2024-11,Spinning,M,34,Activo,25000,0,Transferencia,21/06/2024
1257,Bruno Romero,Godoy Cruz,2024-12,Spinning,M,34,Activo,25000,0,Transferencia,21/06/2024
1258,Milagros Suarez,Guaymallen,2024-02,Yoga,M,27,Activo,25000,20000,Transferencia,11/02/2024
1258,Milagros Suarez,Guaymallen,2024-03,Yoga,M,27,Activo,25000,0,Transferencia,11/02/2024
1258,Milagros Suarez,Guaymallen,2024-04,Yoga,M,27,Activo,25000,0,Transferencia,11/02/2024
1258,Milagros Suarez,Guaymallen,2024-05,Yoga,M,27,Activo,25000,0,Transferencia,11/02/2024
1258,Milagros Suarez,Guaymallen,2024-06,Yoga,M,27,Inactivo,0,0,Transferencia,11/02/2024
1258,Milagros Suarez,Guaymallen,2024-07,Yoga,M,27,Inactivo,0,0,Transferencia,11/02/2024
1258,Milagros Suarez,Guaymallen,2024-08,Yoga,M,27,Activo,25000,0,Transferencia,11/02/2024
1258,Milagros Suarez,Guaymallen,2024-09,Yoga,M,27,Activo,25000,0,Transferencia,11/02/2024
1258,Milagros Suarez,Guaymallen,2024-10,Yoga,M,27,Activo,25000,0,Transferencia,11/02/2024
1258,Milagros Suarez,Guaymallen,2024-11,Yoga,M,27,Activo,25000,0,Transferencia,11/02/2024
1258,Milagros Suarez,Guaymallen,2024-12,Yoga,M,27,Activo,25000,0,Transferencia,11/02/2024
1259,Catalina Rodriguez,Mendoza Ciudad,2024-05,Funcional,F,67,Activo,35000,20000,Efectivo,01/05/2024
1259,Catalina Rodriguez,Mendoza Ciudad,2024-06,Funcional,F,67,Inactivo,0,0,Efectivo,01/05/2024
1259,Catalina Rodriguez,Mendoza Ciudad,2024-07,Funcional,F,67,Activo,35000,0,Efectivo,01/05/2024
1259,Catalina Rodriguez,Mendoza Ciudad,2024-08,Funcional,F,67,Activo,35000,0,Efectivo,01/05/2024
1259,Catalina Rodriguez,Mendoza Ciudad,2024-09,Funcional,F,67,Inactivo,0,0,Efectivo,01/05/2024
1259,Catalina Rodriguez,Mendoza Ciudad,2024-10,Funcional,F,67,Activo,35000,0,Efectivo,01/05/2024
1259,Catalina Rodriguez,Mendoza Ciudad,2024-11,Funcional,F,67,Activo,35000,0,Efectivo,01/05/2024
1259,Catalina Rodriguez,Mendoza Ciudad,2024-12,Funcional,F,67,Activo,35000,0,Efectivo,01/05/2024
1260,Agustin Navarro,Mendoza Ciudad,2024-04,Spinning,M,38,Activo,25000,20000,Tarjeta,27/04/2024
1260,Agustin Navarro,Mendoza Ciudad,2024-05,Spinning,M,38,Activo,25000,0,Tarjeta,27/04/2024
1260,Agustin Navarro,Mendoza Ciudad,2024-06,Spinning,M,38,Inactivo,0,0,Tarjeta,27/04/2024
1260,Agustin Navarro,Mendoza Ciudad,2024-07,Spinning,M,38,Inactivo,0,0,Tarjeta,27/04/2024
1260,Agustin Navarro,Mendoza Ciudad,2024-08,Spinning,M,38,Inactivo,0,0,Tarjeta,27/04/2024
1260,Agustin Navarro,Mendoza Ciudad,2024-09,Spinning,M,38,Activo,25000,0,Tarjeta,27/04/2024
1260,Agustin Navarro,Mendoza Ciudad,2024-10,Spinning,M,38,Activo,25000,0,Tarjeta,27/04/2024
1260,Agustin Navarro,Mendoza Ciudad,2024-11,Spinning,M,38,Activo,25000,0,Tarjeta,27/04/2024
1260,Agustin Navarro,Mendoza Ciudad,2024-12,Spinning,M,38,Activo,25000,0,Tarjeta,27/04/2024
1261,Pedro Molina,Guaymallen,2024-12,Musculacion,M,27,Activo,35000,20000,Efectivo,17/12/2024
1262,Tomas Molina,Mendoza Ciudad,2024-10,Spinning,M,26,Activo,25000,20000,Tarjeta,14/10/2024
1262,Tomas Molina,Mendoza Ciudad,2024-10,Funcional,M,26,Activo,35000,0,Tarjeta,14/10/2024
1262,Tomas Molina,Mendoza Ciudad,2024-11,Spinning,M,26,Activo,25000,0,Tarjeta,14/10/2024
1262,Tomas Molina,Mendoza Ciudad,2024-11,Funcional,M,26,Activo,35000,0,Tarjeta,14/10/2024
1262,Tomas Molina,Mendoza Ciudad,2024-12,Spinning,M,26,Activo,25000,0,Tarjeta,14/10/2024
1262,Tomas Molina,Mendoza Ciudad,2024-12,Funcional,M,26,Activo,35000,0,Tarjeta,14/10/2024
1263,Florencia Romero,Mendoza Ciudad,2024-12,Yoga,M,39,Activo,25000,0,Tarjeta,13/12/2024
1263,Florencia Romero,Mendoza Ciudad,2024-12,Funcional,M,39,Activo,35000,20000,Tarjeta,13/12/2024
1264,Florencia Fernandez,Mendoza Ciudad,2024-04,Musculacion,M,51,Activo,35000,20000,Tarjeta,09/04/2024
1264,Florencia Fernandez,Mendoza Ciudad,2024-05,Musculacion,M,51,Activo,35000,0,Tarjeta,09/04/2024
1264,Florencia Fernandez,Mendoza Ciudad,2024-06,Musculacion,M,51,Activo,35000,0,Tarjeta,09/04/2024
1264,Florencia Fernandez,Mendoza Ciudad,2024-07,Musculacion,M,51,Activo,35000,0,Tarjeta,09/04/2024
1264,Florencia Fernandez,Mendoza Ciudad,2024-08,Musculacion,M,51,Activo,35000,0,Tarjeta,09/04/2024
1264,Florencia Fernandez,Mendoza Ciudad,2024-09,Musculacion,M,51,Activo,35000,0,Tarjeta,09/04/2024
1264,Florencia Fernandez,Mendoza Ciudad,2024-10,Musculacion,M,51,Activo,35000,0,Tarjeta,09/04/2024
1264,Florencia Fernandez,Mendoza Ciudad,2024-11,Musculacion,M,51,Activo,35000,0,Tarjeta,09/04/2024
1264,Florencia Fernandez,Mendoza Ciudad,2024-12,Musculacion,M,51,Activo,35000,0,Tarjeta,09/04/2024
1265,Carlos Sanchez,Maipu,2024-01,Spinning,F,21,Activo,25000,20000,Efectivo,26/01/2024
1265,Carlos Sanchez,Maipu,2024-02,Spinning,F,21,Activo,25000,0,Efectivo,26/01/2024
1265,Carlos Sanchez,Maipu,2024-03,Spinning,F,21,Activo,25000,0,Efectivo,26/01/2024
1265,Carlos Sanchez,Maipu,2024-04,Spinning,F,21,Activo,25000,0,Efectivo,26/01/2024
1265,Carlos Sanchez,Maipu,2024-05,Spinning,F,21,Activo,25000,0,Efectivo,26/01/2024
1265,Carlos Sanchez,Maipu,2024-06,Spinning,F,21,Activo,25000,0,Efectivo,26/01/2024
1265,Carlos Sanchez,Maipu,2024-07,Spinning,F,21,Activo,25000,0,Efectivo,26/01/2024
1265,Carlos Sanchez,Maipu,2024-08,Spinning,F,21,Inactivo,0,0,Efectivo,26/01/2024
1265,Carlos Sanchez,Maipu,2024-09,Spinning,F,21,Activo,25000,0,Efectivo,26/01/2024
1265,Carlos Sanchez,Maipu,2024-10,Spinning,F,21,Inactivo,0,0,Efectivo,26/01/2024
1265,Carlos Sanchez,Maipu,2024-11,Spinning,F,21,Activo,25000,0,Efectivo,26/01/2024
1265,Carlos Sanchez,Maipu,2024-12,Spinning,F,21,Activo,25000,0,Efectivo,26/01/2024
1266,Carlos Lopez,Mendoza Ciudad,2024-02,Musculacion,M,49,Activo,35000,20000,Efectivo,23/02/2024
1266,Carlos Lopez,Mendoza Ciudad,2024-03,Musculacion,M,49,Activo,35000,0,Efectivo,23/02/2024
1266,Carlos Lopez,Mendoza Ciudad,2024-04,Musculacion,M,49,Activo,35000,0,Efectivo,23/02/2024
1266,Carlos Lopez,Mendoza Ciudad,2024-05,Musculacion,M,49,Inactivo,0,0,Efectivo,23/02/2024
1266,Carlos Lopez,Mendoza Ciudad,2024-06,Musculacion,M,49,Activo,35000,0,Efectivo,23/02/2024
1266,Carlos Lopez,Mendoza Ciudad,2024-07,Musculacion,M,49,Inactivo,0,0,Efectivo,23/02/2024
1266,Carlos Lopez,Mendoza Ciudad,2024-08,Musculacion,M,49,Activo,35000,0,Efectivo,23/02/2024
1266,Carlos Lopez,Mendoza Ciudad,2024-09,Musculacion,M,49,Inactivo,0,0,Efectivo,23/02/2024
1266,Carlos Lopez,Mendoza Ciudad,2024-10,Musculacion,M,49,Activo,35000,0,Efectivo,23/02/2024
1266,Carlos Lopez,Mendoza Ciudad,2024-11,Musculacion,M,49,Activo,35000,0,Efectivo,23/02/2024
1266,Carlos Lopez,Mendoza Ciudad,2024-12,Musculacion,M,49,Inactivo,0,0,Efectivo,23/02/2024
1267,Paula Cruz,Mendoza Ciudad,2024-05,Spinning,F,37,Activo,25000,20000,Tarjeta,15/05/2024
1267,Paula Cruz,Mendoza Ciudad,2024-06,Spinning,F,37,Inactivo,0,0,Tarjeta,15/05/2024
1267,Paula Cruz,Mendoza Ciudad,2024-07,Spinning,F,37,Activo,25000,0,Tarjeta,15/05/2024
1267,Paula Cruz,Mendoza Ciudad,2024-08,Spinning,F,37,Inactivo,0,0,Tarjeta,15/05/2024
1267,Paula Cruz,Mendoza Ciudad,2024-09,Spinning,F,37,Activo,25000,0,Tarjeta,15/05/2024
1267,Paula Cruz,Mendoza Ciudad,2024-10,Spinning,F,37,Activo,25000,0,Tarjeta,15/05/2024
1267,Paula Cruz,Mendoza Ciudad,2024-11,Spinning,F,37,Activo,25000,0,Tarjeta,15/05/2024
1267,Paula Cruz,Mendoza Ciudad,2024-12,Spinning,F,37,Activo,25000,0,Tarjeta,15/05/2024
1268,Sofia Rios,Godoy Cruz,2024-04,Musculacion,M,31,Activo,35000,20000,Tarjeta,12/04/2024
1268,Sofia Rios,Godoy Cruz,2024-05,Musculacion,M,31,Activo,35000,0,Tarjeta,12/04/2024
1268,Sofia Rios,Godoy Cruz,2024-06,Musculacion,M,31,Inactivo,0,0,Tarjeta,12/04/2024
1268,Sofia Rios,Godoy Cruz,2024-07,Musculacion,M,31,Activo,35000,0,Tarjeta,12/04/2024
1268,Sofia Rios,Godoy Cruz,2024-08,Musculacion,M,31,Activo,35000,0,Tarjeta,12/04/2024
1268,Sofia Rios,Godoy Cruz,2024-09,Musculacion,M,31,Activo,35000,0,Tarjeta,12/04/2024
1268,Sofia Rios,Godoy Cruz,2024-10,Musculacion,M,31,Activo,35000,0,Tarjeta,12/04/2024
1268,Sofia Rios,Godoy Cruz,2024-11,Musculacion,M,31,Inactivo,0,0,Tarjeta,12/04/2024
1268,Sofia Rios,Godoy Cruz,2024-12,Musculacion,M,31,Activo,35000,0,Tarjeta,12/04/2024
1269,Valentin Castro,Godoy Cruz,2024-11,Spinning,M,28,Activo,25000,20000,Efectivo,14/11/2024
1269,Valentin Castro,Godoy Cruz,2024-12,Spinning,M,28,Inactivo,0,0,Efectivo,14/11/2024
1270,Carlos Romero,Mendoza Ciudad,2024-04,Funcional,F,19,Activo,35000,20000,Transferencia,15/04/2024
1270,Carlos Romero,Mendoza Ciudad,2024-05,Funcional,F,19,Activo,35000,0,Transferencia,15/04/2024
1270,Carlos Romero,Mendoza Ciudad,2024-06,Funcional,F,19,Inactivo,0,0,Transferencia,15/04/2024
1270,Carlos Romero,Mendoza Ciudad,2024-07,Funcional,F,19,Activo,35000,0,Transferencia,15/04/2024
1270,Carlos Romero,Mendoza Ciudad,2024-08,Funcional,F,19,Activo,35000,0,Transferencia,15/04/2024
1270,Carlos Romero,Mendoza Ciudad,2024-09,Funcional,F,19,Activo,35000,0,Transferencia,15/04/2024
1270,Carlos Romero,Mendoza Ciudad,2024-10,Funcional,F,19,Activo,35000,0,Transferencia,15/04/2024
1270,Carlos Romero,Mendoza Ciudad,2024-11,Funcional,F,19,Activo,35000,0,Transferencia,15/04/2024
1270,Carlos Romero,Mendoza Ciudad,2024-12,Funcional,F,19,Activo,35000,0,Transferencia,15/04/2024
1271,Julieta Torres,Guaymallen,2024-07,Funcional,M,29,Activo,35000,20000,Tarjeta,11/07/2024
1271,Julieta Torres,Guaymallen,2024-08,Funcional,M,29,Inactivo,0,0,Tarjeta,11/07/2024
1271,Julieta Torres,Guaymallen,2024-09,Funcional,M,29,Activo,35000,0,Tarjeta,11/07/2024
1271,Julieta Torres,Guaymallen,2024-10,Funcional,M,29,Activo,35000,0,Tarjeta,11/07/2024
1271,Julieta Torres,Guaymallen,2024-11,Funcional,M,29,Activo,35000,0,Tarjeta,11/07/2024
1271,Julieta Torres,Guaymallen,2024-12,Funcional,M,29,Activo,35000,0,Tarjeta,11/07/2024
1272,Sofia Romero,Godoy Cruz,2024-04,Musculacion,M,37,Activo,35000,20000,Transferencia,20/04/2024
1272,Sofia Romero,Godoy Cruz,2024-05,Musculacion,M,37,Inactivo,0,0,Transferencia,20/04/2024
1272,Sofia Romero,Godoy Cruz,2024-06,Musculacion,M,37,Activo,35000,0,Transferencia,20/04/2024
1272,Sofia Romero,Godoy Cruz,2024-07,Musculacion,M,37,Activo,35000,0,Transferencia,20/04/2024
1272,Sofia Romero,Godoy Cruz,2024-08,Musculacion,M,37,Activo,35000,0,Transferencia,20/04/2024
1272,Sofia Romero,Godoy Cruz,2024-09,Musculacion,M,37,Activo,35000,0,Transferencia,20/04/2024
1272,Sofia Romero,Godoy Cruz,2024-10,Musculacion,M,37,Activo,35000,0,Transferencia,20/04/2024
1272,Sofia Romero,Godoy Cruz,2024-11,Musculacion,M,37,Activo,35000,0,Transferencia,20/04/2024
1272,Sofia Romero,Godoy Cruz,2024-12,Musculacion,M,37,Activo,35000,0,Transferencia,20/04/2024
1273,Catalina Navarro,Godoy Cruz,2024-01,Musculacion,M,20,Activo,35000,20000,Transferencia,14/01/2024
1273,Catalina Navarro,Godoy Cruz,2024-02,Musculacion,M,20,Activo,35000,0,Transferencia,14/01/2024
1273,Catalina Navarro,Godoy Cruz,2024-03,Musculacion,M,20,Activo,35000,0,Transferencia,14/01/2024
1273,Catalina Navarro,Godoy Cruz,2024-04,Musculacion,M,20,Activo,35000,0,Transferencia,14/01/2024
1273,Catalina Navarro,Godoy Cruz,2024-05,Musculacion,M,20,Activo,35000,0,Transferencia,14/01/2024
1273,Catalina Navarro,Godoy Cruz,2024-06,Musculacion,M,20,Inactivo,0,0,Transferencia,14/01/2024
1273,Catalina Navarro,Godoy Cruz,2024-07,Musculacion,M,20,Inactivo,0,0,Transferencia,14/01/2024
1273,Catalina Navarro,Godoy Cruz,2024-08,Musculacion,M,20,Inactivo,0,0,Transferencia,14/01/2024
1273,Catalina Navarro,Godoy Cruz,2024-09,Musculacion,M,20,Activo,35000,0,Transferencia,14/01/2024
1273,Catalina Navarro,Godoy Cruz,2024-10,Musculacion,M,20,Activo,35000,0,Transferencia,14/01/2024
1273,Catalina Navarro,Godoy Cruz,2024-11,Musculacion,M,20,Activo,35000,0,Transferencia,14/01/2024
1273,Catalina Navarro,Godoy Cruz,2024-12,Musculacion,M,20,Activo,35000,0,Transferencia,14/01/2024
1274,Franco Fernandez,Mendoza Ciudad,2024-05,Musculacion,M,35,Activo,35000,20000,Transferencia,20/05/2024
1274,Franco Fernandez,Mendoza Ciudad,2024-06,Musculacion,M,35,Inactivo,0,0,Transferencia,20/05/2024
1274,Franco Fernandez,Mendoza Ciudad,2024-07,Musculacion,M,35,Inactivo,0,0,Transferencia,20/05/2024
1274,Franco Fernandez,Mendoza Ciudad,2024-08,Musculacion,M,35,Inactivo,0,0,Transferencia,20/05/2024
1274,Franco Fernandez,Mendoza Ciudad,2024-09,Musculacion,M,35,Activo,35000,0,Transferencia,20/05/2024
1274,Franco Fernandez,Mendoza Ciudad,2024-10,Musculacion,M,35,Activo,35000,0,Transferencia,20/05/2024
1274,Franco Fernandez,Mendoza Ciudad,2024-11,Musculacion,M,35,Activo,35000,0,Transferencia,20/05/2024
1274,Franco Fernandez,Mendoza Ciudad,2024-12,Musculacion,M,35,Activo,35000,0,Transferencia,20/05/2024
1275,Bruno Molina,Mendoza Ciudad,2024-02,Yoga,F,23,Activo,25000,20000,Transferencia,15/02/2024
1275,Bruno Molina,Mendoza Ciudad,2024-03,Yoga,F,23,Activo,25000,0,Transferencia,15/02/2024
1275,Bruno Molina,Mendoza Ciudad,2024-04,Yoga,F,23,Activo,25000,0,Transferencia,15/02/2024
1275,Bruno Molina,Mendoza Ciudad,2024-05,Yoga,F,23,Activo,25000,0,Transferencia,15/02/2024
1275,Bruno Molina,Mendoza Ciudad,2024-06,Yoga,F,23,Activo,25000,0,Transferencia,15/02/2024
1275,Bruno Molina,Mendoza Ciudad,2024-07,Yoga,F,23,Inactivo,0,0,Transferencia,15/02/2024
1275,Bruno Molina,Mendoza Ciudad,2024-08,Yoga,F,23,Inactivo,0,0,Transferencia,15/02/2024
1275,Bruno Molina,Mendoza Ciudad,2024-09,Yoga,F,23,Activo,25000,0,Transferencia,15/02/2024
1275,Bruno Molina,Mendoza Ciudad,2024-10,Yoga,F,23,Activo,25000,0,Transferencia,15/02/2024
1275,Bruno Molina,Mendoza Ciudad,2024-11,Yoga,F,23,Inactivo,0,0,Transferencia,15/02/2024
1275,Bruno Molina,Mendoza Ciudad,2024-12,Yoga,F,23,Activo,25000,0,Transferencia,15/02/2024
1276,Bruno Romero,Maipu,2024-12,Funcional,F,19,Activo,35000,20000,Efectivo,16/12/2024
1277,Maria Gimenez,Lujan de Cuyo,2024-11,Funcional,M,68,Activo,35000,20000,Tarjeta,18/11/2024
1277,Maria Gimenez,Lujan de Cuyo,2024-12,Funcional,M,68,Activo,35000,0,Tarjeta,18/11/2024
1278,Sofia Torres,Mendoza Ciudad,2024-08,Musculacion,F,31,Activo,35000,20000,Efectivo,22/08/2024
1278,Sofia Torres,Mendoza Ciudad,2024-09,Musculacion,F,31,Inactivo,0,0,Efectivo,22/08/2024
1278,Sofia Torres,Mendoza Ciudad,2024-10,Musculacion,F,31,Activo,35000,0,Efectivo,22/08/2024
1278,Sofia Torres,Mendoza Ciudad,2024-11,Musculacion,F,31,Activo,35000,0,Efectivo,22/08/2024
1278,Sofia Torres,Mendoza Ciudad,2024-12,Musculacion,F,31,Inactivo,0,0,Efectivo,22/08/2024
1279,Juan Castro,Mendoza Ciudad,2024-07,Musculacion,F,33,Activo,35000,20000,Tarjeta,22/07/2024
1279,Juan Castro,Mendoza Ciudad,2024-08,Musculacion,F,33,Inactivo,0,0,Tarjeta,22/07/2024
1279,Juan Castro,Mendoza Ciudad,2024-09,Musculacion,F,33,Activo,35000,0,Tarjeta,22/07/2024
1279,Juan Castro,Mendoza Ciudad,2024-10,Musculacion,F,33,Activo,35000,0,Tarjeta,22/07/2024
1279,Juan Castro,Mendoza Ciudad,2024-11,Musculacion,F,33,Activo,35000,0,Tarjeta,22/07/2024
1279,Juan Castro,Mendoza Ciudad,2024-12,Musculacion,F,33,Activo,35000,0,Tarjeta,22/07/2024
1280,Tomas Dominguez,Godoy Cruz,2024-09,Defensa Personal,M,25,Activo,25000,20000,Transferencia,26/09/2024
1280,Tomas Dominguez,Godoy Cruz,2024-10,Defensa Personal,M,25,Activo,25000,0,Transferencia,26/09/2024
1280,Tomas Dominguez,Godoy Cruz,2024-11,Defensa Personal,M,25,Inactivo,0,0,Transferencia,26/09/2024
1280,Tomas Dominguez,Godoy Cruz,2024-12,Defensa Personal,M,25,Activo,25000,0,Transferencia,26/09/2024
1281,Catalina Gimenez,Guaymallen,2024-07,Yoga,F,34,Activo,25000,20000,Transferencia,22/07/2024
1281,Catalina Gimenez,Guaymallen,2024-08,Yoga,F,34,Inactivo,0,0,Transferencia,22/07/2024
1281,Catalina Gimenez,Guaymallen,2024-09,Yoga,F,34,Activo,25000,0,Transferencia,22/07/2024
1281,Catalina Gimenez,Guaymallen,2024-10,Yoga,F,34,Activo,25000,0,Transferencia,22/07/2024
1281,Catalina Gimenez,Guaymallen,2024-11,Yoga,F,34,Activo,25000,0,Transferencia,22/07/2024
1281,Catalina Gimenez,Guaymallen,2024-12,Yoga,F,34,Inactivo,0,0,Transferencia,22/07/2024
1282,Carlos Romero,Guaymallen,2024-02,Funcional,M,44,Activo,35000,20000,Transferencia,24/02/2024
1282,Carlos Romero,Guaymallen,2024-03,Funcional,M,44,Activo,35000,0,Transferencia,24/02/2024
1282,Carlos Romero,Guaymallen,2024-04,Funcional,M,44,Activo,35000,0,Transferencia,24/02/2024
1282,Carlos Romero,Guaymallen,2024-05,Funcional,M,44,Activo,35000,0,Transferencia,24/02/2024
1282,Carlos Romero,Guaymallen,2024-06,Funcional,M,44,Inactivo,0,0,Transferencia,24/02/2024
1282,Carlos Romero,Guaymallen,2024-07,Funcional,M,44,Activo,35000,0,Transferencia,24/02/2024
1282,Carlos Romero,Guaymallen,2024-08,Funcional,M,44,Inactivo,0,0,Transferencia,24/02/2024
1282,Carlos Romero,Guaymallen,2024-09,Funcional,M,44,Activo,35000,0,Transferencia,24/02/2024
1282,Carlos Romero,Guaymallen,2024-10,Funcional,M,44,Activo,35000,0,Transferencia,24/02/2024
1282,Carlos Romero,Guaymallen,2024-11,Funcional,M,44,Activo,35000,0,Transferencia,24/02/2024
1282,Carlos Romero,Guaymallen,2024-12,Funcional,M,44,Activo,35000,0,Transferencia,24/02/2024
1283,Pedro Fernandez,Mendoza Ciudad,2024-04,Musculacion,M,28,Activo,35000,20000,Tarjeta,10/04/2024
1283,Pedro Fernandez,Mendoza Ciudad,2024-05,Musculacion,M,28,Activo,35000,0,Tarjeta,10/04/2024
1283,Pedro Fernandez,Mendoza Ciudad,2024-06,Musculacion,M,28,Activo,35000,0,Tarjeta,10/04/2024
1283,Pedro Fernandez,Mendoza Ciudad,2024-07,Musculacion,M,28,Activo,35000,0,Tarjeta,10/04/2024
1283,Pedro Fernandez,Mendoza Ciudad,2024-08,Musculacion,M,28,Activo,35000,0,Tarjeta,10/04/2024
1283,Pedro Fernandez,Mendoza Ciudad,2024-09,Musculacion,M,28,Activo,35000,0,Tarjeta,10/04/2024
1283,Pedro Fernandez,Mendoza Ciudad,2024-10,Musculacion,M,28,Activo,35000,0,Tarjeta,10/04/2024
1283,Pedro Fernandez,Mendoza Ciudad,2024-11,Musculacion,M,28,Activo,35000,0,Tarjeta,10/04/2024
1283,Pedro Fernandez,Mendoza Ciudad,2024-12,Musculacion,M,28,Activo,35000,0,Tarjeta,10/04/2024
1284,Florencia Perez,Mendoza Ciudad,2024-04,Yoga,M,48,Activo,25000,20000,Tarjeta,24/04/2024
1284,Florencia Perez,Mendoza Ciudad,2024-05,Yoga,M,48,Inactivo,0,0,Tarjeta,24/04/2024
1284,Florencia Perez,Mendoza Ciudad,2024-06,Yoga,M,48,Inactivo,0,0,Tarjeta,24/04/2024
1284,Florencia Perez,Mendoza Ciudad,2024-07,Yoga,M,48,Activo,25000,0,Tarjeta,24/04/2024
1284,Florencia Perez,Mendoza Ciudad,2024-08,Yoga,M,48,Inactivo,0,0,Tarjeta,24/04/2024
1284,Florencia Perez,Mendoza Ciudad,2024-09,Yoga,M,48,Activo,25000,0,Tarjeta,24/04/2024
1284,Florencia Perez,Mendoza Ciudad,2024-10,Yoga,M,48,Activo,25000,0,Tarjeta,24/04/2024
1284,Florencia Perez,Mendoza Ciudad,2024-11,Yoga,M,48,Activo,25000,0,Tarjeta,24/04/2024
1284,Florencia Perez,Mendoza Ciudad,2024-12,Yoga,M,48,Activo,25000,0,Tarjeta,24/04/2024
1285,Pedro Herrera,Mendoza Ciudad,2024-10,Musculacion,F,69,Activo,35000,20000,Transferencia,20/10/2024
1285,Pedro Herrera,Mendoza Ciudad,2024-11,Musculacion,F,69,Activo,35000,0,Transferencia,20/10/2024
1285,Pedro Herrera,Mendoza Ciudad,2024-12,Musculacion,F,69,Activo,35000,0,Transferencia,20/10/2024
1286,Sofia Vega,Mendoza Ciudad,2024-11,Spinning,M,35,Activo,25000,20000,Tarjeta,22/11/2024
1286,Sofia Vega,Mendoza Ciudad,2024-12,Spinning,M,35,Activo,25000,0,Tarjeta,22/11/2024
1287,Juan Rodriguez,Godoy Cruz,2024-08,Spinning,F,16,Activo,25000,20000,Tarjeta,14/08/2024
1287,Juan Rodriguez,Godoy Cruz,2024-09,Spinning,F,16,Inactivo,0,0,Tarjeta,14/08/2024
1287,Juan Rodriguez,Godoy Cruz,2024-10,Spinning,F,16,Activo,25000,0,Tarjeta,14/08/2024
1287,Juan Rodriguez,Godoy Cruz,2024-11,Spinning,F,16,Activo,25000,0,Tarjeta,14/08/2024
1287,Juan Rodriguez,Godoy Cruz,2024-12,Spinning,F,16,Activo,25000,0,Tarjeta,14/08/2024
1288,Camila Lopez,Maipu,2024-04,Funcional,M,53,Activo,35000,20000,Tarjeta,21/04/2024
1288,Camila Lopez,Maipu,2024-05,Funcional,M,53,Activo,35000,0,Tarjeta,21/04/2024
1288,Camila Lopez,Maipu,2024-06,Funcional,M,53,Inactivo,0,0,Tarjeta,21/04/2024
1288,Camila Lopez,Maipu,2024-07,Funcional,M,53,Inactivo,0,0,Tarjeta,21/04/2024
1288,Camila Lopez,Maipu,2024-08,Funcional,M,53,Inactivo,0,0,Tarjeta,21/04/2024
1288,Camila Lopez,Maipu,2024-09,Funcional,M,53,Inactivo,0,0,Tarjeta,21/04/2024
1288,Camila Lopez,Maipu,2024-10,Funcional,M,53,Activo,35000,0,Tarjeta,21/04/2024
1288,Camila Lopez,Maipu,2024-11,Funcional,M,53,Inactivo,0,0,Tarjeta,21/04/2024
1288,Camila Lopez,Maipu,2024-12,Funcional,M,53,Activo,35000,0,Tarjeta,21/04/2024
1289,Sofia Molina,Mendoza Ciudad,2024-05,Spinning,F,17,Activo,25000,20000,Transferencia,08/05/2024
1289,Sofia Molina,Mendoza Ciudad,2024-06,Spinning,F,17,Activo,25000,0,Transferencia,08/05/2024
1289,Sofia Molina,Mendoza Ciudad,2024-07,Spinning,F,17,Activo,25000,0,Transferencia,08/05/2024
1289,Sofia Molina,Mendoza Ciudad,2024-08,Spinning,F,17,Activo,25000,0,Transferencia,08/05/2024
1289,Sofia Molina,Mendoza Ciudad,2024-09,Spinning,F,17,Activo,25000,0,Transferencia,08/05/2024
1289,Sofia Molina,Mendoza Ciudad,2024-10,Spinning,F,17,Activo,25000,0,Transferencia,08/05/2024
1289,Sofia Molina,Mendoza Ciudad,2024-11,Spinning,F,17,Activo,25000,0,Transferencia,08/05/2024
1289,Sofia Molina,Mendoza Ciudad,2024-12,Spinning,F,17,Activo,25000,0,Transferencia,08/05/2024
1290,Julieta Medina,Mendoza Ciudad,2024-10,Funcional,F,25,Activo,35000,20000,Tarjeta,25/10/2024
1290,Julieta Medina,Mendoza Ciudad,2024-11,Funcional,F,25,Activo,35000,0,Tarjeta,25/10/2024
1290,Julieta Medina,Mendoza Ciudad,2024-12,Funcional,F,25,Activo,35000,0,Tarjeta,25/10/2024
1291,Valentin Dominguez,Godoy Cruz,2024-02,Musculacion,M,39,Activo,35000,20000,Transferencia,18/02/2024
1291,Valentin Dominguez,Godoy Cruz,2024-03,Musculacion,M,39,Activo,35000,0,Transferencia,18/02/2024
1291,Valentin Dominguez,Godoy Cruz,2024-04,Musculacion,M,39,Activo,35000,0,Transferencia,18/02/2024
1291,Valentin Dominguez,Godoy Cruz,2024-05,Musculacion,M,39,Activo,35000,0,Transferencia,18/02/2024
1291,Valentin Dominguez,Godoy Cruz,2024-06,Musculacion,M,39,Activo,35000,0,Transferencia,18/02/2024
1291,Valentin Dominguez,Godoy Cruz,2024-07,Musculacion,M,39,Inactivo,0,0,Transferencia,18/02/2024
1291,Valentin Dominguez,Godoy Cruz,2024-08,Musculacion,M,39,Activo,35000,0,Transferencia,18/02/2024
1291,Valentin Dominguez,Godoy Cruz,2024-09,Musculacion,M,39,Activo,35000,0,Transferencia,18/02/2024
1291,Valentin Dominguez,Godoy Cruz,2024-10,Musculacion,M,39,Activo,35000,0,Transferencia,18/02/2024
1291,Valentin Dominguez,Godoy Cruz,2024-11,Musculacion,M,39,Activo,35000,0,Transferencia,18/02/2024
1291,Valentin Dominguez,Godoy Cruz,2024-12,Musculacion,M,39,Inactivo,0,0,Transferencia,18/02/2024
1292,Franco Rios,Godoy Cruz,2024-10,Yoga,F,23,Activo,25000,20000,Tarjeta,24/10/2024
1292,Franco Rios,Godoy Cruz,2024-11,Yoga,F,23,Inactivo,0,0,Tarjeta,24/10/2024
1292,Franco Rios,Godoy Cruz,2024-12,Yoga,F,23,Activo,25000,0,Tarjeta,24/10/2024
1293,Florencia Suarez,Mendoza Ciudad,2024-06,Funcional,F,19,Activo,35000,20000,Tarjeta,19/06/2024
1293,Florencia Suarez,Mendoza Ciudad,2024-07,Funcional,F,19,Inactivo,0,0,Tarjeta,19/06/2024
1293,Florencia Suarez,Mendoza Ciudad,2024-08,Funcional,F,19,Activo,35000,0,Tarjeta,19/06/2024
1293,Florencia Suarez,Mendoza Ciudad,2024-09,Funcional,F,19,Activo,35000,0,Tarjeta,19/06/2024
1293,Florencia Suarez,Mendoza Ciudad,2024-10,Funcional,F,19,Activo,35000,0,Tarjeta,19/06/2024
1293,Florencia Suarez,Mendoza Ciudad,2024-11,Funcional,F,19,Activo,35000,0,Tarjeta,19/06/2024
1293,Florencia Suarez,Mendoza Ciudad,2024-12,Funcional,F,19,Activo,35000,0,Tarjeta,19/06/2024
1294,Franco Torres,Mendoza Ciudad,2024-12,Musculacion,M,21,Activo,35000,20000,Efectivo,13/12/2024
1295,Juan Romero,Mendoza Ciudad,2024-01,Spinning,F,24,Activo,25000,20000,Transferencia,27/01/2024
1295,Juan Romero,Mendoza Ciudad,2024-02,Spinning,F,24,Inactivo,0,0,Transferencia,27/01/2024
1295,Juan Romero,Mendoza Ciudad,2024-03,Spinning,F,24,Activo,25000,0,Transferencia,27/01/2024
1295,Juan Romero,Mendoza Ciudad,2024-04,Spinning,F,24,Activo,25000,0,Transferencia,27/01/2024
1295,Juan Romero,Mendoza Ciudad,2024-05,Spinning,F,24,Inactivo,0,0,Transferencia,27/01/2024
1295,Juan Romero,Mendoza Ciudad,2024-06,Spinning,F,24,Inactivo,0,0,Transferencia,27/01/2024
1295,Juan Romero,Mendoza Ciudad,2024-07,Spinning,F,24,Activo,25000,0,Transferencia,27/01/2024
1295,Juan Romero,Mendoza Ciudad,2024-08,Spinning,F,24,Inactivo,0,0,Transferencia,27/01/2024
1295,Juan Romero,Mendoza Ciudad,2024-09,Spinning,F,24,Activo,25000,0,Transferencia,27/01/2024
1295,Juan Romero,Mendoza Ciudad,2024-10,Spinning,F,24,Activo,25000,0,Transferencia,27/01/2024
1295,Juan Romero,Mendoza Ciudad,2024-11,Spinning,F,24,Activo,25000,0,Transferencia,27/01/2024
1295,Juan Romero,Mendoza Ciudad,2024-12,Spinning,F,24,Activo,25000,0,Transferencia,27/01/2024
1296,Pedro Rios,Godoy Cruz,2024-07,Defensa Personal,M,28,Activo,25000,20000,Transferencia,12/07/2024
1296,Pedro Rios,Godoy Cruz,2024-08,Defensa Personal,M,28,Inactivo,0,0,Transferencia,12/07/2024
1296,Pedro Rios,Godoy Cruz,2024-09,Defensa Personal,M,28,Activo,25000,0,Transferencia,12/07/2024
1296,Pedro Rios,Godoy Cruz,2024-10,Defensa Personal,M,28,Activo,25000,0,Transferencia,12/07/2024
1296,Pedro Rios,Godoy Cruz,2024-11,Defensa Personal,M,28,Inactivo,0,0,Transferencia,12/07/2024
1296,Pedro Rios,Godoy Cruz,2024-12,Defensa Personal,M,28,Activo,25000,0,Transferencia,12/07/2024
1297,Camila Navarro,Mendoza Ciudad,2024-07,Funcional,F,42,Activo,35000,20000,Efectivo,09/07/2024
1297,Camila Navarro,Mendoza Ciudad,2024-08,Funcional,F,42,Activo,35000,0,Efectivo,09/07/2024
1297,Camila Navarro,Mendoza Ciudad,2024-09,Funcional,F,42,Inactivo,0,0,Efectivo,09/07/2024
1297,Camila Navarro,Mendoza Ciudad,2024-10,Funcional,F,42,Activo,35000,0,Efectivo,09/07/2024
1297,Camila Navarro,Mendoza Ciudad,2024-11,Funcional,F,42,Activo,35000,0,Efectivo,09/07/2024
1297,Camila Navarro,Mendoza Ciudad,2024-12,Funcional,F,42,Activo,35000,0,Efectivo,09/07/2024
1298,Franco Cruz,Mendoza Ciudad,2024-02,Funcional,M,33,Activo,35000,20000,Tarjeta,20/02/2024
1298,Franco Cruz,Mendoza Ciudad,2024-03,Funcional,M,33,Activo,35000,0,Tarjeta,20/02/2024
1298,Franco Cruz,Mendoza Ciudad,2024-04,Funcional,M,33,Activo,35000,0,Tarjeta,20/02/2024
1298,Franco Cruz,Mendoza Ciudad,2024-05,Funcional,M,33,Activo,35000,0,Tarjeta,20/02/2024
1298,Franco Cruz,Mendoza Ciudad,2024-06,Funcional,M,33,Activo,35000,0,Tarjeta,20/02/2024
1298,Franco Cruz,Mendoza Ciudad,2024-07,Funcional,M,33,Activo,35000,0,Tarjeta,20/02/2024
1298,Franco Cruz,Mendoza Ciudad,2024-08,Funcional,M,33,Activo,35000,0,Tarjeta,20/02/2024
1298,Franco Cruz,Mendoza Ciudad,2024-09,Funcional,M,33,Activo,35000,0,Tarjeta,20/02/2024
1298,Franco Cruz,Mendoza Ciudad,2024-10,Funcional,M,33,Activo,35000,0,Tarjeta,20/02/2024
1298,Franco Cruz,Mendoza Ciudad,2024-11,Funcional,M,33,Activo,35000,0,Tarjeta,20/02/2024
1298,Franco Cruz,Mendoza Ciudad,2024-12,Funcional,M,33,Activo,35000,0,Tarjeta,20/02/2024
1299,Florencia Suarez,Godoy Cruz,2024-07,Yoga,F,46,Activo,25000,20000,Tarjeta,08/07/2024
1299,Florencia Suarez,Godoy Cruz,2024-08,Yoga,F,46,Activo,25000,0,Tarjeta,08/07/2024
1299,Florencia Suarez,Godoy Cruz,2024-09,Yoga,F,46,Activo,25000,0,Tarjeta,08/07/2024
1299,Florencia Suarez,Godoy Cruz,2024-10,Yoga,F,46,Activo,25000,0,Tarjeta,08/07/2024
1299,Florencia Suarez,Godoy Cruz,2024-11,Yoga,F,46,Activo,25000,0,Tarjeta,08/07/2024
1299,Florencia Suarez,Godoy Cruz,2024-12,Yoga,F,46,Activo,25000,0,Tarjeta,08/07/2024
1300,Pedro Fernandez,Mendoza Ciudad,2024-07,Spinning,M,52,Activo,25000,20000,Tarjeta,10/07/2024
1300,Pedro Fernandez,Mendoza Ciudad,2024-08,Spinning,M,52,Activo,25000,0,Tarjeta,10/07/2024
1300,Pedro Fernandez,Mendoza Ciudad,2024-09,Spinning,M,52,Activo,25000,0,Tarjeta,10/07/2024
1300,Pedro Fernandez,Mendoza Ciudad,2024-10,Spinning,M,52,Inactivo,0,0,Tarjeta,10/07/2024
1300,Pedro Fernandez,Mendoza Ciudad,2024-11,Spinning,M,52,Activo,25000,0,Tarjeta,10/07/2024
1300,Pedro Fernandez,Mendoza Ciudad,2024-12,Spinning,M,52,Activo,25000,0,Tarjeta,10/07/2024
1301,Bruno Torres,Godoy Cruz,2024-04,Musculacion,F,31,Activo,35000,20000,Tarjeta,24/04/2024
1301,Bruno Torres,Godoy Cruz,2024-05,Musculacion,F,31,Activo,35000,0,Tarjeta,24/04/2024
1301,Bruno Torres,Godoy Cruz,2024-06,Musculacion,F,31,Activo,35000,0,Tarjeta,24/04/2024
1301,Bruno Torres,Godoy Cruz,2024-07,Musculacion,F,31,Activo,35000,0,Tarjeta,24/04/2024
1301,Bruno Torres,Godoy Cruz,2024-08,Musculacion,F,31,Activo,35000,0,Tarjeta,24/04/2024
1301,Bruno Torres,Godoy Cruz,2024-09,Musculacion,F,31,Activo,35000,0,Tarjeta,24/04/2024
1301,Bruno Torres,Godoy Cruz,2024-10,Musculacion,F,31,Inactivo,0,0,Tarjeta,24/04/2024
1301,Bruno Torres,Godoy Cruz,2024-11,Musculacion,F,31,Activo,35000,0,Tarjeta,24/04/2024
1301,Bruno Torres,Godoy Cruz,2024-12,Musculacion,F,31,Activo,35000,0,Tarjeta,24/04/2024
1302,Micaela Lopez,Mendoza Ciudad,2024-07,Funcional,F,34,Activo,35000,20000,Transferencia,02/07/2024
1302,Micaela Lopez,Mendoza Ciudad,2024-08,Funcional,F,34,Inactivo,0,0,Transferencia,02/07/2024
1302,Micaela Lopez,Mendoza Ciudad,2024-09,Funcional,F,34,Activo,35000,0,Transferencia,02/07/2024
1302,Micaela Lopez,Mendoza Ciudad,2024-10,Funcional,F,34,Activo,35000,0,Transferencia,02/07/2024
1302,Micaela Lopez,Mendoza Ciudad,2024-11,Funcional,F,34,Activo,35000,0,Transferencia,02/07/2024
1302,Micaela Lopez,Mendoza Ciudad,2024-12,Funcional,F,34,Activo,35000,0,Transferencia,02/07/2024
1303,Julieta Vega,Mendoza Ciudad,2024-08,Musculacion,F,18,Activo,35000,20000,Tarjeta,19/08/2024
1303,Julieta Vega,Mendoza Ciudad,2024-09,Musculacion,F,18,Activo,35000,0,Tarjeta,19/08/2024
1303,Julieta Vega,Mendoza Ciudad,2024-10,Musculacion,F,18,Activo,35000,0,Tarjeta,19/08/2024
1303,Julieta Vega,Mendoza Ciudad,2024-11,Musculacion,F,18,Activo,35000,0,Tarjeta,19/08/2024
1303,Julieta Vega,Mendoza Ciudad,2024-12,Musculacion,F,18,Activo,35000,0,Tarjeta,19/08/2024
1304,Tomas Romero,Godoy Cruz,2024-01,Defensa Personal,M,31,Activo,25000,20000,Efectivo,27/01/2024
1304,Tomas Romero,Godoy Cruz,2024-02,Defensa Personal,M,31,Activo,25000,0,Efectivo,27/01/2024
1304,Tomas Romero,Godoy Cruz,2024-03,Defensa Personal,M,31,Activo,25000,0,Efectivo,27/01/2024
1304,Tomas Romero,Godoy Cruz,2024-04,Defensa Personal,M,31,Activo,25000,0,Efectivo,27/01/2024
1304,Tomas Romero,Godoy Cruz,2024-05,Defensa Personal,M,31,Activo,25000,0,Efectivo,27/01/2024
1304,Tomas Romero,Godoy Cruz,2024-06,Defensa Personal,M,31,Inactivo,0,0,Efectivo,27/01/2024
1304,Tomas Romero,Godoy Cruz,2024-07,Defensa Personal,M,31,Activo,25000,0,Efectivo,27/01/2024
1304,Tomas Romero,Godoy Cruz,2024-08,Defensa Personal,M,31,Inactivo,0,0,Efectivo,27/01/2024
1304,Tomas Romero,Godoy Cruz,2024-09,Defensa Personal,M,31,Inactivo,0,0,Efectivo,27/01/2024
1304,Tomas Romero,Godoy Cruz,2024-10,Defensa Personal,M,31,Activo,25000,0,Efectivo,27/01/2024
1304,Tomas Romero,Godoy Cruz,2024-11,Defensa Personal,M,31,Activo,25000,0,Efectivo,27/01/2024
1304,Tomas Romero,Godoy Cruz,2024-12,Defensa Personal,M,31,Inactivo,0,0,Efectivo,27/01/2024
1305,Bruno Vega,Guaymallen,2024-04,Defensa Personal,F,43,Activo,25000,20000,Transferencia,27/04/2024
1305,Bruno Vega,Guaymallen,2024-05,Defensa Personal,F,43,Inactivo,0,0,Transferencia,27/04/2024
1305,Bruno Vega,Guaymallen,2024-06,Defensa Personal,F,43,Inactivo,0,0,Transferencia,27/04/2024
1305,Bruno Vega,Guaymallen,2024-07,Defensa Personal,F,43,Inactivo,0,0,Transferencia,27/04/2024
1305,Bruno Vega,Guaymallen,2024-08,Defensa Personal,F,43,Activo,25000,0,Transferencia,27/04/2024
1305,Bruno Vega,Guaymallen,2024-09,Defensa Personal,F,43,Activo,25000,0,Transferencia,27/04/2024
1305,Bruno Vega,Guaymallen,2024-10,Defensa Personal,F,43,Activo,25000,0,Transferencia,27/04/2024
1305,Bruno Vega,Guaymallen,2024-11,Defensa Personal,F,43,Activo,25000,0,Transferencia,27/04/2024
1305,Bruno Vega,Guaymallen,2024-12,Defensa Personal,F,43,Activo,25000,0,Transferencia,27/04/2024
1306,Micaela Garcia,Mendoza Ciudad,2024-11,Defensa Personal,M,40,Activo,25000,20000,Efectivo,13/11/2024
1306,Micaela Garcia,Mendoza Ciudad,2024-12,Defensa Personal,M,40,Inactivo,0,0,Efectivo,13/11/2024
1307,Paula Fernandez,Mendoza Ciudad,2024-02,Funcional,M,42,Activo,35000,20000,Transferencia,19/02/2024
1307,Paula Fernandez,Mendoza Ciudad,2024-03,Funcional,M,42,Activo,35000,0,Transferencia,19/02/2024
1307,Paula Fernandez,Mendoza Ciudad,2024-04,Funcional,M,42,Activo,35000,0,Transferencia,19/02/2024
1307,Paula Fernandez,Mendoza Ciudad,2024-05,Funcional,M,42,Activo,35000,0,Transferencia,19/02/2024
1307,Paula Fernandez,Mendoza Ciudad,2024-06,Funcional,M,42,Activo,35000,0,Transferencia,19/02/2024
1307,Paula Fernandez,Mendoza Ciudad,2024-07,Funcional,M,42,Inactivo,0,0,Transferencia,19/02/2024
1307,Paula Fernandez,Mendoza Ciudad,2024-08,Funcional,M,42,Inactivo,0,0,Transferencia,19/02/2024
1307,Paula Fernandez,Mendoza Ciudad,2024-09,Funcional,M,42,Activo,35000,0,Transferencia,19/02/2024
1307,Paula Fernandez,Mendoza Ciudad,2024-10,Funcional,M,42,Inactivo,0,0,Transferencia,19/02/2024
1307,Paula Fernandez,Mendoza Ciudad,2024-11,Funcional,M,42,Activo,35000,0,Transferencia,19/02/2024
1307,Paula Fernandez,Mendoza Ciudad,2024-12,Funcional,M,42,Activo,35000,0,Transferencia,19/02/2024
1308,Pedro Cruz,Guaymallen,2024-12,Yoga,F,29,Activo,25000,20000,Transferencia,23/12/2024
1309,Carlos Molina,Mendoza Ciudad,2024-06,Spinning,F,21,Activo,25000,20000,Tarjeta,24/06/2024
1309,Carlos Molina,Mendoza Ciudad,2024-07,Spinning,F,21,Activo,25000,0,Tarjeta,24/06/2024
1309,Carlos Molina,Mendoza Ciudad,2024-08,Spinning,F,21,Activo,25000,0,Tarjeta,24/06/2024
1309,Carlos Molina,Mendoza Ciudad,2024-09,Spinning,F,21,Activo,25000,0,Tarjeta,24/06/2024
1309,Carlos Molina,Mendoza Ciudad,2024-10,Spinning,F,21,Activo,25000,0,Tarjeta,24/06/2024
1309,Carlos Molina,Mendoza Ciudad,2024-11,Spinning,F,21,Activo,25000,0,Tarjeta,24/06/2024
1309,Carlos Molina,Mendoza Ciudad,2024-12,Spinning,F,21,Activo,25000,0,Tarjeta,24/06/2024
1310,Milagros Navarro,Mendoza Ciudad,2024-06,Funcional,M,39,Activo,35000,20000,Transferencia,19/06/2024
1310,Milagros Navarro,Mendoza Ciudad,2024-07,Funcional,M,39,Inactivo,0,0,Transferencia,19/06/2024
1310,Milagros Navarro,Mendoza Ciudad,2024-08,Funcional,M,39,Activo,35000,0,Transferencia,19/06/2024
1310,Milagros Navarro,Mendoza Ciudad,2024-09,Funcional,M,39,Activo,35000,0,Transferencia,19/06/2024
1310,Milagros Navarro,Mendoza Ciudad,2024-10,Funcional,M,39,Activo,35000,0,Transferencia,19/06/2024
1310,Milagros Navarro,Mendoza Ciudad,2024-11,Funcional,M,39,Activo,35000,0,Transferencia,19/06/2024
1310,Milagros Navarro,Mendoza Ciudad,2024-12,Funcional,M,39,Activo,35000,0,Transferencia,19/06/2024
1311,Valentin Perez,Maipu,2024-08,Yoga,F,27,Activo,25000,20000,Tarjeta,09/08/2024
1311,Valentin Perez,Maipu,2024-09,Yoga,F,27,Activo,25000,0,Tarjeta,09/08/2024
1311,Valentin Perez,Maipu,2024-10,Yoga,F,27,Activo,25000,0,Tarjeta,09/08/2024
1311,Valentin Perez,Maipu,2024-11,Yoga,F,27,Activo,25000,0,Tarjeta,09/08/2024
1311,Valentin Perez,Maipu,2024-12,Yoga,F,27,Activo,25000,0,Tarjeta,09/08/2024
1312,Julieta Romero,Maipu,2024-05,Spinning,F,27,Activo,25000,20000,Efectivo,23/05/2024
1312,Julieta Romero,Maipu,2024-06,Spinning,F,27,Activo,25000,0,Efectivo,23/05/2024
1312,Julieta Romero,Maipu,2024-07,Spinning,F,27,Activo,25000,0,Efectivo,23/05/2024
1312,Julieta Romero,Maipu,2024-08,Spinning,F,27,Inactivo,0,0,Efectivo,23/05/2024
1312,Julieta Romero,Maipu,2024-09,Spinning,F,27,Activo,25000,0,Efectivo,23/05/2024
1312,Julieta Romero,Maipu,2024-10,Spinning,F,27,Activo,25000,0,Efectivo,23/05/2024
1312,Julieta Romero,Maipu,2024-11,Spinning,F,27,Activo,25000,0,Efectivo,23/05/2024
1312,Julieta Romero,Maipu,2024-12,Spinning,F,27,Activo,25000,0,Efectivo,23/05/2024
1313,Pedro Lopez,Mendoza Ciudad,2024-11,Musculacion,M,28,Activo,35000,20000,Tarjeta,18/11/2024
1313,Pedro Lopez,Mendoza Ciudad,2024-12,Musculacion,M,28,Inactivo,0,0,Tarjeta,18/11/2024
1314,Micaela Herrera,Mendoza Ciudad,2024-07,Musculacion,M,17,Activo,35000,20000,Tarjeta,18/07/2024
1314,Micaela Herrera,Mendoza Ciudad,2024-08,Musculacion,M,17,Inactivo,0,0,Tarjeta,18/07/2024
1314,Micaela Herrera,Mendoza Ciudad,2024-09,Musculacion,M,17,Inactivo,0,0,Tarjeta,18/07/2024
1314,Micaela Herrera,Mendoza Ciudad,2024-10,Musculacion,M,17,Inactivo,0,0,Tarjeta,18/07/2024
1314,Micaela Herrera,Mendoza Ciudad,2024-11,Musculacion,M,17,Activo,35000,0,Tarjeta,18/07/2024
1314,Micaela Herrera,Mendoza Ciudad,2024-12,Musculacion,M,17,Activo,35000,0,Tarjeta,18/07/2024
1315,Ezequiel Fernandez,Guaymallen,2024-03,Yoga,F,21,Activo,25000,20000,Transferencia,01/03/2024
1315,Ezequiel Fernandez,Guaymallen,2024-04,Yoga,F,21,Activo,25000,0,Transferencia,01/03/2024
1315,Ezequiel Fernandez,Guaymallen,2024-05,Yoga,F,21,Activo,25000,0,Transferencia,01/03/2024
1315,Ezequiel Fernandez,Guaymallen,2024-06,Yoga,F,21,Activo,25000,0,Transferencia,01/03/2024
1315,Ezequiel Fernandez,Guaymallen,2024-07,Yoga,F,21,Activo,25000,0,Transferencia,01/03/2024
1315,Ezequiel Fernandez,Guaymallen,2024-08,Yoga,F,21,Activo,25000,0,Transferencia,01/03/2024
1315,Ezequiel Fernandez,Guaymallen,2024-09,Yoga,F,21,Activo,25000,0,Transferencia,01/03/2024
1315,Ezequiel Fernandez,Guaymallen,2024-10,Yoga,F,21,Activo,25000,0,Transferencia,01/03/2024
1315,Ezequiel Fernandez,Guaymallen,2024-11,Yoga,F,21,Activo,25000,0,Transferencia,01/03/2024
1315,Ezequiel Fernandez,Guaymallen,2024-12,Yoga,F,21,Activo,25000,0,Transferencia,01/03/2024
1316,Lucia Navarro,Mendoza Ciudad,2024-03,Musculacion,F,31,Activo,35000,20000,Tarjeta,25/03/2024
1316,Lucia Navarro,Mendoza Ciudad,2024-04,Musculacion,F,31,Activo,35000,0,Tarjeta,25/03/2024
1316,Lucia Navarro,Mendoza Ciudad,2024-05,Musculacion,F,31,Activo,35000,0,Tarjeta,25/03/2024
1316,Lucia Navarro,Mendoza Ciudad,2024-06,Musculacion,F,31,Inactivo,0,0,Tarjeta,25/03/2024
1316,Lucia Navarro,Mendoza Ciudad,2024-07,Musculacion,F,31,Activo,35000,0,Tarjeta,25/03/2024
1316,Lucia Navarro,Mendoza Ciudad,2024-08,Musculacion,F,31,Activo,35000,0,Tarjeta,25/03/2024
1316,Lucia Navarro,Mendoza Ciudad,2024-09,Musculacion,F,31,Inactivo,0,0,Tarjeta,25/03/2024
1316,Lucia Navarro,Mendoza Ciudad,2024-10,Musculacion,F,31,Activo,35000,0,Tarjeta,25/03/2024
1316,Lucia Navarro,Mendoza Ciudad,2024-11,Musculacion,F,31,Activo,35000,0,Tarjeta,25/03/2024
1316,Lucia Navarro,Mendoza Ciudad,2024-12,Musculacion,F,31,Activo,35000,0,Tarjeta,25/03/2024
1317,Tomas Gomez,Guaymallen,2024-10,Funcional,M,22,Activo,35000,20000,Tarjeta,11/10/2024
1317,Tomas Gomez,Guaymallen,2024-11,Funcional,M,22,Activo,35000,0,Tarjeta,11/10/2024
1317,Tomas Gomez,Guaymallen,2024-12,Funcional,M,22,Activo,35000,0,Tarjeta,11/10/2024
1318,Agustin Garcia,Godoy Cruz,2024-12,Spinning,F,31,Activo,25000,20000,Efectivo,17/12/2024
1319,Diego Molina,Mendoza Ciudad,2024-01,Musculacion,M,24,Activo,35000,20000,Transferencia,09/01/2024
1319,Diego Molina,Mendoza Ciudad,2024-02,Musculacion,M,24,Activo,35000,0,Transferencia,09/01/2024
1319,Diego Molina,Mendoza Ciudad,2024-03,Musculacion,M,24,Inactivo,0,0,Transferencia,09/01/2024
1319,Diego Molina,Mendoza Ciudad,2024-04,Musculacion,M,24,Inactivo,0,0,Transferencia,09/01/2024
1319,Diego Molina,Mendoza Ciudad,2024-05,Musculacion,M,24,Activo,35000,0,Transferencia,09/01/2024
1319,Diego Molina,Mendoza Ciudad,2024-06,Musculacion,M,24,Inactivo,0,0,Transferencia,09/01/2024
1319,Diego Molina,Mendoza Ciudad,2024-07,Musculacion,M,24,Inactivo,0,0,Transferencia,09/01/2024
1319,Diego Molina,Mendoza Ciudad,2024-08,Musculacion,M,24,Activo,35000,0,Transferencia,09/01/2024
1319,Diego Molina,Mendoza Ciudad,2024-09,Musculacion,M,24,Inactivo,0,0,Transferencia,09/01/2024
1319,Diego Molina,Mendoza Ciudad,2024-10,Musculacion,M,24,Activo,35000,0,Transferencia,09/01/2024
1319,Diego Molina,Mendoza Ciudad,2024-11,Musculacion,M,24,Activo,35000,0,Transferencia,09/01/2024
1319,Diego Molina,Mendoza Ciudad,2024-12,Musculacion,M,24,Activo,35000,0,Transferencia,09/01/2024
1320,Florencia Cruz,Guaymallen,2024-10,Yoga,M,48,Activo,25000,20000,Tarjeta,11/10/2024
1320,Florencia Cruz,Guaymallen,2024-11,Yoga,M,48,Activo,25000,0,Tarjeta,11/10/2024
1320,Florencia Cruz,Guaymallen,2024-12,Yoga,M,48,Activo,25000,0,Tarjeta,11/10/2024
1321,Catalina Perez,Godoy Cruz,2024-09,Funcional,F,18,Activo,35000,20000,Tarjeta,16/09/2024
1321,Catalina Perez,Godoy Cruz,2024-10,Funcional,F,18,Activo,35000,0,Tarjeta,16/09/2024
1321,Catalina Perez,Godoy Cruz,2024-11,Funcional,F,18,Activo,35000,0,Tarjeta,16/09/2024
1321,Catalina Perez,Godoy Cruz,2024-12,Funcional,F,18,Activo,35000,0,Tarjeta,16/09/2024
1322,Milagros Lopez,Mendoza Ciudad,2024-06,Defensa Personal,F,34,Activo,25000,20000,Transferencia,06/06/2024
1322,Milagros Lopez,Mendoza Ciudad,2024-07,Defensa Personal,F,34,Activo,25000,0,Transferencia,06/06/2024
1322,Milagros Lopez,Mendoza Ciudad,2024-08,Defensa Personal,F,34,Inactivo,0,0,Transferencia,06/06/2024
1322,Milagros Lopez,Mendoza Ciudad,2024-09,Defensa Personal,F,34,Activo,25000,0,Transferencia,06/06/2024
1322,Milagros Lopez,Mendoza Ciudad,2024-10,Defensa Personal,F,34,Activo,25000,0,Transferencia,06/06/2024
1322,Milagros Lopez,Mendoza Ciudad,2024-11,Defensa Personal,F,34,Activo,25000,0,Transferencia,06/06/2024
1322,Milagros Lopez,Mendoza Ciudad,2024-12,Defensa Personal,F,34,Activo,25000,0,Transferencia,06/06/2024
1323,Julieta Dominguez,Mendoza Ciudad,2024-11,Musculacion,M,21,Activo,35000,20000,Tarjeta,26/11/2024
1323,Julieta Dominguez,Mendoza Ciudad,2024-12,Musculacion,M,21,Activo,35000,0,Tarjeta,26/11/2024
1324,Ezequiel Romero,Maipu,2024-08,Spinning,F,28,Activo,25000,20000,Tarjeta,22/08/2024
1324,Ezequiel Romero,Maipu,2024-09,Spinning,F,28,Activo,25000,0,Tarjeta,22/08/2024
1324,Ezequiel Romero,Maipu,2024-10,Spinning,F,28,Activo,25000,0,Tarjeta,22/08/2024
1324,Ezequiel Romero,Maipu,2024-11,Spinning,F,28,Activo,25000,0,Tarjeta,22/08/2024
1324,Ezequiel Romero,Maipu,2024-12,Spinning,F,28,Activo,25000,0,Tarjeta,22/08/2024
1325,Sofia Cruz,Guaymallen,2024-08,Spinning,F,27,Activo,25000,20000,Tarjeta,10/08/2024
1325,Sofia Cruz,Guaymallen,2024-09,Spinning,F,27,Inactivo,0,0,Tarjeta,10/08/2024
1325,Sofia Cruz,Guaymallen,2024-10,Spinning,F,27,Activo,25000,0,Tarjeta,10/08/2024
1325,Sofia Cruz,Guaymallen,2024-11,Spinning,F,27,Activo,25000,0,Tarjeta,10/08/2024
1325,Sofia Cruz,Guaymallen,2024-12,Spinning,F,27,Activo,25000,0,Tarjeta,10/08/2024
1326,Catalina Torres,Godoy Cruz,2024-07,Spinning,M,46,Activo,25000,20000,Tarjeta,22/07/2024
1326,Catalina Torres,Godoy Cruz,2024-08,Spinning,M,46,Inactivo,0,0,Tarjeta,22/07/2024
1326,Catalina Torres,Godoy Cruz,2024-09,Spinning,M,46,Inactivo,0,0,Tarjeta,22/07/2024
1326,Catalina Torres,Godoy Cruz,2024-10,Spinning,M,46,Activo,25000,0,Tarjeta,22/07/2024
1326,Catalina Torres,Godoy Cruz,2024-11,Spinning,M,46,Inactivo,0,0,Tarjeta,22/07/2024
1326,Catalina Torres,Godoy Cruz,2024-12,Spinning,M,46,Activo,25000,0,Tarjeta,22/07/2024
1327,Sofia Suarez,Godoy Cruz,2024-03,Musculacion,M,40,Activo,35000,20000,Tarjeta,04/03/2024
1327,Sofia Suarez,Godoy Cruz,2024-04,Musculacion,M,40,Activo,35000,0,Tarjeta,04/03/2024
1327,Sofia Suarez,Godoy Cruz,2024-05,Musculacion,M,40,Activo,35000,0,Tarjeta,04/03/2024
1327,Sofia Suarez,Godoy Cruz,2024-06,Musculacion,M,40,Activo,35000,0,Tarjeta,04/03/2024
1327,Sofia Suarez,Godoy Cruz,2024-07,Musculacion,M,40,Activo,35000,0,Tarjeta,04/03/2024
1327,Sofia Suarez,Godoy Cruz,2024-08,Musculacion,M,40,Inactivo,0,0,Tarjeta,04/03/2024
1327,Sofia Suarez,Godoy Cruz,2024-09,Musculacion,M,40,Activo,35000,0,Tarjeta,04/03/2024
1327,Sofia Suarez,Godoy Cruz,2024-10,Musculacion,M,40,Activo,35000,0,Tarjeta,04/03/2024
1327,Sofia Suarez,Godoy Cruz,2024-11,Musculacion,M,40,Activo,35000,0,Tarjeta,04/03/2024
1327,Sofia Suarez,Godoy Cruz,2024-12,Musculacion,M,40,Activo,35000,0,Tarjeta,04/03/2024
1328,Sofia Sanchez,Guaymallen,2024-10,Musculacion,M,50,Activo,35000,20000,Efectivo,02/10/2024
1328,Sofia Sanchez,Guaymallen,2024-11,Musculacion,M,50,Activo,35000,0,Efectivo,02/10/2024
1328,Sofia Sanchez,Guaymallen,2024-12,Musculacion,M,50,Activo,35000,0,Efectivo,02/10/2024
1329,Paula Medina,Mendoza Ciudad,2024-08,Musculacion,F,25,Activo,35000,20000,Transferencia,15/08/2024
1329,Paula Medina,Mendoza Ciudad,2024-09,Musculacion,F,25,Activo,35000,0,Transferencia,15/08/2024
1329,Paula Medina,Mendoza Ciudad,2024-10,Musculacion,F,25,Activo,35000,0,Transferencia,15/08/2024
1329,Paula Medina,Mendoza Ciudad,2024-11,Musculacion,F,25,Activo,35000,0,Transferencia,15/08/2024
1329,Paula Medina,Mendoza Ciudad,2024-12,Musculacion,F,25,Activo,35000,0,Transferencia,15/08/2024
1330,Julieta Dominguez,Mendoza Ciudad,2024-09,Yoga,F,22,Activo,25000,20000,Efectivo,18/09/2024
1330,Julieta Dominguez,Mendoza Ciudad,2024-10,Yoga,F,22,Activo,25000,0,Efectivo,18/09/2024
1330,Julieta Dominguez,Mendoza Ciudad,2024-11,Yoga,F,22,Activo,25000,0,Efectivo,18/09/2024
1330,Julieta Dominguez,Mendoza Ciudad,2024-12,Yoga,F,22,Activo,25000,0,Efectivo,18/09/2024
1331,Juan Romero,Godoy Cruz,2024-08,Defensa Personal,M,45,Activo,25000,20000,Transferencia,19/08/2024
1331,Juan Romero,Godoy Cruz,2024-09,Defensa Personal,M,45,Activo,25000,0,Transferencia,19/08/2024
1331,Juan Romero,Godoy Cruz,2024-10,Defensa Personal,M,45,Activo,25000,0,Transferencia,19/08/2024
1331,Juan Romero,Godoy Cruz,2024-11,Defensa Personal,M,45,Activo,25000,0,Transferencia,19/08/2024
1331,Juan Romero,Godoy Cruz,2024-12,Defensa Personal,M,45,Inactivo,0,0,Transferencia,19/08/2024
1332,Julieta Torres,Guaymallen,2024-01,Musculacion,M,34,Activo,35000,20000,Tarjeta,10/01/2024
1332,Julieta Torres,Guaymallen,2024-02,Musculacion,M,34,Inactivo,0,0,Tarjeta,10/01/2024
1332,Julieta Torres,Guaymallen,2024-03,Musculacion,M,34,Activo,35000,0,Tarjeta,10/01/2024
1332,Julieta Torres,Guaymallen,2024-04,Musculacion,M,34,Activo,35000,0,Tarjeta,10/01/2024
1332,Julieta Torres,Guaymallen,2024-05,Musculacion,M,34,Activo,35000,0,Tarjeta,10/01/2024
1332,Julieta Torres,Guaymallen,2024-06,Musculacion,M,34,Inactivo,0,0,Tarjeta,10/01/2024
1332,Julieta Torres,Guaymallen,2024-07,Musculacion,M,34,Activo,35000,0,Tarjeta,10/01/2024
1332,Julieta Torres,Guaymallen,2024-08,Musculacion,M,34,Activo,35000,0,Tarjeta,10/01/2024
1332,Julieta Torres,Guaymallen,2024-09,Musculacion,M,34,Activo,35000,0,Tarjeta,10/01/2024
1332,Julieta Torres,Guaymallen,2024-10,Musculacion,M,34,Activo,35000,0,Tarjeta,10/01/2024
1332,Julieta Torres,Guaymallen,2024-11,Musculacion,M,34,Activo,35000,0,Tarjeta,10/01/2024
1332,Julieta Torres,Guaymallen,2024-12,Musculacion,M,34,Activo,35000,0,Tarjeta,10/01/2024
1333,Sofia Garcia,Mendoza Ciudad,2024-06,Funcional,M,32,Activo,35000,20000,Transferencia,14/06/2024
1333,Sofia Garcia,Mendoza Ciudad,2024-07,Funcional,M,32,Inactivo,0,0,Transferencia,14/06/2024
1333,Sofia Garcia,Mendoza Ciudad,2024-08,Funcional,M,32,Activo,35000,0,Transferencia,14/06/2024
1333,Sofia Garcia,Mendoza Ciudad,2024-09,Funcional,M,32,Activo,35000,0,Transferencia,14/06/2024
1333,Sofia Garcia,Mendoza Ciudad,2024-10,Funcional,M,32,Activo,35000,0,Transferencia,14/06/2024
1333,Sofia Garcia,Mendoza Ciudad,2024-11,Funcional,M,32,Activo,35000,0,Transferencia,14/06/2024
1333,Sofia Garcia,Mendoza Ciudad,2024-12,Funcional,M,32,Activo,35000,0,Transferencia,14/06/2024
1334,Paula Garcia,Mendoza Ciudad,2024-01,Spinning,M,51,Activo,25000,20000,Efectivo,03/01/2024
1334,Paula Garcia,Mendoza Ciudad,2024-02,Spinning,M,51,Activo,25000,0,Efectivo,03/01/2024
1334,Paula Garcia,Mendoza Ciudad,2024-03,Spinning,M,51,Activo,25000,0,Efectivo,03/01/2024
1334,Paula Garcia,Mendoza Ciudad,2024-04,Spinning,M,51,Activo,25000,0,Efectivo,03/01/2024
1334,Paula Garcia,Mendoza Ciudad,2024-05,Spinning,M,51,Activo,25000,0,Efectivo,03/01/2024
1334,Paula Garcia,Mendoza Ciudad,2024-06,Spinning,M,51,Inactivo,0,0,Efectivo,03/01/2024
1334,Paula Garcia,Mendoza Ciudad,2024-07,Spinning,M,51,Inactivo,0,0,Efectivo,03/01/2024
1334,Paula Garcia,Mendoza Ciudad,2024-08,Spinning,M,51,Activo,25000,0,Efectivo,03/01/2024
1334,Paula Garcia,Mendoza Ciudad,2024-09,Spinning,M,51,Activo,25000,0,Efectivo,03/01/2024
1334,Paula Garcia,Mendoza Ciudad,2024-10,Spinning,M,51,Activo,25000,0,Efectivo,03/01/2024
1334,Paula Garcia,Mendoza Ciudad,2024-11,Spinning,M,51,Activo,25000,0,Efectivo,03/01/2024
1334,Paula Garcia,Mendoza Ciudad,2024-12,Spinning,M,51,Activo,25000,0,Efectivo,03/01/2024
1335,Micaela Castro,Mendoza Ciudad,2024-01,Musculacion,M,34,Activo,35000,20000,Transferencia,10/01/2024
1335,Micaela Castro,Mendoza Ciudad,2024-02,Musculacion,M,34,Activo,35000,0,Transferencia,10/01/2024
1335,Micaela Castro,Mendoza Ciudad,2024-03,Musculacion,M,34,Inactivo,0,0,Transferencia,10/01/2024
1335,Micaela Castro,Mendoza Ciudad,2024-04,Musculacion,M,34,Inactivo,0,0,Transferencia,10/01/2024
1335,Micaela Castro,Mendoza Ciudad,2024-05,Musculacion,M,34,Activo,35000,0,Transferencia,10/01/2024
1335,Micaela Castro,Mendoza Ciudad,2024-06,Musculacion,M,34,Activo,35000,0,Transferencia,10/01/2024
1335,Micaela Castro,Mendoza Ciudad,2024-07,Musculacion,M,34,Inactivo,0,0,Transferencia,10/01/2024
1335,Micaela Castro,Mendoza Ciudad,2024-08,Musculacion,M,34,Inactivo,0,0,Transferencia,10/01/2024
1335,Micaela Castro,Mendoza Ciudad,2024-09,Musculacion,M,34,Activo,35000,0,Transferencia,10/01/2024
1335,Micaela Castro,Mendoza Ciudad,2024-10,Musculacion,M,34,Activo,35000,0,Transferencia,10/01/2024
1335,Micaela Castro,Mendoza Ciudad,2024-11,Musculacion,M,34,Activo,35000,0,Transferencia,10/01/2024
1335,Micaela Castro,Mendoza Ciudad,2024-12,Musculacion,M,34,Activo,35000,0,Transferencia,10/01/2024
1336,Milagros Dominguez,Mendoza Ciudad,2024-09,Musculacion,M,46,Activo,35000,20000,Efectivo,23/09/2024
1336,Milagros Dominguez,Mendoza Ciudad,2024-10,Musculacion,M,46,Activo,35000,0,Efectivo,23/09/2024
1336,Milagros Dominguez,Mendoza Ciudad,2024-11,Musculacion,M,46,Activo,35000,0,Efectivo,23/09/2024
1336,Milagros Dominguez,Mendoza Ciudad,2024-12,Musculacion,M,46,Activo,35000,0,Efectivo,23/09/2024
1337,Valentin Dominguez,Mendoza Ciudad,2024-03,Defensa Personal,M,52,Activo,25000,20000,Tarjeta,23/03/2024
1337,Valentin Dominguez,Mendoza Ciudad,2024-04,Defensa Personal,M,52,Activo,25000,0,Tarjeta,23/03/2024
1337,Valentin Dominguez,Mendoza Ciudad,2024-05,Defensa Personal,M,52,Activo,25000,0,Tarjeta,23/03/2024
1337,Valentin Dominguez,Mendoza Ciudad,2024-06,Defensa Personal,M,52,Activo,25000,0,Tarjeta,23/03/2024
1337,Valentin Dominguez,Mendoza Ciudad,2024-07,Defensa Personal,M,52,Activo,25000,0,Tarjeta,23/03/2024
1337,Valentin Dominguez,Mendoza Ciudad,2024-08,Defensa Personal,M,52,Activo,25000,0,Tarjeta,23/03/2024
1337,Valentin Dominguez,Mendoza Ciudad,2024-09,Defensa Personal,M,52,Inactivo,0,0,Tarjeta,23/03/2024
1337,Valentin Dominguez,Mendoza Ciudad,2024-10,Defensa Personal,M,52,Activo,25000,0,Tarjeta,23/03/2024
1337,Valentin Dominguez,Mendoza Ciudad,2024-11,Defensa Personal,M,52,Activo,25000,0,Tarjeta,23/03/2024
1337,Valentin Dominguez,Mendoza Ciudad,2024-12,Defensa Personal,M,52,Inactivo,0,0,Tarjeta,23/03/2024
1338,Catalina Fernandez,Godoy Cruz,2024-06,Musculacion,F,32,Activo,35000,20000,Tarjeta,27/06/2024
1338,Catalina Fernandez,Godoy Cruz,2024-07,Musculacion,F,32,Activo,35000,0,Tarjeta,27/06/2024
1338,Catalina Fernandez,Godoy Cruz,2024-08,Musculacion,F,32,Activo,35000,0,Tarjeta,27/06/2024
1338,Catalina Fernandez,Godoy Cruz,2024-09,Musculacion,F,32,Activo,35000,0,Tarjeta,27/06/2024
1338,Catalina Fernandez,Godoy Cruz,2024-10,Musculacion,F,32,Activo,35000,0,Tarjeta,27/06/2024
1338,Catalina Fernandez,Godoy Cruz,2024-11,Musculacion,F,32,Activo,35000,0,Tarjeta,27/06/2024
1338,Catalina Fernandez,Godoy Cruz,2024-12,Musculacion,F,32,Activo,35000,0,Tarjeta,27/06/2024
1339,Camila Lopez,Maipu,2024-04,Yoga,F,31,Activo,25000,20000,Efectivo,13/04/2024
1339,Camila Lopez,Maipu,2024-05,Yoga,F,31,Activo,25000,0,Efectivo,13/04/2024
1339,Camila Lopez,Maipu,2024-06,Yoga,F,31,Inactivo,0,0,Efectivo,13/04/2024
1339,Camila Lopez,Maipu,2024-07,Yoga,F,31,Inactivo,0,0,Efectivo,13/04/2024
1339,Camila Lopez,Maipu,2024-08,Yoga,F,31,Activo,25000,0,Efectivo,13/04/2024
1339,Camila Lopez,Maipu,2024-09,Yoga,F,31,Activo,25000,0,Efectivo,13/04/2024
1339,Camila Lopez,Maipu,2024-10,Yoga,F,31,Activo,25000,0,Efectivo,13/04/2024
1339,Camila Lopez,Maipu,2024-11,Yoga,F,31,Activo,25000,0,Efectivo,13/04/2024
1339,Camila Lopez,Maipu,2024-12,Yoga,F,31,Activo,25000,0,Efectivo,13/04/2024
1340,Milagros Suarez,Mendoza Ciudad,2024-12,Spinning,M,31,Activo,25000,20000,Transferencia,09/12/2024
1341,Juan Cruz,Lujan de Cuyo,2024-03,Defensa Personal,M,44,Activo,25000,20000,Efectivo,12/03/2024
1341,Juan Cruz,Lujan de Cuyo,2024-04,Defensa Personal,M,44,Activo,25000,0,Efectivo,12/03/2024
1341,Juan Cruz,Lujan de Cuyo,2024-05,Defensa Personal,M,44,Activo,25000,0,Efectivo,12/03/2024
1341,Juan Cruz,Lujan de Cuyo,2024-06,Defensa Personal,M,44,Inactivo,0,0,Efectivo,12/03/2024
1341,Juan Cruz,Lujan de Cuyo,2024-07,Defensa Personal,M,44,Activo,25000,0,Efectivo,12/03/2024
1341,Juan Cruz,Lujan de Cuyo,2024-08,Defensa Personal,M,44,Inactivo,0,0,Efectivo,12/03/2024
1341,Juan Cruz,Lujan de Cuyo,2024-09,Defensa Personal,M,44,Activo,25000,0,Efectivo,12/03/2024
1341,Juan Cruz,Lujan de Cuyo,2024-10,Defensa Personal,M,44,Activo,25000,0,Efectivo,12/03/2024
1341,Juan Cruz,Lujan de Cuyo,2024-11,Defensa Personal,M,44,Activo,25000,0,Efectivo,12/03/2024
1341,Juan Cruz,Lujan de Cuyo,2024-12,Defensa Personal,M,44,Activo,25000,0,Efectivo,12/03/2024
1342,Pedro Cruz,Mendoza Ciudad,2024-10,Musculacion,M,16,Activo,35000,20000,Transferencia,18/10/2024
1342,Pedro Cruz,Mendoza Ciudad,2024-11,Musculacion,M,16,Activo,35000,0,Transferencia,18/10/2024
1342,Pedro Cruz,Mendoza Ciudad,2024-12,Musculacion,M,16,Activo,35000,0,Transferencia,18/10/2024
1343,Ezequiel Perez,Godoy Cruz,2024-09,Musculacion,F,32,Activo,35000,20000,Tarjeta,01/09/2024
1343,Ezequiel Perez,Godoy Cruz,2024-10,Musculacion,F,32,Activo,35000,0,Tarjeta,01/09/2024
1343,Ezequiel Perez,Godoy Cruz,2024-11,Musculacion,F,32,Activo,35000,0,Tarjeta,01/09/2024
1343,Ezequiel Perez,Godoy Cruz,2024-12,Musculacion,F,32,Activo,35000,0,Tarjeta,01/09/2024
1344,Ezequiel Castro,Lujan de Cuyo,2024-09,Funcional,F,34,Activo,35000,20000,Transferencia,12/09/2024
1344,Ezequiel Castro,Lujan de Cuyo,2024-10,Funcional,F,34,Activo,35000,0,Transferencia,12/09/2024
1344,Ezequiel Castro,Lujan de Cuyo,2024-11,Funcional,F,34,Activo,35000,0,Transferencia,12/09/2024
1344,Ezequiel Castro,Lujan de Cuyo,2024-12,Funcional,F,34,Activo,35000,0,Transferencia,12/09/2024
1345,Tomas Suarez,Guaymallen,2024-07,Musculacion,F,16,Activo,35000,20000,Transferencia,22/07/2024
1345,Tomas Suarez,Guaymallen,2024-08,Musculacion,F,16,Inactivo,0,0,Transferencia,22/07/2024
1345,Tomas Suarez,Guaymallen,2024-09,Musculacion,F,16,Activo,35000,0,Transferencia,22/07/2024
1345,Tomas Suarez,Guaymallen,2024-10,Musculacion,F,16,Activo,35000,0,Transferencia,22/07/2024
1345,Tomas Suarez,Guaymallen,2024-11,Musculacion,F,16,Activo,35000,0,Transferencia,22/07/2024
1345,Tomas Suarez,Guaymallen,2024-12,Musculacion,F,16,Activo,35000,0,Transferencia,22/07/2024
1346,Juan Rios,Godoy Cruz,2024-07,Spinning,F,47,Activo,25000,20000,Tarjeta,05/07/2024
1346,Juan Rios,Godoy Cruz,2024-08,Spinning,F,47,Activo,25000,0,Tarjeta,05/07/2024
1346,Juan Rios,Godoy Cruz,2024-09,Spinning,F,47,Activo,25000,0,Tarjeta,05/07/2024
1346,Juan Rios,Godoy Cruz,2024-10,Spinning,F,47,Activo,25000,0,Tarjeta,05/07/2024
1346,Juan Rios,Godoy Cruz,2024-11,Spinning,F,47,Activo,25000,0,Tarjeta,05/07/2024
1346,Juan Rios,Godoy Cruz,2024-12,Spinning,F,47,Activo,25000,0,Tarjeta,05/07/2024
1347,Ezequiel Rios,Guaymallen,2024-05,Musculacion,M,30,Activo,35000,20000,Transferencia,21/05/2024
1347,Ezequiel Rios,Guaymallen,2024-06,Musculacion,M,30,Activo,35000,0,Transferencia,21/05/2024
1347,Ezequiel Rios,Guaymallen,2024-07,Musculacion,M,30,Activo,35000,0,Transferencia,21/05/2024
1347,Ezequiel Rios,Guaymallen,2024-08,Musculacion,M,30,Inactivo,0,0,Transferencia,21/05/2024
1347,Ezequiel Rios,Guaymallen,2024-09,Musculacion,M,30,Activo,35000,0,Transferencia,21/05/2024
1347,Ezequiel Rios,Guaymallen,2024-10,Musculacion,M,30,Activo,35000,0,Transferencia,21/05/2024
1347,Ezequiel Rios,Guaymallen,2024-11,Musculacion,M,30,Activo,35000,0,Transferencia,21/05/2024
1347,Ezequiel Rios,Guaymallen,2024-12,Musculacion,M,30,Activo,35000,0,Transferencia,21/05/2024
1348,Diego Dominguez,Mendoza Ciudad,2024-10,Musculacion,M,65,Activo,35000,20000,Efectivo,08/10/2024
1348,Diego Dominguez,Mendoza Ciudad,2024-11,Musculacion,M,65,Inactivo,0,0,Efectivo,08/10/2024
1348,Diego Dominguez,Mendoza Ciudad,2024-12,Musculacion,M,65,Activo,35000,0,Efectivo,08/10/2024
1349,Julieta Suarez,Guaymallen,2024-04,Musculacion,M,23,Activo,35000,20000,Efectivo,06/04/2024
1349,Julieta Suarez,Guaymallen,2024-05,Musculacion,M,23,Activo,35000,0,Efectivo,06/04/2024
1349,Julieta Suarez,Guaymallen,2024-06,Musculacion,M,23,Inactivo,0,0,Efectivo,06/04/2024
1349,Julieta Suarez,Guaymallen,2024-07,Musculacion,M,23,Activo,35000,0,Efectivo,06/04/2024
1349,Julieta Suarez,Guaymallen,2024-08,Musculacion,M,23,Activo,35000,0,Efectivo,06/04/2024
1349,Julieta Suarez,Guaymallen,2024-09,Musculacion,M,23,Activo,35000,0,Efectivo,06/04/2024
1349,Julieta Suarez,Guaymallen,2024-10,Musculacion,M,23,Activo,35000,0,Efectivo,06/04/2024
1349,Julieta Suarez,Guaymallen,2024-11,Musculacion,M,23,Activo,35000,0,Efectivo,06/04/2024
1349,Julieta Suarez,Guaymallen,2024-12,Musculacion,M,23,Activo,35000,0,Efectivo,06/04/2024
1350,Diego Navarro,Mendoza Ciudad,2024-01,Yoga,F,67,Activo,25000,20000,Transferencia,04/01/2024
1350,Diego Navarro,Mendoza Ciudad,2024-02,Yoga,F,67,Activo,25000,0,Transferencia,04/01/2024
1350,Diego Navarro,Mendoza Ciudad,2024-03,Yoga,F,67,Activo,25000,0,Transferencia,04/01/2024
1350,Diego Navarro,Mendoza Ciudad,2024-04,Yoga,F,67,Activo,25000,0,Transferencia,04/01/2024
1350,Diego Navarro,Mendoza Ciudad,2024-05,Yoga,F,67,Activo,25000,0,Transferencia,04/01/2024
1350,Diego Navarro,Mendoza Ciudad,2024-06,Yoga,F,67,Activo,25000,0,Transferencia,04/01/2024
1350,Diego Navarro,Mendoza Ciudad,2024-07,Yoga,F,67,Activo,25000,0,Transferencia,04/01/2024
1350,Diego Navarro,Mendoza Ciudad,2024-08,Yoga,F,67,Activo,25000,0,Transferencia,04/01/2024
1350,Diego Navarro,Mendoza Ciudad,2024-09,Yoga,F,67,Activo,25000,0,Transferencia,04/01/2024
1350,Diego Navarro,Mendoza Ciudad,2024-10,Yoga,F,67,Activo,25000,0,Transferencia,04/01/2024
1350,Diego Navarro,Mendoza Ciudad,2024-11,Yoga,F,67,Activo,25000,0,Transferencia,04/01/2024
1350,Diego Navarro,Mendoza Ciudad,2024-12,Yoga,F,67,Activo,25000,0,Transferencia,04/01/2024
1351,Bruno Herrera,Mendoza Ciudad,2024-02,Musculacion,F,18,Activo,35000,20000,Transferencia,21/02/2024
1351,Bruno Herrera,Mendoza Ciudad,2024-03,Musculacion,F,18,Activo,35000,0,Transferencia,21/02/2024
1351,Bruno Herrera,Mendoza Ciudad,2024-04,Musculacion,F,18,Activo,35000,0,Transferencia,21/02/2024
1351,Bruno Herrera,Mendoza Ciudad,2024-05,Musculacion,F,18,Activo,35000,0,Transferencia,21/02/2024
1351,Bruno Herrera,Mendoza Ciudad,2024-06,Musculacion,F,18,Activo,35000,0,Transferencia,21/02/2024
1351,Bruno Herrera,Mendoza Ciudad,2024-07,Musculacion,F,18,Activo,35000,0,Transferencia,21/02/2024
1351,Bruno Herrera,Mendoza Ciudad,2024-08,Musculacion,F,18,Inactivo,0,0,Transferencia,21/02/2024
1351,Bruno Herrera,Mendoza Ciudad,2024-09,Musculacion,F,18,Inactivo,0,0,Transferencia,21/02/2024
1351,Bruno Herrera,Mendoza Ciudad,2024-10,Musculacion,F,18,Activo,35000,0,Transferencia,21/02/2024
1351,Bruno Herrera,Mendoza Ciudad,2024-11,Musculacion,F,18,Activo,35000,0,Transferencia,21/02/2024
1351,Bruno Herrera,Mendoza Ciudad,2024-12,Musculacion,F,18,Activo,35000,0,Transferencia,21/02/2024
1352,Ezequiel Garcia,Godoy Cruz,2024-01,Musculacion,M,42,Activo,35000,20000,Transferencia,24/01/2024
1352,Ezequiel Garcia,Godoy Cruz,2024-02,Musculacion,M,42,Activo,35000,0,Transferencia,24/01/2024
1352,Ezequiel Garcia,Godoy Cruz,2024-03,Musculacion,M,42,Activo,35000,0,Transferencia,24/01/2024
1352,Ezequiel Garcia,Godoy Cruz,2024-04,Musculacion,M,42,Inactivo,0,0,Transferencia,24/01/2024
1352,Ezequiel Garcia,Godoy Cruz,2024-05,Musculacion,M,42,Activo,35000,0,Transferencia,24/01/2024
1352,Ezequiel Garcia,Godoy Cruz,2024-06,Musculacion,M,42,Inactivo,0,0,Transferencia,24/01/2024
1352,Ezequiel Garcia,Godoy Cruz,2024-07,Musculacion,M,42,Activo,35000,0,Transferencia,24/01/2024
1352,Ezequiel Garcia,Godoy Cruz,2024-08,Musculacion,M,42,Activo,35000,0,Transferencia,24/01/2024
1352,Ezequiel Garcia,Godoy Cruz,2024-09,Musculacion,M,42,Activo,35000,0,Transferencia,24/01/2024
1352,Ezequiel Garcia,Godoy Cruz,2024-10,Musculacion,M,42,Activo,35000,0,Transferencia,24/01/2024
1352,Ezequiel Garcia,Godoy Cruz,2024-11,Musculacion,M,42,Activo,35000,0,Transferencia,24/01/2024
1352,Ezequiel Garcia,Godoy Cruz,2024-12,Musculacion,M,42,Activo,35000,0,Transferencia,24/01/2024
1353,Milagros Herrera,Godoy Cruz,2024-04,Musculacion,F,18,Activo,35000,0,Tarjeta,09/04/2024
1353,Milagros Herrera,Godoy Cruz,2024-04,Spinning,F,18,Activo,25000,20000,Tarjeta,09/04/2024
1353,Milagros Herrera,Godoy Cruz,2024-05,Musculacion,F,18,Inactivo,0,0,Tarjeta,09/04/2024
1353,Milagros Herrera,Godoy Cruz,2024-05,Spinning,F,18,Activo,25000,0,Tarjeta,09/04/2024
1353,Milagros Herrera,Godoy Cruz,2024-06,Musculacion,F,18,Inactivo,0,0,Tarjeta,09/04/2024
1353,Milagros Herrera,Godoy Cruz,2024-06,Spinning,F,18,Activo,25000,0,Tarjeta,09/04/2024
1353,Milagros Herrera,Godoy Cruz,2024-07,Musculacion,F,18,Activo,35000,0,Tarjeta,09/04/2024
1353,Milagros Herrera,Godoy Cruz,2024-07,Spinning,F,18,Activo,25000,0,Tarjeta,09/04/2024
1353,Milagros Herrera,Godoy Cruz,2024-08,Musculacion,F,18,Activo,35000,0,Tarjeta,09/04/2024
1353,Milagros Herrera,Godoy Cruz,2024-08,Spinning,F,18,Activo,25000,0,Tarjeta,09/04/2024
1353,Milagros Herrera,Godoy Cruz,2024-09,Musculacion,F,18,Activo,35000,0,Tarjeta,09/04/2024
1353,Milagros Herrera,Godoy Cruz,2024-09,Spinning,F,18,Activo,25000,0,Tarjeta,09/04/2024
1353,Milagros Herrera,Godoy Cruz,2024-10,Musculacion,F,18,Activo,35000,0,Tarjeta,09/04/2024
1353,Milagros Herrera,Godoy Cruz,2024-10,Spinning,F,18,Activo,25000,0,Tarjeta,09/04/2024
1353,Milagros Herrera,Godoy Cruz,2024-11,Musculacion,F,18,Activo,35000,0,Tarjeta,09/04/2024
1353,Milagros Herrera,Godoy Cruz,2024-11,Spinning,F,18,Activo,25000,0,Tarjeta,09/04/2024
1353,Milagros Herrera,Godoy Cruz,2024-12,Musculacion,F,18,Activo,35000,0,Tarjeta,09/04/2024
1353,Milagros Herrera,Godoy Cruz,2024-12,Spinning,F,18,Activo,25000,0,Tarjeta,09/04/2024
1354,Diego Torres,Mendoza Ciudad,2024-01,Spinning,M,47,Activo,25000,20000,Efectivo,16/01/2024
1354,Diego Torres,Mendoza Ciudad,2024-02,Spinning,M,47,Activo,25000,0,Efectivo,16/01/2024
1354,Diego Torres,Mendoza Ciudad,2024-03,Spinning,M,47,Activo,25000,0,Efectivo,16/01/2024
1354,Diego Torres,Mendoza Ciudad,2024-04,Spinning,M,47,Activo,25000,0,Efectivo,16/01/2024
1354,Diego Torres,Mendoza Ciudad,2024-05,Spinning,M,47,Inactivo,0,0,Efectivo,16/01/2024
1354,Diego Torres,Mendoza Ciudad,2024-06,Spinning,M,47,Inactivo,0,0,Efectivo,16/01/2024
1354,Diego Torres,Mendoza Ciudad,2024-07,Spinning,M,47,Inactivo,0,0,Efectivo,16/01/2024
1354,Diego Torres,Mendoza Ciudad,2024-08,Spinning,M,47,Inactivo,0,0,Efectivo,16/01/2024
1354,Diego Torres,Mendoza Ciudad,2024-09,Spinning,M,47,Inactivo,0,0,Efectivo,16/01/2024
1354,Diego Torres,Mendoza Ciudad,2024-10,Spinning,M,47,Activo,25000,0,Efectivo,16/01/2024
1354,Diego Torres,Mendoza Ciudad,2024-11,Spinning,M,47,Activo,25000,0,Efectivo,16/01/2024
1354,Diego Torres,Mendoza Ciudad,2024-12,Spinning,M,47,Activo,25000,0,Efectivo,16/01/2024
1355,Lucia Sanchez,Mendoza Ciudad,2024-01,Musculacion,M,46,Activo,35000,20000,Tarjeta,23/01/2024
1355,Lucia Sanchez,Mendoza Ciudad,2024-02,Musculacion,M,46,Inactivo,0,0,Tarjeta,23/01/2024
1355,Lucia Sanchez,Mendoza Ciudad,2024-03,Musculacion,M,46,Activo,35000,0,Tarjeta,23/01/2024
1355,Lucia Sanchez,Mendoza Ciudad,2024-04,Musculacion,M,46,Activo,35000,0,Tarjeta,23/01/2024
1355,Lucia Sanchez,Mendoza Ciudad,2024-05,Musculacion,M,46,Activo,35000,0,Tarjeta,23/01/2024
1355,Lucia Sanchez,Mendoza Ciudad,2024-06,Musculacion,M,46,Inactivo,0,0,Tarjeta,23/01/2024
1355,Lucia Sanchez,Mendoza Ciudad,2024-07,Musculacion,M,46,Activo,35000,0,Tarjeta,23/01/2024
1355,Lucia Sanchez,Mendoza Ciudad,2024-08,Musculacion,M,46,Inactivo,0,0,Tarjeta,23/01/2024
1355,Lucia Sanchez,Mendoza Ciudad,2024-09,Musculacion,M,46,Inactivo,0,0,Tarjeta,23/01/2024
1355,Lucia Sanchez,Mendoza Ciudad,2024-10,Musculacion,M,46,Activo,35000,0,Tarjeta,23/01/2024
1355,Lucia Sanchez,Mendoza Ciudad,2024-11,Musculacion,M,46,Activo,35000,0,Tarjeta,23/01/2024
1355,Lucia Sanchez,Mendoza Ciudad,2024-12,Musculacion,M,46,Activo,35000,0,Tarjeta,23/01/2024
1356,Catalina Gomez,Maipu,2024-10,Defensa Personal,M,29,Activo,25000,20000,Tarjeta,01/10/2024
1356,Catalina Gomez,Maipu,2024-11,Defensa Personal,M,29,Activo,25000,0,Tarjeta,01/10/2024
1356,Catalina Gomez,Maipu,2024-12,Defensa Personal,M,29,Activo,25000,0,Tarjeta,01/10/2024
1357,Pedro Rios,Mendoza Ciudad,2024-11,Yoga,F,16,Activo,25000,0,Transferencia,27/11/2024
1357,Pedro Rios,Mendoza Ciudad,2024-11,Funcional,F,16,Activo,35000,20000,Transferencia,27/11/2024
1357,Pedro Rios,Mendoza Ciudad,2024-12,Yoga,F,16,Inactivo,0,0,Transferencia,27/11/2024
1357,Pedro Rios,Mendoza Ciudad,2024-12,Funcional,F,16,Inactivo,0,0,Transferencia,27/11/2024
1358,Julieta Gomez,Lujan de Cuyo,2024-05,Funcional,M,39,Activo,35000,20000,Tarjeta,28/05/2024
1358,Julieta Gomez,Lujan de Cuyo,2024-06,Funcional,M,39,Activo,35000,0,Tarjeta,28/05/2024
1358,Julieta Gomez,Lujan de Cuyo,2024-07,Funcional,M,39,Inactivo,0,0,Tarjeta,28/05/2024
1358,Julieta Gomez,Lujan de Cuyo,2024-08,Funcional,M,39,Activo,35000,0,Tarjeta,28/05/2024
1358,Julieta Gomez,Lujan de Cuyo,2024-09,Funcional,M,39,Activo,35000,0,Tarjeta,28/05/2024
1358,Julieta Gomez,Lujan de Cuyo,2024-10,Funcional,M,39,Activo,35000,0,Tarjeta,28/05/2024
1358,Julieta Gomez,Lujan de Cuyo,2024-11,Funcional,M,39,Activo,35000,0,Tarjeta,28/05/2024
1358,Julieta Gomez,Lujan de Cuyo,2024-12,Funcional,M,39,Activo,35000,0,Tarjeta,28/05/2024
1359,Micaela Cruz,Mendoza Ciudad,2024-06,Funcional,M,30,Activo,35000,20000,Transferencia,07/06/2024
1359,Micaela Cruz,Mendoza Ciudad,2024-07,Funcional,M,30,Inactivo,0,0,Transferencia,07/06/2024
1359,Micaela Cruz,Mendoza Ciudad,2024-08,Funcional,M,30,Inactivo,0,0,Transferencia,07/06/2024
1359,Micaela Cruz,Mendoza Ciudad,2024-09,Funcional,M,30,Activo,35000,0,Transferencia,07/06/2024
1359,Micaela Cruz,Mendoza Ciudad,2024-10,Funcional,M,30,Activo,35000,0,Transferencia,07/06/2024
1359,Micaela Cruz,Mendoza Ciudad,2024-11,Funcional,M,30,Activo,35000,0,Transferencia,07/06/2024
1359,Micaela Cruz,Mendoza Ciudad,2024-12,Funcional,M,30,Activo,35000,0,Transferencia,07/06/2024
1360,Juan Vega,Mendoza Ciudad,2024-10,Spinning,M,33,Activo,25000,20000,Efectivo,23/10/2024
1360,Juan Vega,Mendoza Ciudad,2024-11,Spinning,M,33,Activo,25000,0,Efectivo,23/10/2024
1360,Juan Vega,Mendoza Ciudad,2024-12,Spinning,M,33,Activo,25000,0,Efectivo,23/10/2024
1361,Micaela Lopez,Maipu,2024-06,Yoga,M,22,Activo,25000,20000,Transferencia,23/06/2024
1361,Micaela Lopez,Maipu,2024-07,Yoga,M,22,Inactivo,0,0,Transferencia,23/06/2024
1361,Micaela Lopez,Maipu,2024-08,Yoga,M,22,Inactivo,0,0,Transferencia,23/06/2024
1361,Micaela Lopez,Maipu,2024-09,Yoga,M,22,Activo,25000,0,Transferencia,23/06/2024
1361,Micaela Lopez,Maipu,2024-10,Yoga,M,22,Activo,25000,0,Transferencia,23/06/2024
1361,Micaela Lopez,Maipu,2024-11,Yoga,M,22,Activo,25000,0,Transferencia,23/06/2024
1361,Micaela Lopez,Maipu,2024-12,Yoga,M,22,Activo,25000,0,Transferencia,23/06/2024
1362,Agustin Rios,Lujan de Cuyo,2024-06,Funcional,F,20,Activo,35000,20000,Tarjeta,11/06/2024
1362,Agustin Rios,Lujan de Cuyo,2024-07,Funcional,F,20,Inactivo,0,0,Tarjeta,11/06/2024
1362,Agustin Rios,Lujan de Cuyo,2024-08,Funcional,F,20,Activo,35000,0,Tarjeta,11/06/2024
1362,Agustin Rios,Lujan de Cuyo,2024-09,Funcional,F,20,Activo,35000,0,Tarjeta,11/06/2024
1362,Agustin Rios,Lujan de Cuyo,2024-10,Funcional,F,20,Activo,35000,0,Tarjeta,11/06/2024
1362,Agustin Rios,Lujan de Cuyo,2024-11,Funcional,F,20,Inactivo,0,0,Tarjeta,11/06/2024
1362,Agustin Rios,Lujan de Cuyo,2024-12,Funcional,F,20,Activo,35000,0,Tarjeta,11/06/2024
1363,Ezequiel Garcia,Guaymallen,2024-04,Funcional,M,62,Activo,35000,20000,Tarjeta,28/04/2024
1363,Ezequiel Garcia,Guaymallen,2024-05,Funcional,M,62,Activo,35000,0,Tarjeta,28/04/2024
1363,Ezequiel Garcia,Guaymallen,2024-06,Funcional,M,62,Activo,35000,0,Tarjeta,28/04/2024
1363,Ezequiel Garcia,Guaymallen,2024-07,Funcional,M,62,Inactivo,0,0,Tarjeta,28/04/2024
1363,Ezequiel Garcia,Guaymallen,2024-08,Funcional,M,62,Activo,35000,0,Tarjeta,28/04/2024
1363,Ezequiel Garcia,Guaymallen,2024-09,Funcional,M,62,Inactivo,0,0,Tarjeta,28/04/2024
1363,Ezequiel Garcia,Guaymallen,2024-10,Funcional,M,62,Activo,35000,0,Tarjeta,28/04/2024
1363,Ezequiel Garcia,Guaymallen,2024-11,Funcional,M,62,Activo,35000,0,Tarjeta,28/04/2024
1363,Ezequiel Garcia,Guaymallen,2024-12,Funcional,M,62,Activo,35000,0,Tarjeta,28/04/2024
1364,Agustin Gomez,Lujan de Cuyo,2024-08,Funcional,F,24,Activo,35000,20000,Transferencia,23/08/2024
1364,Agustin Gomez,Lujan de Cuyo,2024-09,Funcional,F,24,Activo,35000,0,Transferencia,23/08/2024
1364,Agustin Gomez,Lujan de Cuyo,2024-10,Funcional,F,24,Activo,35000,0,Transferencia,23/08/2024
1364,Agustin Gomez,Lujan de Cuyo,2024-11,Funcional,F,24,Activo,35000,0,Transferencia,23/08/2024
1364,Agustin Gomez,Lujan de Cuyo,2024-12,Funcional,F,24,Activo,35000,0,Transferencia,23/08/2024
1365,Bruno Fernandez,Mendoza Ciudad,2024-06,Funcional,F,32,Activo,35000,20000,Transferencia,01/06/2024
1365,Bruno Fernandez,Mendoza Ciudad,2024-07,Funcional,F,32,Inactivo,0,0,Transferencia,01/06/2024
1365,Bruno Fernandez,Mendoza Ciudad,2024-08,Funcional,F,32,Inactivo,0,0,Transferencia,01/06/2024
1365,Bruno Fernandez,Mendoza Ciudad,2024-09,Funcional,F,32,Inactivo,0,0,Transferencia,01/06/2024
1365,Bruno Fernandez,Mendoza Ciudad,2024-10,Funcional,F,32,Activo,35000,0,Transferencia,01/06/2024
1365,Bruno Fernandez,Mendoza Ciudad,2024-11,Funcional,F,32,Activo,35000,0,Transferencia,01/06/2024
1365,Bruno Fernandez,Mendoza Ciudad,2024-12,Funcional,F,32,Activo,35000,0,Transferencia,01/06/2024
1366,Camila Rodriguez,Maipu,2024-08,Funcional,F,46,Activo,35000,20000,Transferencia,26/08/2024
1366,Camila Rodriguez,Maipu,2024-09,Funcional,F,46,Activo,35000,0,Transferencia,26/08/2024
1366,Camila Rodriguez,Maipu,2024-10,Funcional,F,46,Activo,35000,0,Transferencia,26/08/2024
1366,Camila Rodriguez,Maipu,2024-11,Funcional,F,46,Activo,35000,0,Transferencia,26/08/2024
1366,Camila Rodriguez,Maipu,2024-12,Funcional,F,46,Activo,35000,0,Transferencia,26/08/2024
1367,Agustin Suarez,Godoy Cruz,2024-10,Defensa Personal,M,35,Activo,25000,20000,Tarjeta,10/10/2024
1367,Agustin Suarez,Godoy Cruz,2024-11,Defensa Personal,M,35,Activo,25000,0,Tarjeta,10/10/2024
1367,Agustin Suarez,Godoy Cruz,2024-12,Defensa Personal,M,35,Activo,25000,0,Tarjeta,10/10/2024
1368,Sofia Gomez,Mendoza Ciudad,2024-10,Funcional,M,43,Activo,35000,20000,Tarjeta,17/10/2024
1368,Sofia Gomez,Mendoza Ciudad,2024-11,Funcional,M,43,Activo,35000,0,Tarjeta,17/10/2024
1368,Sofia Gomez,Mendoza Ciudad,2024-12,Funcional,M,43,Activo,35000,0,Tarjeta,17/10/2024
1369,Tomas Rios,Godoy Cruz,2024-06,Musculacion,F,57,Activo,35000,20000,Tarjeta,08/06/2024
1369,Tomas Rios,Godoy Cruz,2024-07,Musculacion,F,57,Activo,35000,0,Tarjeta,08/06/2024
1369,Tomas Rios,Godoy Cruz,2024-08,Musculacion,F,57,Activo,35000,0,Tarjeta,08/06/2024
1369,Tomas Rios,Godoy Cruz,2024-09,Musculacion,F,57,Activo,35000,0,Tarjeta,08/06/2024
1369,Tomas Rios,Godoy Cruz,2024-10,Musculacion,F,57,Activo,35000,0,Tarjeta,08/06/2024
1369,Tomas Rios,Godoy Cruz,2024-11,Musculacion,F,57,Activo,35000,0,Tarjeta,08/06/2024
1369,Tomas Rios,Godoy Cruz,2024-12,Musculacion,F,57,Activo,35000,0,Tarjeta,08/06/2024
1370,Camila Fernandez,Mendoza Ciudad,2024-09,Spinning,M,37,Activo,25000,20000,Tarjeta,08/09/2024
1370,Camila Fernandez,Mendoza Ciudad,2024-10,Spinning,M,37,Activo,25000,0,Tarjeta,08/09/2024
1370,Camila Fernandez,Mendoza Ciudad,2024-11,Spinning,M,37,Activo,25000,0,Tarjeta,08/09/2024
1370,Camila Fernandez,Mendoza Ciudad,2024-12,Spinning,M,37,Inactivo,0,0,Tarjeta,08/09/2024
1371,Florencia Gomez,Guaymallen,2024-10,Musculacion,F,47,Activo,35000,20000,Tarjeta,20/10/2024
1371,Florencia Gomez,Guaymallen,2024-11,Musculacion,F,47,Activo,35000,0,Tarjeta,20/10/2024
1371,Florencia Gomez,Guaymallen,2024-12,Musculacion,F,47,Activo,35000,0,Tarjeta,20/10/2024
1372,Franco Dominguez,Godoy Cruz,2024-06,Spinning,F,16,Activo,25000,20000,Transferencia,05/06/2024
1372,Franco Dominguez,Godoy Cruz,2024-07,Spinning,F,16,Inactivo,0,0,Transferencia,05/06/2024
1372,Franco Dominguez,Godoy Cruz,2024-08,Spinning,F,16,Activo,25000,0,Transferencia,05/06/2024
1372,Franco Dominguez,Godoy Cruz,2024-09,Spinning,F,16,Inactivo,0,0,Transferencia,05/06/2024
1372,Franco Dominguez,Godoy Cruz,2024-10,Spinning,F,16,Activo,25000,0,Transferencia,05/06/2024
1372,Franco Dominguez,Godoy Cruz,2024-11,Spinning,F,16,Activo,25000,0,Transferencia,05/06/2024
1372,Franco Dominguez,Godoy Cruz,2024-12,Spinning,F,16,Activo,25000,0,Transferencia,05/06/2024
1373,Carlos Fernandez,Mendoza Ciudad,2024-11,Yoga,F,48,Activo,25000,20000,Tarjeta,11/11/2024
1373,Carlos Fernandez,Mendoza Ciudad,2024-12,Yoga,F,48,Activo,25000,0,Tarjeta,11/11/2024
1374,Franco Medina,Mendoza Ciudad,2024-08,Musculacion,M,46,Activo,35000,20000,Tarjeta,14/08/2024
1374,Franco Medina,Mendoza Ciudad,2024-09,Musculacion,M,46,Inactivo,0,0,Tarjeta,14/08/2024
1374,Franco Medina,Mendoza Ciudad,2024-10,Musculacion,M,46,Activo,35000,0,Tarjeta,14/08/2024
1374,Franco Medina,Mendoza Ciudad,2024-11,Musculacion,M,46,Activo,35000,0,Tarjeta,14/08/2024
1374,Franco Medina,Mendoza Ciudad,2024-12,Musculacion,M,46,Activo,35000,0,Tarjeta,14/08/2024
1375,Carlos Rios,Mendoza Ciudad,2024-03,Yoga,M,34,Activo,25000,20000,Transferencia,27/03/2024
1375,Carlos Rios,Mendoza Ciudad,2024-04,Yoga,M,34,Activo,25000,0,Transferencia,27/03/2024
1375,Carlos Rios,Mendoza Ciudad,2024-05,Yoga,M,34,Activo,25000,0,Transferencia,27/03/2024
1375,Carlos Rios,Mendoza Ciudad,2024-06,Yoga,M,34,Activo,25000,0,Transferencia,27/03/2024
1375,Carlos Rios,Mendoza Ciudad,2024-07,Yoga,M,34,Activo,25000,0,Transferencia,27/03/2024
1375,Carlos Rios,Mendoza Ciudad,2024-08,Yoga,M,34,Activo,25000,0,Transferencia,27/03/2024
1375,Carlos Rios,Mendoza Ciudad,2024-09,Yoga,M,34,Activo,25000,0,Transferencia,27/03/2024
1375,Carlos Rios,Mendoza Ciudad,2024-10,Yoga,M,34,Activo,25000,0,Transferencia,27/03/2024
1375,Carlos Rios,Mendoza Ciudad,2024-11,Yoga,M,34,Activo,25000,0,Transferencia,27/03/2024
1375,Carlos Rios,Mendoza Ciudad,2024-12,Yoga,M,34,Activo,25000,0,Transferencia,27/03/2024
1376,Camila Suarez,Mendoza Ciudad,2024-03,Musculacion,M,34,Activo,35000,20000,Tarjeta,19/03/2024
1376,Camila Suarez,Mendoza Ciudad,2024-04,Musculacion,M,34,Activo,35000,0,Tarjeta,19/03/2024
1376,Camila Suarez,Mendoza Ciudad,2024-05,Musculacion,M,34,Inactivo,0,0,Tarjeta,19/03/2024
1376,Camila Suarez,Mendoza Ciudad,2024-06,Musculacion,M,34,Activo,35000,0,Tarjeta,19/03/2024
1376,Camila Suarez,Mendoza Ciudad,2024-07,Musculacion,M,34,Activo,35000,0,Tarjeta,19/03/2024
1376,Camila Suarez,Mendoza Ciudad,2024-08,Musculacion,M,34,Inactivo,0,0,Tarjeta,19/03/2024
1376,Camila Suarez,Mendoza Ciudad,2024-09,Musculacion,M,34,Activo,35000,0,Tarjeta,19/03/2024
1376,Camila Suarez,Mendoza Ciudad,2024-10,Musculacion,M,34,Activo,35000,0,Tarjeta,19/03/2024
1376,Camila Suarez,Mendoza Ciudad,2024-11,Musculacion,M,34,Activo,35000,0,Tarjeta,19/03/2024
1376,Camila Suarez,Mendoza Ciudad,2024-12,Musculacion,M,34,Activo,35000,0,Tarjeta,19/03/2024
1377,Paula Vega,Mendoza Ciudad,2024-11,Musculacion,M,32,Activo,35000,20000,Tarjeta,25/11/2024
1377,Paula Vega,Mendoza Ciudad,2024-12,Musculacion,M,32,Activo,35000,0,Tarjeta,25/11/2024
1378,Valentin Navarro,Mendoza Ciudad,2024-03,Spinning,F,19,Activo,25000,20000,Tarjeta,16/03/2024
1378,Valentin Navarro,Mendoza Ciudad,2024-04,Spinning,F,19,Activo,25000,0,Tarjeta,16/03/2024
1378,Valentin Navarro,Mendoza Ciudad,2024-05,Spinning,F,19,Activo,25000,0,Tarjeta,16/03/2024
1378,Valentin Navarro,Mendoza Ciudad,2024-06,Spinning,F,19,Activo,25000,0,Tarjeta,16/03/2024
1378,Valentin Navarro,Mendoza Ciudad,2024-07,Spinning,F,19,Inactivo,0,0,Tarjeta,16/03/2024
1378,Valentin Navarro,Mendoza Ciudad,2024-08,Spinning,F,19,Activo,25000,0,Tarjeta,16/03/2024
1378,Valentin Navarro,Mendoza Ciudad,2024-09,Spinning,F,19,Activo,25000,0,Tarjeta,16/03/2024
1378,Valentin Navarro,Mendoza Ciudad,2024-10,Spinning,F,19,Activo,25000,0,Tarjeta,16/03/2024
1378,Valentin Navarro,Mendoza Ciudad,2024-11,Spinning,F,19,Activo,25000,0,Tarjeta,16/03/2024
1378,Valentin Navarro,Mendoza Ciudad,2024-12,Spinning,F,19,Activo,25000,0,Tarjeta,16/03/2024
1379,Bruno Rodriguez,Godoy Cruz,2024-06,Yoga,M,30,Activo,25000,20000,Transferencia,20/06/2024
1379,Bruno Rodriguez,Godoy Cruz,2024-07,Yoga,M,30,Inactivo,0,0,Transferencia,20/06/2024
1379,Bruno Rodriguez,Godoy Cruz,2024-08,Yoga,M,30,Activo,25000,0,Transferencia,20/06/2024
1379,Bruno Rodriguez,Godoy Cruz,2024-09,Yoga,M,30,Activo,25000,0,Transferencia,20/06/2024
1379,Bruno Rodriguez,Godoy Cruz,2024-10,Yoga,M,30,Activo,25000,0,Transferencia,20/06/2024
1379,Bruno Rodriguez,Godoy Cruz,2024-11,Yoga,M,30,Activo,25000,0,Transferencia,20/06/2024
1379,Bruno Rodriguez,Godoy Cruz,2024-12,Yoga,M,30,Activo,25000,0,Transferencia,20/06/2024
1380,Diego Rodriguez,Mendoza Ciudad,2024-12,Spinning,M,48,Activo,25000,20000,Efectivo,12/12/2024
1381,Agustin Gimenez,Guaymallen,2024-04,Musculacion,F,41,Inactivo,0,0,Efectivo,25/04/2024
1381,Agustin Gimenez,Guaymallen,2024-04,Spinning,F,41,Activo,25000,20000,Efectivo,25/04/2024
1381,Agustin Gimenez,Guaymallen,2024-05,Musculacion,F,41,Inactivo,0,0,Efectivo,25/04/2024
1381,Agustin Gimenez,Guaymallen,2024-05,Spinning,F,41,Activo,25000,0,Efectivo,25/04/2024
1381,Agustin Gimenez,Guaymallen,2024-06,Musculacion,F,41,Activo,35000,0,Efectivo,25/04/2024
1381,Agustin Gimenez,Guaymallen,2024-06,Spinning,F,41,Inactivo,0,0,Efectivo,25/04/2024
1381,Agustin Gimenez,Guaymallen,2024-07,Musculacion,F,41,Activo,35000,0,Efectivo,25/04/2024
1381,Agustin Gimenez,Guaymallen,2024-07,Spinning,F,41,Inactivo,0,0,Efectivo,25/04/2024
1381,Agustin Gimenez,Guaymallen,2024-08,Musculacion,F,41,Activo,35000,0,Efectivo,25/04/2024
1381,Agustin Gimenez,Guaymallen,2024-08,Spinning,F,41,Activo,25000,0,Efectivo,25/04/2024
1381,Agustin Gimenez,Guaymallen,2024-09,Musculacion,F,41,Activo,35000,0,Efectivo,25/04/2024
1381,Agustin Gimenez,Guaymallen,2024-09,Spinning,F,41,Activo,25000,0,Efectivo,25/04/2024
1381,Agustin Gimenez,Guaymallen,2024-10,Musculacion,F,41,Activo,35000,0,Efectivo,25/04/2024
1381,Agustin Gimenez,Guaymallen,2024-10,Spinning,F,41,Activo,25000,0,Efectivo,25/04/2024
1381,Agustin Gimenez,Guaymallen,2024-11,Musculacion,F,41,Activo,35000,0,Efectivo,25/04/2024
1381,Agustin Gimenez,Guaymallen,2024-11,Spinning,F,41,Activo,25000,0,Efectivo,25/04/2024
1381,Agustin Gimenez,Guaymallen,2024-12,Musculacion,F,41,Activo,35000,0,Efectivo,25/04/2024
1381,Agustin Gimenez,Guaymallen,2024-12,Spinning,F,41,Activo,25000,0,Efectivo,25/04/2024
1382,Sofia Dominguez,Mendoza Ciudad,2024-06,Funcional,F,30,Activo,35000,20000,Transferencia,28/06/2024
1382,Sofia Dominguez,Mendoza Ciudad,2024-06,Defensa Personal,F,30,Inactivo,0,0,Transferencia,28/06/2024
1382,Sofia Dominguez,Mendoza Ciudad,2024-07,Funcional,F,30,Activo,35000,0,Transferencia,28/06/2024
1382,Sofia Dominguez,Mendoza Ciudad,2024-07,Defensa Personal,F,30,Activo,25000,0,Transferencia,28/06/2024
1382,Sofia Dominguez,Mendoza Ciudad,2024-08,Funcional,F,30,Inactivo,0,0,Transferencia,28/06/2024
1382,Sofia Dominguez,Mendoza Ciudad,2024-08,Defensa Personal,F,30,Inactivo,0,0,Transferencia,28/06/2024
1382,Sofia Dominguez,Mendoza Ciudad,2024-09,Funcional,F,30,Activo,35000,0,Transferencia,28/06/2024
1382,Sofia Dominguez,Mendoza Ciudad,2024-09,Defensa Personal,F,30,Activo,25000,0,Transferencia,28/06/2024
1382,Sofia Dominguez,Mendoza Ciudad,2024-10,Funcional,F,30,Activo,35000,0,Transferencia,28/06/2024
1382,Sofia Dominguez,Mendoza Ciudad,2024-10,Defensa Personal,F,30,Inactivo,0,0,Transferencia,28/06/2024
1382,Sofia Dominguez,Mendoza Ciudad,2024-11,Funcional,F,30,Activo,35000,0,Transferencia,28/06/2024
1382,Sofia Dominguez,Mendoza Ciudad,2024-11,Defensa Personal,F,30,Activo,25000,0,Transferencia,28/06/2024
1382,Sofia Dominguez,Mendoza Ciudad,2024-12,Funcional,F,30,Activo,35000,0,Transferencia,28/06/2024
1382,Sofia Dominguez,Mendoza Ciudad,2024-12,Defensa Personal,F,30,Activo,25000,0,Transferencia,28/06/2024
1383,Diego Dominguez,Mendoza Ciudad,2024-04,Yoga,F,39,Activo,25000,20000,Tarjeta,16/04/2024
1383,Diego Dominguez,Mendoza Ciudad,2024-05,Yoga,F,39,Activo,25000,0,Tarjeta,16/04/2024
1383,Diego Dominguez,Mendoza Ciudad,2024-06,Yoga,F,39,Inactivo,0,0,Tarjeta,16/04/2024
1383,Diego Dominguez,Mendoza Ciudad,2024-07,Yoga,F,39,Inactivo,0,0,Tarjeta,16/04/2024
1383,Diego Dominguez,Mendoza Ciudad,2024-08,Yoga,F,39,Inactivo,0,0,Tarjeta,16/04/2024
1383,Diego Dominguez,Mendoza Ciudad,2024-09,Yoga,F,39,Inactivo,0,0,Tarjeta,16/04/2024
1383,Diego Dominguez,Mendoza Ciudad,2024-10,Yoga,F,39,Activo,25000,0,Tarjeta,16/04/2024
1383,Diego Dominguez,Mendoza Ciudad,2024-11,Yoga,F,39,Activo,25000,0,Tarjeta,16/04/2024
1383,Diego Dominguez,Mendoza Ciudad,2024-12,Yoga,F,39,Activo,25000,0,Tarjeta,16/04/2024
1384,Tomas Navarro,Godoy Cruz,2024-06,Yoga,F,38,Activo,25000,20000,Transferencia,02/06/2024
1384,Tomas Navarro,Godoy Cruz,2024-07,Yoga,F,38,Activo,25000,0,Transferencia,02/06/2024
1384,Tomas Navarro,Godoy Cruz,2024-08,Yoga,F,38,Inactivo,0,0,Transferencia,02/06/2024
1384,Tomas Navarro,Godoy Cruz,2024-09,Yoga,F,38,Activo,25000,0,Transferencia,02/06/2024
1384,Tomas Navarro,Godoy Cruz,2024-10,Yoga,F,38,Activo,25000,0,Transferencia,02/06/2024
1384,Tomas Navarro,Godoy Cruz,2024-11,Yoga,F,38,Activo,25000,0,Transferencia,02/06/2024
1384,Tomas Navarro,Godoy Cruz,2024-12,Yoga,F,38,Activo,25000,0,Transferencia,02/06/2024
1385,Paula Garcia,Mendoza Ciudad,2024-04,Musculacion,F,37,Activo,35000,20000,Tarjeta,16/04/2024
1385,Paula Garcia,Mendoza Ciudad,2024-05,Musculacion,F,37,Activo,35000,0,Tarjeta,16/04/2024
1385,Paula Garcia,Mendoza Ciudad,2024-06,Musculacion,F,37,Inactivo,0,0,Tarjeta,16/04/2024
1385,Paula Garcia,Mendoza Ciudad,2024-07,Musculacion,F,37,Activo,35000,0,Tarjeta,16/04/2024
1385,Paula Garcia,Mendoza Ciudad,2024-08,Musculacion,F,37,Activo,35000,0,Tarjeta,16/04/2024
1385,Paula Garcia,Mendoza Ciudad,2024-09,Musculacion,F,37,Activo,35000,0,Tarjeta,16/04/2024
1385,Paula Garcia,Mendoza Ciudad,2024-10,Musculacion,F,37,Activo,35000,0,Tarjeta,16/04/2024
1385,Paula Garcia,Mendoza Ciudad,2024-11,Musculacion,F,37,Activo,35000,0,Tarjeta,16/04/2024
1385,Paula Garcia,Mendoza Ciudad,2024-12,Musculacion,F,37,Activo,35000,0,Tarjeta,16/04/2024
1386,Tomas Vega,Maipu,2024-12,Musculacion,M,37,Activo,35000,20000,Transferencia,22/12/2024
1387,Catalina Romero,Mendoza Ciudad,2024-01,Spinning,F,42,Activo,25000,20000,Efectivo,28/01/2024
1387,Catalina Romero,Mendoza Ciudad,2024-02,Spinning,F,42,Activo,25000,0,Efectivo,28/01/2024
1387,Catalina Romero,Mendoza Ciudad,2024-03,Spinning,F,42,Activo,25000,0,Efectivo,28/01/2024
1387,Catalina Romero,Mendoza Ciudad,2024-04,Spinning,F,42,Activo,25000,0,Efectivo,28/01/2024
1387,Catalina Romero,Mendoza Ciudad,2024-05,Spinning,F,42,Activo,25000,0,Efectivo,28/01/2024
1387,Catalina Romero,Mendoza Ciudad,2024-06,Spinning,F,42,Inactivo,0,0,Efectivo,28/01/2024
1387,Catalina Romero,Mendoza Ciudad,2024-07,Spinning,F,42,Activo,25000,0,Efectivo,28/01/2024
1387,Catalina Romero,Mendoza Ciudad,2024-08,Spinning,F,42,Inactivo,0,0,Efectivo,28/01/2024
1387,Catalina Romero,Mendoza Ciudad,2024-09,Spinning,F,42,Activo,25000,0,Efectivo,28/01/2024
1387,Catalina Romero,Mendoza Ciudad,2024-10,Spinning,F,42,Activo,25000,0,Efectivo,28/01/2024
1387,Catalina Romero,Mendoza Ciudad,2024-11,Spinning,F,42,Activo,25000,0,Efectivo,28/01/2024
1387,Catalina Romero,Mendoza Ciudad,2024-12,Spinning,F,42,Activo,25000,0,Efectivo,28/01/2024
1388,Paula Sanchez,Godoy Cruz,2024-12,Musculacion,M,20,Activo,35000,20000,Transferencia,24/12/2024
1389,Florencia Sanchez,Lujan de Cuyo,2024-02,Yoga,F,21,Activo,25000,20000,Transferencia,25/02/2024
1389,Florencia Sanchez,Lujan de Cuyo,2024-03,Yoga,F,21,Inactivo,0,0,Transferencia,25/02/2024
1389,Florencia Sanchez,Lujan de Cuyo,2024-04,Yoga,F,21,Activo,25000,0,Transferencia,25/02/2024
1389,Florencia Sanchez,Lujan de Cuyo,2024-05,Yoga,F,21,Activo,25000,0,Transferencia,25/02/2024
1389,Florencia Sanchez,Lujan de Cuyo,2024-06,Yoga,F,21,Inactivo,0,0,Transferencia,25/02/2024
1389,Florencia Sanchez,Lujan de Cuyo,2024-07,Yoga,F,21,Activo,25000,0,Transferencia,25/02/2024
1389,Florencia Sanchez,Lujan de Cuyo,2024-08,Yoga,F,21,Inactivo,0,0,Transferencia,25/02/2024
1389,Florencia Sanchez,Lujan de Cuyo,2024-09,Yoga,F,21,Activo,25000,0,Transferencia,25/02/2024
1389,Florencia Sanchez,Lujan de Cuyo,2024-10,Yoga,F,21,Activo,25000,0,Transferencia,25/02/2024
1389,Florencia Sanchez,Lujan de Cuyo,2024-11,Yoga,F,21,Activo,25000,0,Transferencia,25/02/2024
1389,Florencia Sanchez,Lujan de Cuyo,2024-12,Yoga,F,21,Activo,25000,0,Transferencia,25/02/2024
1390,Bruno Romero,Mendoza Ciudad,2024-11,Funcional,M,40,Activo,35000,20000,Transferencia,18/11/2024
1390,Bruno Romero,Mendoza Ciudad,2024-12,Funcional,M,40,Activo,35000,0,Transferencia,18/11/2024
1391,Juan Gomez,Godoy Cruz,2024-10,Funcional,F,25,Activo,35000,20000,Transferencia,01/10/2024
1391,Juan Gomez,Godoy Cruz,2024-11,Funcional,F,25,Activo,35000,0,Transferencia,01/10/2024
1391,Juan Gomez,Godoy Cruz,2024-12,Funcional,F,25,Activo,35000,0,Transferencia,01/10/2024
1392,Lucia Garcia,Lujan de Cuyo,2024-02,Spinning,M,61,Activo,25000,20000,Transferencia,11/02/2024
1392,Lucia Garcia,Lujan de Cuyo,2024-03,Spinning,M,61,Activo,25000,0,Transferencia,11/02/2024
1392,Lucia Garcia,Lujan de Cuyo,2024-04,Spinning,M,61,Activo,25000,0,Transferencia,11/02/2024
1392,Lucia Garcia,Lujan de Cuyo,2024-05,Spinning,M,61,Activo,25000,0,Transferencia,11/02/2024
1392,Lucia Garcia,Lujan de Cuyo,2024-06,Spinning,M,61,Activo,25000,0,Transferencia,11/02/2024
1392,Lucia Garcia,Lujan de Cuyo,2024-07,Spinning,M,61,Activo,25000,0,Transferencia,11/02/2024
1392,Lucia Garcia,Lujan de Cuyo,2024-08,Spinning,M,61,Activo,25000,0,Transferencia,11/02/2024
1392,Lucia Garcia,Lujan de Cuyo,2024-09,Spinning,M,61,Activo,25000,0,Transferencia,11/02/2024
1392,Lucia Garcia,Lujan de Cuyo,2024-10,Spinning,M,61,Activo,25000,0,Transferencia,11/02/2024
1392,Lucia Garcia,Lujan de Cuyo,2024-11,Spinning,M,61,Activo,25000,0,Transferencia,11/02/2024
1392,Lucia Garcia,Lujan de Cuyo,2024-12,Spinning,M,61,Activo,25000,0,Transferencia,11/02/2024
1393,Paula Rios,Lujan de Cuyo,2024-01,Funcional,M,40,Activo,35000,20000,Tarjeta,19/01/2024
1393,Paula Rios,Lujan de Cuyo,2024-02,Funcional,M,40,Activo,35000,0,Tarjeta,19/01/2024
1393,Paula Rios,Lujan de Cuyo,2024-03,Funcional,M,40,Activo,35000,0,Tarjeta,19/01/2024
1393,Paula Rios,Lujan de Cuyo,2024-04,Funcional,M,40,Activo,35000,0,Tarjeta,19/01/2024
1393,Paula Rios,Lujan de Cuyo,2024-05,Funcional,M,40,Inactivo,0,0,Tarjeta,19/01/2024
1393,Paula Rios,Lujan de Cuyo,2024-06,Funcional,M,40,Activo,35000,0,Tarjeta,19/01/2024
1393,Paula Rios,Lujan de Cuyo,2024-07,Funcional,M,40,Inactivo,0,0,Tarjeta,19/01/2024
1393,Paula Rios,Lujan de Cuyo,2024-08,Funcional,M,40,Activo,35000,0,Tarjeta,19/01/2024
1393,Paula Rios,Lujan de Cuyo,2024-09,Funcional,M,40,Activo,35000,0,Tarjeta,19/01/2024
1393,Paula Rios,Lujan de Cuyo,2024-10,Funcional,M,40,Activo,35000,0,Tarjeta,19/01/2024
1393,Paula Rios,Lujan de Cuyo,2024-11,Funcional,M,40,Inactivo,0,0,Tarjeta,19/01/2024
1393,Paula Rios,Lujan de Cuyo,2024-12,Funcional,M,40,Activo,35000,0,Tarjeta,19/01/2024
1394,Lucia Suarez,Mendoza Ciudad,2024-06,Funcional,F,51,Activo,35000,20000,Tarjeta,25/06/2024
1394,Lucia Suarez,Mendoza Ciudad,2024-07,Funcional,F,51,Activo,35000,0,Tarjeta,25/06/2024
1394,Lucia Suarez,Mendoza Ciudad,2024-08,Funcional,F,51,Inactivo,0,0,Tarjeta,25/06/2024
1394,Lucia Suarez,Mendoza Ciudad,2024-09,Funcional,F,51,Inactivo,0,0,Tarjeta,25/06/2024
1394,Lucia Suarez,Mendoza Ciudad,2024-10,Funcional,F,51,Activo,35000,0,Tarjeta,25/06/2024
1394,Lucia Suarez,Mendoza Ciudad,2024-11,Funcional,F,51,Inactivo,0,0,Tarjeta,25/06/2024
1394,Lucia Suarez,Mendoza Ciudad,2024-12,Funcional,F,51,Activo,35000,0,Tarjeta,25/06/2024
1395,Juan Fernandez,Godoy Cruz,2024-08,Spinning,F,26,Activo,25000,20000,Transferencia,20/08/2024
1395,Juan Fernandez,Godoy Cruz,2024-09,Spinning,F,26,Activo,25000,0,Transferencia,20/08/2024
1395,Juan Fernandez,Godoy Cruz,2024-10,Spinning,F,26,Activo,25000,0,Transferencia,20/08/2024
1395,Juan Fernandez,Godoy Cruz,2024-11,Spinning,F,26,Activo,25000,0,Transferencia,20/08/2024
1395,Juan Fernandez,Godoy Cruz,2024-12,Spinning,F,26,Activo,25000,0,Transferencia,20/08/2024
1396,Agustin Castro,Maipu,2024-09,Yoga,F,41,Activo,25000,20000,Transferencia,28/09/2024
1396,Agustin Castro,Maipu,2024-10,Yoga,F,41,Activo,25000,0,Transferencia,28/09/2024
1396,Agustin Castro,Maipu,2024-11,Yoga,F,41,Activo,25000,0,Transferencia,28/09/2024
1396,Agustin Castro,Maipu,2024-12,Yoga,F,41,Inactivo,0,0,Transferencia,28/09/2024
1397,Paula Lopez,Godoy Cruz,2024-07,Musculacion,M,34,Activo,35000,20000,Transferencia,03/07/2024
1397,Paula Lopez,Godoy Cruz,2024-08,Musculacion,M,34,Inactivo,0,0,Transferencia,03/07/2024
1397,Paula Lopez,Godoy Cruz,2024-09,Musculacion,M,34,Activo,35000,0,Transferencia,03/07/2024
1397,Paula Lopez,Godoy Cruz,2024-10,Musculacion,M,34,Activo,35000,0,Transferencia,03/07/2024
1397,Paula Lopez,Godoy Cruz,2024-11,Musculacion,M,34,Activo,35000,0,Transferencia,03/07/2024
1397,Paula Lopez,Godoy Cruz,2024-12,Musculacion,M,34,Activo,35000,0,Transferencia,03/07/2024
1398,Maria Perez,Maipu,2024-02,Musculacion,M,32,Activo,35000,20000,Tarjeta,14/02/2024
1398,Maria Perez,Maipu,2024-03,Musculacion,M,32,Activo,35000,0,Tarjeta,14/02/2024
1398,Maria Perez,Maipu,2024-04,Musculacion,M,32,Activo,35000,0,Tarjeta,14/02/2024
1398,Maria Perez,Maipu,2024-05,Musculacion,M,32,Activo,35000,0,Tarjeta,14/02/2024
1398,Maria Perez,Maipu,2024-06,Musculacion,M,32,Activo,35000,0,Tarjeta,14/02/2024
1398,Maria Perez,Maipu,2024-07,Musculacion,M,32,Activo,35000,0,Tarjeta,14/02/2024
1398,Maria Perez,Maipu,2024-08,Musculacion,M,32,Activo,35000,0,Tarjeta,14/02/2024
1398,Maria Perez,Maipu,2024-09,Musculacion,M,32,Activo,35000,0,Tarjeta,14/02/2024
1398,Maria Perez,Maipu,2024-10,Musculacion,M,32,Activo,35000,0,Tarjeta,14/02/2024
1398,Maria Perez,Maipu,2024-11,Musculacion,M,32,Activo,35000,0,Tarjeta,14/02/2024
1398,Maria Perez,Maipu,2024-12,Musculacion,M,32,Inactivo,0,0,Tarjeta,14/02/2024
1399,Milagros Sanchez,Godoy Cruz,2024-01,Defensa Personal,M,17,Activo,25000,20000,Tarjeta,23/01/2024
1399,Milagros Sanchez,Godoy Cruz,2024-02,Defensa Personal,M,17,Activo,25000,0,Tarjeta,23/01/2024
1399,Milagros Sanchez,Godoy Cruz,2024-03,Defensa Personal,M,17,Activo,25000,0,Tarjeta,23/01/2024
1399,Milagros Sanchez,Godoy Cruz,2024-04,Defensa Personal,M,17,Activo,25000,0,Tarjeta,23/01/2024
1399,Milagros Sanchez,Godoy Cruz,2024-05,Defensa Personal,M,17,Activo,25000,0,Tarjeta,23/01/2024
1399,Milagros Sanchez,Godoy Cruz,2024-06,Defensa Personal,M,17,Activo,25000,0,Tarjeta,23/01/2024
1399,Milagros Sanchez,Godoy Cruz,2024-07,Defensa Personal,M,17,Activo,25000,0,Tarjeta,23/01/2024
1399,Milagros Sanchez,Godoy Cruz,2024-08,Defensa Personal,M,17,Activo,25000,0,Tarjeta,23/01/2024
1399,Milagros Sanchez,Godoy Cruz,2024-09,Defensa Personal,M,17,Activo,25000,0,Tarjeta,23/01/2024
1399,Milagros Sanchez,Godoy Cruz,2024-10,Defensa Personal,M,17,Activo,25000,0,Tarjeta,23/01/2024
1399,Milagros Sanchez,Godoy Cruz,2024-11,Defensa Personal,M,17,Activo,25000,0,Tarjeta,23/01/2024
1399,Milagros Sanchez,Godoy Cruz,2024-12,Defensa Personal,M,17,Activo,25000,0,Tarjeta,23/01/2024
1400,Franco Gimenez,Mendoza Ciudad,2024-10,Defensa Personal,M,50,Activo,25000,20000,Transferencia,06/10/2024
1400,Franco Gimenez,Mendoza Ciudad,2024-11,Defensa Personal,M,50,Activo,25000,0,Transferencia,06/10/2024
1400,Franco Gimenez,Mendoza Ciudad,2024-12,Defensa Personal,M,50,Activo,25000,0,Transferencia,06/10/2024
1401,Ezequiel Navarro,Mendoza Ciudad,2024-09,Spinning,F,31,Activo,25000,20000,Transferencia,09/09/2024
1401,Ezequiel Navarro,Mendoza Ciudad,2024-10,Spinning,F,31,Activo,25000,0,Transferencia,09/09/2024
1401,Ezequiel Navarro,Mendoza Ciudad,2024-11,Spinning,F,31,Inactivo,0,0,Transferencia,09/09/2024
1401,Ezequiel Navarro,Mendoza Ciudad,2024-12,Spinning,F,31,Activo,25000,0,Transferencia,09/09/2024
1402,Florencia Molina,Maipu,2024-01,Yoga,F,34,Activo,25000,20000,Transferencia,22/01/2024
1402,Florencia Molina,Maipu,2024-02,Yoga,F,34,Inactivo,0,0,Transferencia,22/01/2024
1402,Florencia Molina,Maipu,2024-03,Yoga,F,34,Activo,25000,0,Transferencia,22/01/2024
1402,Florencia Molina,Maipu,2024-04,Yoga,F,34,Activo,25000,0,Transferencia,22/01/2024
1402,Florencia Molina,Maipu,2024-05,Yoga,F,34,Activo,25000,0,Transferencia,22/01/2024
1402,Florencia Molina,Maipu,2024-06,Yoga,F,34,Activo,25000,0,Transferencia,22/01/2024
1402,Florencia Molina,Maipu,2024-07,Yoga,F,34,Activo,25000,0,Transferencia,22/01/2024
1402,Florencia Molina,Maipu,2024-08,Yoga,F,34,Activo,25000,0,Transferencia,22/01/2024
1402,Florencia Molina,Maipu,2024-09,Yoga,F,34,Activo,25000,0,Transferencia,22/01/2024
1402,Florencia Molina,Maipu,2024-10,Yoga,F,34,Activo,25000,0,Transferencia,22/01/2024
1402,Florencia Molina,Maipu,2024-11,Yoga,F,34,Activo,25000,0,Transferencia,22/01/2024
1402,Florencia Molina,Maipu,2024-12,Yoga,F,34,Activo,25000,0,Transferencia,22/01/2024
1403,Micaela Gimenez,Mendoza Ciudad,2024-03,Funcional,F,17,Activo,35000,20000,Transferencia,23/03/2024
1403,Micaela Gimenez,Mendoza Ciudad,2024-04,Funcional,F,17,Activo,35000,0,Transferencia,23/03/2024
1403,Micaela Gimenez,Mendoza Ciudad,2024-05,Funcional,F,17,Activo,35000,0,Transferencia,23/03/2024
1403,Micaela Gimenez,Mendoza Ciudad,2024-06,Funcional,F,17,Inactivo,0,0,Transferencia,23/03/2024
1403,Micaela Gimenez,Mendoza Ciudad,2024-07,Funcional,F,17,Activo,35000,0,Transferencia,23/03/2024
1403,Micaela Gimenez,Mendoza Ciudad,2024-08,Funcional,F,17,Activo,35000,0,Transferencia,23/03/2024
1403,Micaela Gimenez,Mendoza Ciudad,2024-09,Funcional,F,17,Activo,35000,0,Transferencia,23/03/2024
1403,Micaela Gimenez,Mendoza Ciudad,2024-10,Funcional,F,17,Activo,35000,0,Transferencia,23/03/2024
1403,Micaela Gimenez,Mendoza Ciudad,2024-11,Funcional,F,17,Activo,35000,0,Transferencia,23/03/2024
1403,Micaela Gimenez,Mendoza Ciudad,2024-12,Funcional,F,17,Activo,35000,0,Transferencia,23/03/2024
1404,Carlos Lopez,Mendoza Ciudad,2024-11,Musculacion,M,49,Activo,35000,20000,Tarjeta,11/11/2024
1404,Carlos Lopez,Mendoza Ciudad,2024-12,Musculacion,M,49,Activo,35000,0,Tarjeta,11/11/2024
1405,Sofia Medina,Mendoza Ciudad,2024-01,Funcional,F,57,Activo,35000,20000,Efectivo,15/01/2024
1405,Sofia Medina,Mendoza Ciudad,2024-02,Funcional,F,57,Activo,35000,0,Efectivo,15/01/2024
1405,Sofia Medina,Mendoza Ciudad,2024-03,Funcional,F,57,Activo,35000,0,Efectivo,15/01/2024
1405,Sofia Medina,Mendoza Ciudad,2024-04,Funcional,F,57,Activo,35000,0,Efectivo,15/01/2024
1405,Sofia Medina,Mendoza Ciudad,2024-05,Funcional,F,57,Activo,35000,0,Efectivo,15/01/2024
1405,Sofia Medina,Mendoza Ciudad,2024-06,Funcional,F,57,Inactivo,0,0,Efectivo,15/01/2024
1405,Sofia Medina,Mendoza Ciudad,2024-07,Funcional,F,57,Activo,35000,0,Efectivo,15/01/2024
1405,Sofia Medina,Mendoza Ciudad,2024-08,Funcional,F,57,Inactivo,0,0,Efectivo,15/01/2024
1405,Sofia Medina,Mendoza Ciudad,2024-09,Funcional,F,57,Activo,35000,0,Efectivo,15/01/2024
1405,Sofia Medina,Mendoza Ciudad,2024-10,Funcional,F,57,Activo,35000,0,Efectivo,15/01/2024
1405,Sofia Medina,Mendoza Ciudad,2024-11,Funcional,F,57,Activo,35000,0,Efectivo,15/01/2024
1405,Sofia Medina,Mendoza Ciudad,2024-12,Funcional,F,57,Activo,35000,0,Efectivo,15/01/2024
1406,Tomas Romero,Mendoza Ciudad,2024-05,Funcional,M,42,Activo,35000,20000,Efectivo,08/05/2024
1406,Tomas Romero,Mendoza Ciudad,2024-06,Funcional,M,42,Activo,35000,0,Efectivo,08/05/2024
1406,Tomas Romero,Mendoza Ciudad,2024-07,Funcional,M,42,Activo,35000,0,Efectivo,08/05/2024
1406,Tomas Romero,Mendoza Ciudad,2024-08,Funcional,M,42,Activo,35000,0,Efectivo,08/05/2024
1406,Tomas Romero,Mendoza Ciudad,2024-09,Funcional,M,42,Activo,35000,0,Efectivo,08/05/2024
1406,Tomas Romero,Mendoza Ciudad,2024-10,Funcional,M,42,Activo,35000,0,Efectivo,08/05/2024
1406,Tomas Romero,Mendoza Ciudad,2024-11,Funcional,M,42,Activo,35000,0,Efectivo,08/05/2024
1406,Tomas Romero,Mendoza Ciudad,2024-12,Funcional,M,42,Inactivo,0,0,Efectivo,08/05/2024
1407,Camila Rios,Godoy Cruz,2024-09,Musculacion,M,32,Activo,35000,20000,Efectivo,01/09/2024
1407,Camila Rios,Godoy Cruz,2024-10,Musculacion,M,32,Activo,35000,0,Efectivo,01/09/2024
1407,Camila Rios,Godoy Cruz,2024-11,Musculacion,M,32,Activo,35000,0,Efectivo,01/09/2024
1407,Camila Rios,Godoy Cruz,2024-12,Musculacion,M,32,Activo,35000,0,Efectivo,01/09/2024
1408,Paula Cruz,Mendoza Ciudad,2024-06,Yoga,F,31,Activo,25000,20000,Transferencia,08/06/2024
1408,Paula Cruz,Mendoza Ciudad,2024-07,Yoga,F,31,Inactivo,0,0,Transferencia,08/06/2024
1408,Paula Cruz,Mendoza Ciudad,2024-08,Yoga,F,31,Inactivo,0,0,Transferencia,08/06/2024
1408,Paula Cruz,Mendoza Ciudad,2024-09,Yoga,F,31,Activo,25000,0,Transferencia,08/06/2024
1408,Paula Cruz,Mendoza Ciudad,2024-10,Yoga,F,31,Activo,25000,0,Transferencia,08/06/2024
1408,Paula Cruz,Mendoza Ciudad,2024-11,Yoga,F,31,Activo,25000,0,Transferencia,08/06/2024
1408,Paula Cruz,Mendoza Ciudad,2024-12,Yoga,F,31,Activo,25000,0,Transferencia,08/06/2024
1409,Carlos Navarro,Maipu,2024-06,Funcional,F,42,Activo,35000,20000,Tarjeta,01/06/2024
1409,Carlos Navarro,Maipu,2024-07,Funcional,F,42,Inactivo,0,0,Tarjeta,01/06/2024
1409,Carlos Navarro,Maipu,2024-08,Funcional,F,42,Activo,35000,0,Tarjeta,01/06/2024
1409,Carlos Navarro,Maipu,2024-09,Funcional,F,42,Activo,35000,0,Tarjeta,01/06/2024
1409,Carlos Navarro,Maipu,2024-10,Funcional,F,42,Activo,35000,0,Tarjeta,01/06/2024
1409,Carlos Navarro,Maipu,2024-11,Funcional,F,42,Activo,35000,0,Tarjeta,01/06/2024
1409,Carlos Navarro,Maipu,2024-12,Funcional,F,42,Activo,35000,0,Tarjeta,01/06/2024
1410,Carlos Suarez,Mendoza Ciudad,2024-04,Defensa Personal,M,40,Activo,25000,20000,Efectivo,10/04/2024
1410,Carlos Suarez,Mendoza Ciudad,2024-05,Defensa Personal,M,40,Activo,25000,0,Efectivo,10/04/2024
1410,Carlos Suarez,Mendoza Ciudad,2024-06,Defensa Personal,M,40,Inactivo,0,0,Efectivo,10/04/2024
1410,Carlos Suarez,Mendoza Ciudad,2024-07,Defensa Personal,M,40,Activo,25000,0,Efectivo,10/04/2024
1410,Carlos Suarez,Mendoza Ciudad,2024-08,Defensa Personal,M,40,Activo,25000,0,Efectivo,10/04/2024
1410,Carlos Suarez,Mendoza Ciudad,2024-09,Defensa Personal,M,40,Activo,25000,0,Efectivo,10/04/2024
1410,Carlos Suarez,Mendoza Ciudad,2024-10,Defensa Personal,M,40,Activo,25000,0,Efectivo,10/04/2024
1410,Carlos Suarez,Mendoza Ciudad,2024-11,Defensa Personal,M,40,Activo,25000,0,Efectivo,10/04/2024
1410,Carlos Suarez,Mendoza Ciudad,2024-12,Defensa Personal,M,40,Activo,25000,0,Efectivo,10/04/2024
1411,Micaela Herrera,Maipu,2024-05,Spinning,F,29,Activo,25000,20000,Efectivo,09/05/2024
1411,Micaela Herrera,Maipu,2024-06,Spinning,F,29,Activo,25000,0,Efectivo,09/05/2024
1411,Micaela Herrera,Maipu,2024-07,Spinning,F,29,Activo,25000,0,Efectivo,09/05/2024
1411,Micaela Herrera,Maipu,2024-08,Spinning,F,29,Inactivo,0,0,Efectivo,09/05/2024
1411,Micaela Herrera,Maipu,2024-09,Spinning,F,29,Inactivo,0,0,Efectivo,09/05/2024
1411,Micaela Herrera,Maipu,2024-10,Spinning,F,29,Inactivo,0,0,Efectivo,09/05/2024
1411,Micaela Herrera,Maipu,2024-11,Spinning,F,29,Activo,25000,0,Efectivo,09/05/2024
1411,Micaela Herrera,Maipu,2024-12,Spinning,F,29,Activo,25000,0,Efectivo,09/05/2024
1412,Milagros Perez,Mendoza Ciudad,2024-01,Musculacion,M,39,Activo,35000,20000,Efectivo,01/01/2024
1412,Milagros Perez,Mendoza Ciudad,2024-02,Musculacion,M,39,Activo,35000,0,Efectivo,01/01/2024
1412,Milagros Perez,Mendoza Ciudad,2024-03,Musculacion,M,39,Inactivo,0,0,Efectivo,01/01/2024
1412,Milagros Perez,Mendoza Ciudad,2024-04,Musculacion,M,39,Activo,35000,0,Efectivo,01/01/2024
1412,Milagros Perez,Mendoza Ciudad,2024-05,Musculacion,M,39,Activo,35000,0,Efectivo,01/01/2024
1412,Milagros Perez,Mendoza Ciudad,2024-06,Musculacion,M,39,Activo,35000,0,Efectivo,01/01/2024
1412,Milagros Perez,Mendoza Ciudad,2024-07,Musculacion,M,39,Activo,35000,0,Efectivo,01/01/2024
1412,Milagros Perez,Mendoza Ciudad,2024-08,Musculacion,M,39,Activo,35000,0,Efectivo,01/01/2024
1412,Milagros Perez,Mendoza Ciudad,2024-09,Musculacion,M,39,Activo,35000,0,Efectivo,01/01/2024
1412,Milagros Perez,Mendoza Ciudad,2024-10,Musculacion,M,39,Activo,35000,0,Efectivo,01/01/2024
1412,Milagros Perez,Mendoza Ciudad,2024-11,Musculacion,M,39,Activo,35000,0,Efectivo,01/01/2024
1412,Milagros Perez,Mendoza Ciudad,2024-12,Musculacion,M,39,Activo,35000,0,Efectivo,01/01/2024
1413,Valentin Navarro,Guaymallen,2024-06,Funcional,F,25,Activo,35000,20000,Efectivo,10/06/2024
1413,Valentin Navarro,Guaymallen,2024-07,Funcional,F,25,Inactivo,0,0,Efectivo,10/06/2024
1413,Valentin Navarro,Guaymallen,2024-08,Funcional,F,25,Activo,35000,0,Efectivo,10/06/2024
1413,Valentin Navarro,Guaymallen,2024-09,Funcional,F,25,Activo,35000,0,Efectivo,10/06/2024
1413,Valentin Navarro,Guaymallen,2024-10,Funcional,F,25,Activo,35000,0,Efectivo,10/06/2024
1413,Valentin Navarro,Guaymallen,2024-11,Funcional,F,25,Activo,35000,0,Efectivo,10/06/2024
1413,Valentin Navarro,Guaymallen,2024-12,Funcional,F,25,Activo,35000,0,Efectivo,10/06/2024
1414,Catalina Fernandez,Mendoza Ciudad,2024-07,Yoga,M,38,Activo,25000,20000,Transferencia,19/07/2024
1414,Catalina Fernandez,Mendoza Ciudad,2024-08,Yoga,M,38,Activo,25000,0,Transferencia,19/07/2024
1414,Catalina Fernandez,Mendoza Ciudad,2024-09,Yoga,M,38,Activo,25000,0,Transferencia,19/07/2024
1414,Catalina Fernandez,Mendoza Ciudad,2024-10,Yoga,M,38,Activo,25000,0,Transferencia,19/07/2024
1414,Catalina Fernandez,Mendoza Ciudad,2024-11,Yoga,M,38,Activo,25000,0,Transferencia,19/07/2024
1414,Catalina Fernandez,Mendoza Ciudad,2024-12,Yoga,M,38,Activo,25000,0,Transferencia,19/07/2024
1415,Camila Molina,Guaymallen,2024-03,Spinning,M,21,Activo,25000,20000,Tarjeta,09/03/2024
1415,Camila Molina,Guaymallen,2024-04,Spinning,M,21,Activo,25000,0,Tarjeta,09/03/2024
1415,Camila Molina,Guaymallen,2024-05,Spinning,M,21,Inactivo,0,0,Tarjeta,09/03/2024
1415,Camila Molina,Guaymallen,2024-06,Spinning,M,21,Activo,25000,0,Tarjeta,09/03/2024
1415,Camila Molina,Guaymallen,2024-07,Spinning,M,21,Inactivo,0,0,Tarjeta,09/03/2024
1415,Camila Molina,Guaymallen,2024-08,Spinning,M,21,Activo,25000,0,Tarjeta,09/03/2024
1415,Camila Molina,Guaymallen,2024-09,Spinning,M,21,Inactivo,0,0,Tarjeta,09/03/2024
1415,Camila Molina,Guaymallen,2024-10,Spinning,M,21,Activo,25000,0,Tarjeta,09/03/2024
1415,Camila Molina,Guaymallen,2024-11,Spinning,M,21,Activo,25000,0,Tarjeta,09/03/2024
1415,Camila Molina,Guaymallen,2024-12,Spinning,M,21,Activo,25000,0,Tarjeta,09/03/2024
1416,Maria Castro,Mendoza Ciudad,2024-03,Spinning,F,20,Activo,25000,20000,Tarjeta,04/03/2024
1416,Maria Castro,Mendoza Ciudad,2024-04,Spinning,F,20,Activo,25000,0,Tarjeta,04/03/2024
1416,Maria Castro,Mendoza Ciudad,2024-05,Spinning,F,20,Activo,25000,0,Tarjeta,04/03/2024
1416,Maria Castro,Mendoza Ciudad,2024-06,Spinning,F,20,Activo,25000,0,Tarjeta,04/03/2024
1416,Maria Castro,Mendoza Ciudad,2024-07,Spinning,F,20,Activo,25000,0,Tarjeta,04/03/2024
1416,Maria Castro,Mendoza Ciudad,2024-08,Spinning,F,20,Activo,25000,0,Tarjeta,04/03/2024
1416,Maria Castro,Mendoza Ciudad,2024-09,Spinning,F,20,Activo,25000,0,Tarjeta,04/03/2024
1416,Maria Castro,Mendoza Ciudad,2024-10,Spinning,F,20,Activo,25000,0,Tarjeta,04/03/2024
1416,Maria Castro,Mendoza Ciudad,2024-11,Spinning,F,20,Activo,25000,0,Tarjeta,04/03/2024
1416,Maria Castro,Mendoza Ciudad,2024-12,Spinning,F,20,Activo,25000,0,Tarjeta,04/03/2024
1417,Maria Rios,Mendoza Ciudad,2024-03,Musculacion,M,29,Activo,35000,20000,Transferencia,28/03/2024
1417,Maria Rios,Mendoza Ciudad,2024-04,Musculacion,M,29,Activo,35000,0,Transferencia,28/03/2024
1417,Maria Rios,Mendoza Ciudad,2024-05,Musculacion,M,29,Activo,35000,0,Transferencia,28/03/2024
1417,Maria Rios,Mendoza Ciudad,2024-06,Musculacion,M,29,Activo,35000,0,Transferencia,28/03/2024
1417,Maria Rios,Mendoza Ciudad,2024-07,Musculacion,M,29,Activo,35000,0,Transferencia,28/03/2024
1417,Maria Rios,Mendoza Ciudad,2024-08,Musculacion,M,29,Inactivo,0,0,Transferencia,28/03/2024
1417,Maria Rios,Mendoza Ciudad,2024-09,Musculacion,M,29,Activo,35000,0,Transferencia,28/03/2024
1417,Maria Rios,Mendoza Ciudad,2024-10,Musculacion,M,29,Inactivo,0,0,Transferencia,28/03/2024
1417,Maria Rios,Mendoza Ciudad,2024-11,Musculacion,M,29,Activo,35000,0,Transferencia,28/03/2024
1417,Maria Rios,Mendoza Ciudad,2024-12,Musculacion,M,29,Activo,35000,0,Transferencia,28/03/2024
1418,Catalina Vega,Maipu,2024-02,Defensa Personal,F,34,Activo,25000,20000,Efectivo,16/02/2024
1418,Catalina Vega,Maipu,2024-03,Defensa Personal,F,34,Activo,25000,0,Efectivo,16/02/2024
1418,Catalina Vega,Maipu,2024-04,Defensa Personal,F,34,Activo,25000,0,Efectivo,16/02/2024
1418,Catalina Vega,Maipu,2024-05,Defensa Personal,F,34,Activo,25000,0,Efectivo,16/02/2024
1418,Catalina Vega,Maipu,2024-06,Defensa Personal,F,34,Inactivo,0,0,Efectivo,16/02/2024
1418,Catalina Vega,Maipu,2024-07,Defensa Personal,F,34,Inactivo,0,0,Efectivo,16/02/2024
1418,Catalina Vega,Maipu,2024-08,Defensa Personal,F,34,Inactivo,0,0,Efectivo,16/02/2024
1418,Catalina Vega,Maipu,2024-09,Defensa Personal,F,34,Activo,25000,0,Efectivo,16/02/2024
1418,Catalina Vega,Maipu,2024-10,Defensa Personal,F,34,Activo,25000,0,Efectivo,16/02/2024
1418,Catalina Vega,Maipu,2024-11,Defensa Personal,F,34,Activo,25000,0,Efectivo,16/02/2024
1418,Catalina Vega,Maipu,2024-12,Defensa Personal,F,34,Activo,25000,0,Efectivo,16/02/2024
1419,Ezequiel Medina,Godoy Cruz,2024-11,Spinning,M,17,Activo,25000,20000,Transferencia,17/11/2024
1419,Ezequiel Medina,Godoy Cruz,2024-12,Spinning,M,17,Activo,25000,0,Transferencia,17/11/2024
1420,Diego Torres,Mendoza Ciudad,2024-04,Musculacion,M,28,Activo,35000,20000,Transferencia,10/04/2024
1420,Diego Torres,Mendoza Ciudad,2024-05,Musculacion,M,28,Inactivo,0,0,Transferencia,10/04/2024
1420,Diego Torres,Mendoza Ciudad,2024-06,Musculacion,M,28,Inactivo,0,0,Transferencia,10/04/2024
1420,Diego Torres,Mendoza Ciudad,2024-07,Musculacion,M,28,Inactivo,0,0,Transferencia,10/04/2024
1420,Diego Torres,Mendoza Ciudad,2024-08,Musculacion,M,28,Inactivo,0,0,Transferencia,10/04/2024
1420,Diego Torres,Mendoza Ciudad,2024-09,Musculacion,M,28,Activo,35000,0,Transferencia,10/04/2024
1420,Diego Torres,Mendoza Ciudad,2024-10,Musculacion,M,28,Activo,35000,0,Transferencia,10/04/2024
1420,Diego Torres,Mendoza Ciudad,2024-11,Musculacion,M,28,Activo,35000,0,Transferencia,10/04/2024
1420,Diego Torres,Mendoza Ciudad,2024-12,Musculacion,M,28,Activo,35000,0,Transferencia,10/04/2024
1421,Maria Herrera,Godoy Cruz,2024-09,Musculacion,M,21,Activo,35000,20000,Transferencia,25/09/2024
1421,Maria Herrera,Godoy Cruz,2024-10,Musculacion,M,21,Activo,35000,0,Transferencia,25/09/2024
1421,Maria Herrera,Godoy Cruz,2024-11,Musculacion,M,21,Inactivo,0,0,Transferencia,25/09/2024
1421,Maria Herrera,Godoy Cruz,2024-12,Musculacion,M,21,Activo,35000,0,Transferencia,25/09/2024
1422,Florencia Suarez,Mendoza Ciudad,2024-10,Yoga,F,16,Activo,25000,20000,Tarjeta,26/10/2024
1422,Florencia Suarez,Mendoza Ciudad,2024-11,Yoga,F,16,Activo,25000,0,Tarjeta,26/10/2024
1422,Florencia Suarez,Mendoza Ciudad,2024-12,Yoga,F,16,Inactivo,0,0,Tarjeta,26/10/2024
1423,Maria Herrera,Mendoza Ciudad,2024-11,Musculacion,F,40,Activo,35000,20000,Tarjeta,15/11/2024
1423,Maria Herrera,Mendoza Ciudad,2024-12,Musculacion,F,40,Activo,35000,0,Tarjeta,15/11/2024
1424,Ezequiel Molina,Godoy Cruz,2024-12,Funcional,F,55,Activo,35000,20000,Tarjeta,23/12/2024
1425,Diego Rodriguez,Godoy Cruz,2024-09,Funcional,F,37,Activo,35000,20000,Tarjeta,08/09/2024
1425,Diego Rodriguez,Godoy Cruz,2024-10,Funcional,F,37,Activo,35000,0,Tarjeta,08/09/2024
1425,Diego Rodriguez,Godoy Cruz,2024-11,Funcional,F,37,Activo,35000,0,Tarjeta,08/09/2024
1425,Diego Rodriguez,Godoy Cruz,2024-12,Funcional,F,37,Activo,35000,0,Tarjeta,08/09/2024
1426,Agustin Navarro,Mendoza Ciudad,2024-07,Musculacion,M,30,Activo,35000,20000,Tarjeta,27/07/2024
1426,Agustin Navarro,Mendoza Ciudad,2024-08,Musculacion,M,30,Inactivo,0,0,Tarjeta,27/07/2024
1426,Agustin Navarro,Mendoza Ciudad,2024-09,Musculacion,M,30,Activo,35000,0,Tarjeta,27/07/2024
1426,Agustin Navarro,Mendoza Ciudad,2024-10,Musculacion,M,30,Inactivo,0,0,Tarjeta,27/07/2024
1426,Agustin Navarro,Mendoza Ciudad,2024-11,Musculacion,M,30,Activo,35000,0,Tarjeta,27/07/2024
1426,Agustin Navarro,Mendoza Ciudad,2024-12,Musculacion,M,30,Activo,35000,0,Tarjeta,27/07/2024
1427,Micaela Navarro,Mendoza Ciudad,2024-07,Yoga,F,24,Activo,25000,20000,Efectivo,12/07/2024
1427,Micaela Navarro,Mendoza Ciudad,2024-08,Yoga,F,24,Inactivo,0,0,Efectivo,12/07/2024
1427,Micaela Navarro,Mendoza Ciudad,2024-09,Yoga,F,24,Activo,25000,0,Efectivo,12/07/2024
1427,Micaela Navarro,Mendoza Ciudad,2024-10,Yoga,F,24,Inactivo,0,0,Efectivo,12/07/2024
1427,Micaela Navarro,Mendoza Ciudad,2024-11,Yoga,F,24,Activo,25000,0,Efectivo,12/07/2024
1427,Micaela Navarro,Mendoza Ciudad,2024-12,Yoga,F,24,Activo,25000,0,Efectivo,12/07/2024
1428,Sofia Molina,Mendoza Ciudad,2024-09,Musculacion,M,34,Activo,35000,20000,Efectivo,09/09/2024
1428,Sofia Molina,Mendoza Ciudad,2024-10,Musculacion,M,34,Inactivo,0,0,Efectivo,09/09/2024
1428,Sofia Molina,Mendoza Ciudad,2024-11,Musculacion,M,34,Activo,35000,0,Efectivo,09/09/2024
1428,Sofia Molina,Mendoza Ciudad,2024-12,Musculacion,M,34,Activo,35000,0,Efectivo,09/09/2024
1429,Camila Vega,Godoy Cruz,2024-08,Musculacion,M,19,Activo,35000,20000,Transferencia,15/08/2024
1429,Camila Vega,Godoy Cruz,2024-09,Musculacion,M,19,Activo,35000,0,Transferencia,15/08/2024
1429,Camila Vega,Godoy Cruz,2024-10,Musculacion,M,19,Activo,35000,0,Transferencia,15/08/2024
1429,Camila Vega,Godoy Cruz,2024-11,Musculacion,M,19,Activo,35000,0,Transferencia,15/08/2024
1429,Camila Vega,Godoy Cruz,2024-12,Musculacion,M,19,Activo,35000,0,Transferencia,15/08/2024
1430,Tomas Garcia,Maipu,2024-09,Funcional,F,67,Activo,35000,20000,Efectivo,19/09/2024
1430,Tomas Garcia,Maipu,2024-10,Funcional,F,67,Activo,35000,0,Efectivo,19/09/2024
1430,Tomas Garcia,Maipu,2024-11,Funcional,F,67,Activo,35000,0,Efectivo,19/09/2024
1430,Tomas Garcia,Maipu,2024-12,Funcional,F,67,Activo,35000,0,Efectivo,19/09/2024
1431,Camila Dominguez,Godoy Cruz,2024-09,Musculacion,M,28,Activo,35000,20000,Transferencia,26/09/2024
1431,Camila Dominguez,Godoy Cruz,2024-10,Musculacion,M,28,Activo,35000,0,Transferencia,26/09/2024
1431,Camila Dominguez,Godoy Cruz,2024-11,Musculacion,M,28,Activo,35000,0,Transferencia,26/09/2024
1431,Camila Dominguez,Godoy Cruz,2024-12,Musculacion,M,28,Inactivo,0,0,Transferencia,26/09/2024
1432,Diego Medina,Guaymallen,2024-04,Spinning,F,36,Activo,25000,20000,Tarjeta,10/04/2024
1432,Diego Medina,Guaymallen,2024-05,Spinning,F,36,Inactivo,0,0,Tarjeta,10/04/2024
1432,Diego Medina,Guaymallen,2024-06,Spinning,F,36,Inactivo,0,0,Tarjeta,10/04/2024
1432,Diego Medina,Guaymallen,2024-07,Spinning,F,36,Activo,25000,0,Tarjeta,10/04/2024
1432,Diego Medina,Guaymallen,2024-08,Spinning,F,36,Inactivo,0,0,Tarjeta,10/04/2024
1432,Diego Medina,Guaymallen,2024-09,Spinning,F,36,Activo,25000,0,Tarjeta,10/04/2024
1432,Diego Medina,Guaymallen,2024-10,Spinning,F,36,Activo,25000,0,Tarjeta,10/04/2024
1432,Diego Medina,Guaymallen,2024-11,Spinning,F,36,Activo,25000,0,Tarjeta,10/04/2024
1432,Diego Medina,Guaymallen,2024-12,Spinning,F,36,Activo,25000,0,Tarjeta,10/04/2024
1433,Micaela Sanchez,Mendoza Ciudad,2024-01,Defensa Personal,M,57,Activo,25000,20000,Efectivo,10/01/2024
1433,Micaela Sanchez,Mendoza Ciudad,2024-02,Defensa Personal,M,57,Inactivo,0,0,Efectivo,10/01/2024
1433,Micaela Sanchez,Mendoza Ciudad,2024-03,Defensa Personal,M,57,Activo,25000,0,Efectivo,10/01/2024
1433,Micaela Sanchez,Mendoza Ciudad,2024-04,Defensa Personal,M,57,Activo,25000,0,Efectivo,10/01/2024
1433,Micaela Sanchez,Mendoza Ciudad,2024-05,Defensa Personal,M,57,Activo,25000,0,Efectivo,10/01/2024
1433,Micaela Sanchez,Mendoza Ciudad,2024-06,Defensa Personal,M,57,Activo,25000,0,Efectivo,10/01/2024
1433,Micaela Sanchez,Mendoza Ciudad,2024-07,Defensa Personal,M,57,Inactivo,0,0,Efectivo,10/01/2024
1433,Micaela Sanchez,Mendoza Ciudad,2024-08,Defensa Personal,M,57,Activo,25000,0,Efectivo,10/01/2024
1433,Micaela Sanchez,Mendoza Ciudad,2024-09,Defensa Personal,M,57,Activo,25000,0,Efectivo,10/01/2024
1433,Micaela Sanchez,Mendoza Ciudad,2024-10,Defensa Personal,M,57,Activo,25000,0,Efectivo,10/01/2024
1433,Micaela Sanchez,Mendoza Ciudad,2024-11,Defensa Personal,M,57,Activo,25000,0,Efectivo,10/01/2024
1433,Micaela Sanchez,Mendoza Ciudad,2024-12,Defensa Personal,M,57,Activo,25000,0,Efectivo,10/01/2024
1434,Julieta Dominguez,Mendoza Ciudad,2024-05,Musculacion,F,67,Activo,35000,20000,Tarjeta,13/05/2024
1434,Julieta Dominguez,Mendoza Ciudad,2024-06,Musculacion,F,67,Inactivo,0,0,Tarjeta,13/05/2024
1434,Julieta Dominguez,Mendoza Ciudad,2024-07,Musculacion,F,67,Activo,35000,0,Tarjeta,13/05/2024
1434,Julieta Dominguez,Mendoza Ciudad,2024-08,Musculacion,F,67,Activo,35000,0,Tarjeta,13/05/2024
1434,Julieta Dominguez,Mendoza Ciudad,2024-09,Musculacion,F,67,Activo,35000,0,Tarjeta,13/05/2024
1434,Julieta Dominguez,Mendoza Ciudad,2024-10,Musculacion,F,67,Activo,35000,0,Tarjeta,13/05/2024
1434,Julieta Dominguez,Mendoza Ciudad,2024-11,Musculacion,F,67,Activo,35000,0,Tarjeta,13/05/2024
1434,Julieta Dominguez,Mendoza Ciudad,2024-12,Musculacion,F,67,Activo,35000,0,Tarjeta,13/05/2024
1435,Agustin Lopez,Mendoza Ciudad,2024-01,Yoga,M,38,Activo,25000,20000,Tarjeta,21/01/2024
1435,Agustin Lopez,Mendoza Ciudad,2024-02,Yoga,M,38,Activo,25000,0,Tarjeta,21/01/2024
1435,Agustin Lopez,Mendoza Ciudad,2024-03,Yoga,M,38,Inactivo,0,0,Tarjeta,21/01/2024
1435,Agustin Lopez,Mendoza Ciudad,2024-04,Yoga,M,38,Activo,25000,0,Tarjeta,21/01/2024
1435,Agustin Lopez,Mendoza Ciudad,2024-05,Yoga,M,38,Activo,25000,0,Tarjeta,21/01/2024
1435,Agustin Lopez,Mendoza Ciudad,2024-06,Yoga,M,38,Inactivo,0,0,Tarjeta,21/01/2024
1435,Agustin Lopez,Mendoza Ciudad,2024-07,Yoga,M,38,Activo,25000,0,Tarjeta,21/01/2024
1435,Agustin Lopez,Mendoza Ciudad,2024-08,Yoga,M,38,Activo,25000,0,Tarjeta,21/01/2024
1435,Agustin Lopez,Mendoza Ciudad,2024-09,Yoga,M,38,Activo,25000,0,Tarjeta,21/01/2024
1435,Agustin Lopez,Mendoza Ciudad,2024-10,Yoga,M,38,Activo,25000,0,Tarjeta,21/01/2024
1435,Agustin Lopez,Mendoza Ciudad,2024-11,Yoga,M,38,Activo,25000,0,Tarjeta,21/01/2024
1435,Agustin Lopez,Mendoza Ciudad,2024-12,Yoga,M,38,Activo,25000,0,Tarjeta,21/01/2024
1436,Franco Navarro,Mendoza Ciudad,2024-01,Musculacion,M,34,Activo,35000,20000,Transferencia,20/01/2024
1436,Franco Navarro,Mendoza Ciudad,2024-02,Musculacion,M,34,Inactivo,0,0,Transferencia,20/01/2024
1436,Franco Navarro,Mendoza Ciudad,2024-03,Musculacion,M,34,Activo,35000,0,Transferencia,20/01/2024
1436,Franco Navarro,Mendoza Ciudad,2024-04,Musculacion,M,34,Activo,35000,0,Transferencia,20/01/2024
1436,Franco Navarro,Mendoza Ciudad,2024-05,Musculacion,M,34,Activo,35000,0,Transferencia,20/01/2024
1436,Franco Navarro,Mendoza Ciudad,2024-06,Musculacion,M,34,Activo,35000,0,Transferencia,20/01/2024
1436,Franco Navarro,Mendoza Ciudad,2024-07,Musculacion,M,34,Inactivo,0,0,Transferencia,20/01/2024
1436,Franco Navarro,Mendoza Ciudad,2024-08,Musculacion,M,34,Activo,35000,0,Transferencia,20/01/2024
1436,Franco Navarro,Mendoza Ciudad,2024-09,Musculacion,M,34,Activo,35000,0,Transferencia,20/01/2024
1436,Franco Navarro,Mendoza Ciudad,2024-10,Musculacion,M,34,Activo,35000,0,Transferencia,20/01/2024
1436,Franco Navarro,Mendoza Ciudad,2024-11,Musculacion,M,34,Activo,35000,0,Transferencia,20/01/2024
1436,Franco Navarro,Mendoza Ciudad,2024-12,Musculacion,M,34,Activo,35000,0,Transferencia,20/01/2024
1437,Lucia Navarro,Mendoza Ciudad,2024-08,Musculacion,M,30,Activo,35000,20000,Efectivo,10/08/2024
1437,Lucia Navarro,Mendoza Ciudad,2024-08,Defensa Personal,M,30,Inactivo,0,0,Efectivo,10/08/2024
1437,Lucia Navarro,Mendoza Ciudad,2024-09,Musculacion,M,30,Activo,35000,0,Efectivo,10/08/2024
1437,Lucia Navarro,Mendoza Ciudad,2024-09,Defensa Personal,M,30,Activo,25000,0,Efectivo,10/08/2024
1437,Lucia Navarro,Mendoza Ciudad,2024-10,Musculacion,M,30,Activo,35000,0,Efectivo,10/08/2024
1437,Lucia Navarro,Mendoza Ciudad,2024-10,Defensa Personal,M,30,Activo,25000,0,Efectivo,10/08/2024
1437,Lucia Navarro,Mendoza Ciudad,2024-11,Musculacion,M,30,Activo,35000,0,Efectivo,10/08/2024
1437,Lucia Navarro,Mendoza Ciudad,2024-11,Defensa Personal,M,30,Activo,25000,0,Efectivo,10/08/2024
1437,Lucia Navarro,Mendoza Ciudad,2024-12,Musculacion,M,30,Activo,35000,0,Efectivo,10/08/2024
1437,Lucia Navarro,Mendoza Ciudad,2024-12,Defensa Personal,M,30,Activo,25000,0,Efectivo,10/08/2024
1438,Julieta Vega,Godoy Cruz,2024-09,Musculacion,M,53,Activo,35000,20000,Transferencia,07/09/2024
1438,Julieta Vega,Godoy Cruz,2024-10,Musculacion,M,53,Activo,35000,0,Transferencia,07/09/2024
1438,Julieta Vega,Godoy Cruz,2024-11,Musculacion,M,53,Activo,35000,0,Transferencia,07/09/2024
1438,Julieta Vega,Godoy Cruz,2024-12,Musculacion,M,53,Activo,35000,0,Transferencia,07/09/2024
1439,Julieta Romero,Guaymallen,2024-06,Funcional,M,26,Activo,35000,20000,Tarjeta,28/06/2024
1439,Julieta Romero,Guaymallen,2024-07,Funcional,M,26,Activo,35000,0,Tarjeta,28/06/2024
1439,Julieta Romero,Guaymallen,2024-08,Funcional,M,26,Activo,35000,0,Tarjeta,28/06/2024
1439,Julieta Romero,Guaymallen,2024-09,Funcional,M,26,Activo,35000,0,Tarjeta,28/06/2024
1439,Julieta Romero,Guaymallen,2024-10,Funcional,M,26,Activo,35000,0,Tarjeta,28/06/2024
1439,Julieta Romero,Guaymallen,2024-11,Funcional,M,26,Activo,35000,0,Tarjeta,28/06/2024
1439,Julieta Romero,Guaymallen,2024-12,Funcional,M,26,Inactivo,0,0,Tarjeta,28/06/2024
1440,Catalina Navarro,Mendoza Ciudad,2024-09,Spinning,F,20,Activo,25000,20000,Transferencia,22/09/2024
1440,Catalina Navarro,Mendoza Ciudad,2024-10,Spinning,F,20,Activo,25000,0,Transferencia,22/09/2024
1440,Catalina Navarro,Mendoza Ciudad,2024-11,Spinning,F,20,Activo,25000,0,Transferencia,22/09/2024
1440,Catalina Navarro,Mendoza Ciudad,2024-12,Spinning,F,20,Activo,25000,0,Transferencia,22/09/2024
1441,Julieta Castro,Guaymallen,2024-08,Funcional,M,42,Activo,35000,20000,Tarjeta,23/08/2024
1441,Julieta Castro,Guaymallen,2024-09,Funcional,M,42,Inactivo,0,0,Tarjeta,23/08/2024
1441,Julieta Castro,Guaymallen,2024-10,Funcional,M,42,Activo,35000,0,Tarjeta,23/08/2024
1441,Julieta Castro,Guaymallen,2024-11,Funcional,M,42,Activo,35000,0,Tarjeta,23/08/2024
1441,Julieta Castro,Guaymallen,2024-12,Funcional,M,42,Activo,35000,0,Tarjeta,23/08/2024
1442,Carlos Vega,Guaymallen,2024-06,Defensa Personal,M,36,Activo,25000,20000,Transferencia,24/06/2024
1442,Carlos Vega,Guaymallen,2024-07,Defensa Personal,M,36,Activo,25000,0,Transferencia,24/06/2024
1442,Carlos Vega,Guaymallen,2024-08,Defensa Personal,M,36,Activo,25000,0,Transferencia,24/06/2024
1442,Carlos Vega,Guaymallen,2024-09,Defensa Personal,M,36,Inactivo,0,0,Transferencia,24/06/2024
1442,Carlos Vega,Guaymallen,2024-10,Defensa Personal,M,36,Activo,25000,0,Transferencia,24/06/2024
1442,Carlos Vega,Guaymallen,2024-11,Defensa Personal,M,36,Activo,25000,0,Transferencia,24/06/2024
1442,Carlos Vega,Guaymallen,2024-12,Defensa Personal,M,36,Activo,25000,0,Transferencia,24/06/2024
1443,Catalina Perez,Godoy Cruz,2024-08,Defensa Personal,M,27,Activo,25000,20000,Tarjeta,03/08/2024
1443,Catalina Perez,Godoy Cruz,2024-09,Defensa Personal,M,27,Activo,25000,0,Tarjeta,03/08/2024
1443,Catalina Perez,Godoy Cruz,2024-10,Defensa Personal,M,27,Activo,25000,0,Tarjeta,03/08/2024
1443,Catalina Perez,Godoy Cruz,2024-11,Defensa Personal,M,27,Activo,25000,0,Tarjeta,03/08/2024
1443,Catalina Perez,Godoy Cruz,2024-12,Defensa Personal,M,27,Activo,25000,0,Tarjeta,03/08/2024
1444,Pedro Lopez,Lujan de Cuyo,2024-07,Spinning,F,21,Activo,25000,20000,Tarjeta,17/07/2024
1444,Pedro Lopez,Lujan de Cuyo,2024-08,Spinning,F,21,Inactivo,0,0,Tarjeta,17/07/2024
1444,Pedro Lopez,Lujan de Cuyo,2024-09,Spinning,F,21,Activo,25000,0,Tarjeta,17/07/2024
1444,Pedro Lopez,Lujan de Cuyo,2024-10,Spinning,F,21,Activo,25000,0,Tarjeta,17/07/2024
1444,Pedro Lopez,Lujan de Cuyo,2024-11,Spinning,F,21,Activo,25000,0,Tarjeta,17/07/2024
1444,Pedro Lopez,Lujan de Cuyo,2024-12,Spinning,F,21,Activo,25000,0,Tarjeta,17/07/2024
1445,Camila Herrera,Godoy Cruz,2024-09,Musculacion,M,45,Activo,35000,20000,Transferencia,08/09/2024
1445,Camila Herrera,Godoy Cruz,2024-10,Musculacion,M,45,Activo,35000,0,Transferencia,08/09/2024
1445,Camila Herrera,Godoy Cruz,2024-11,Musculacion,M,45,Activo,35000,0,Transferencia,08/09/2024
1445,Camila Herrera,Godoy Cruz,2024-12,Musculacion,M,45,Activo,35000,0,Transferencia,08/09/2024
1446,Lucia Sanchez,Mendoza Ciudad,2024-10,Yoga,F,22,Activo,25000,20000,Transferencia,21/10/2024
1446,Lucia Sanchez,Mendoza Ciudad,2024-11,Yoga,F,22,Activo,25000,0,Transferencia,21/10/2024
1446,Lucia Sanchez,Mendoza Ciudad,2024-12,Yoga,F,22,Inactivo,0,0,Transferencia,21/10/2024
1447,Bruno Gomez,Godoy Cruz,2024-04,Musculacion,F,33,Activo,35000,20000,Transferencia,03/04/2024
1447,Bruno Gomez,Godoy Cruz,2024-05,Musculacion,F,33,Inactivo,0,0,Transferencia,03/04/2024
1447,Bruno Gomez,Godoy Cruz,2024-06,Musculacion,F,33,Activo,35000,0,Transferencia,03/04/2024
1447,Bruno Gomez,Godoy Cruz,2024-07,Musculacion,F,33,Activo,35000,0,Transferencia,03/04/2024
1447,Bruno Gomez,Godoy Cruz,2024-08,Musculacion,F,33,Activo,35000,0,Transferencia,03/04/2024
1447,Bruno Gomez,Godoy Cruz,2024-09,Musculacion,F,33,Activo,35000,0,Transferencia,03/04/2024
1447,Bruno Gomez,Godoy Cruz,2024-10,Musculacion,F,33,Activo,35000,0,Transferencia,03/04/2024
1447,Bruno Gomez,Godoy Cruz,2024-11,Musculacion,F,33,Activo,35000,0,Transferencia,03/04/2024
1447,Bruno Gomez,Godoy Cruz,2024-12,Musculacion,F,33,Activo,35000,0,Transferencia,03/04/2024
1448,Milagros Perez,Mendoza Ciudad,2024-02,Musculacion,M,58,Activo,35000,20000,Transferencia,08/02/2024
1448,Milagros Perez,Mendoza Ciudad,2024-03,Musculacion,M,58,Activo,35000,0,Transferencia,08/02/2024
1448,Milagros Perez,Mendoza Ciudad,2024-04,Musculacion,M,58,Activo,35000,0,Transferencia,08/02/2024
1448,Milagros Perez,Mendoza Ciudad,2024-05,Musculacion,M,58,Activo,35000,0,Transferencia,08/02/2024
1448,Milagros Perez,Mendoza Ciudad,2024-06,Musculacion,M,58,Inactivo,0,0,Transferencia,08/02/2024
1448,Milagros Perez,Mendoza Ciudad,2024-07,Musculacion,M,58,Activo,35000,0,Transferencia,08/02/2024
1448,Milagros Perez,Mendoza Ciudad,2024-08,Musculacion,M,58,Activo,35000,0,Transferencia,08/02/2024
1448,Milagros Perez,Mendoza Ciudad,2024-09,Musculacion,M,58,Activo,35000,0,Transferencia,08/02/2024
1448,Milagros Perez,Mendoza Ciudad,2024-10,Musculacion,M,58,Inactivo,0,0,Transferencia,08/02/2024
1448,Milagros Perez,Mendoza Ciudad,2024-11,Musculacion,M,58,Activo,35000,0,Transferencia,08/02/2024
1448,Milagros Perez,Mendoza Ciudad,2024-12,Musculacion,M,58,Activo,35000,0,Transferencia,08/02/2024
1449,Catalina Herrera,Mendoza Ciudad,2024-09,Musculacion,M,33,Activo,35000,20000,Tarjeta,11/09/2024
1449,Catalina Herrera,Mendoza Ciudad,2024-10,Musculacion,M,33,Activo,35000,0,Tarjeta,11/09/2024
1449,Catalina Herrera,Mendoza Ciudad,2024-11,Musculacion,M,33,Activo,35000,0,Tarjeta,11/09/2024
1449,Catalina Herrera,Mendoza Ciudad,2024-12,Musculacion,M,33,Inactivo,0,0,Tarjeta,11/09/2024
1450,Lucia Rios,Mendoza Ciudad,2024-09,Defensa Personal,M,36,Activo,25000,20000,Transferencia,14/09/2024
1450,Lucia Rios,Mendoza Ciudad,2024-10,Defensa Personal,M,36,Activo,25000,0,Transferencia,14/09/2024
1450,Lucia Rios,Mendoza Ciudad,2024-11,Defensa Personal,M,36,Activo,25000,0,Transferencia,14/09/2024
1450,Lucia Rios,Mendoza Ciudad,2024-12,Defensa Personal,M,36,Activo,25000,0,Transferencia,14/09/2024
1451,Maria Vega,Mendoza Ciudad,2024-09,Yoga,F,37,Activo,25000,20000,Tarjeta,18/09/2024
1451,Maria Vega,Mendoza Ciudad,2024-10,Yoga,F,37,Activo,25000,0,Tarjeta,18/09/2024
1451,Maria Vega,Mendoza Ciudad,2024-11,Yoga,F,37,Activo,25000,0,Tarjeta,18/09/2024
1451,Maria Vega,Mendoza Ciudad,2024-12,Yoga,F,37,Activo,25000,0,Tarjeta,18/09/2024
1452,Milagros Herrera,Mendoza Ciudad,2024-05,Spinning,F,43,Activo,25000,20000,Tarjeta,02/05/2024
1452,Milagros Herrera,Mendoza Ciudad,2024-06,Spinning,F,43,Inactivo,0,0,Tarjeta,02/05/2024
1452,Milagros Herrera,Mendoza Ciudad,2024-07,Spinning,F,43,Inactivo,0,0,Tarjeta,02/05/2024
1452,Milagros Herrera,Mendoza Ciudad,2024-08,Spinning,F,43,Activo,25000,0,Tarjeta,02/05/2024
1452,Milagros Herrera,Mendoza Ciudad,2024-09,Spinning,F,43,Activo,25000,0,Tarjeta,02/05/2024
1452,Milagros Herrera,Mendoza Ciudad,2024-10,Spinning,F,43,Activo,25000,0,Tarjeta,02/05/2024
1452,Milagros Herrera,Mendoza Ciudad,2024-11,Spinning,F,43,Activo,25000,0,Tarjeta,02/05/2024
1452,Milagros Herrera,Mendoza Ciudad,2024-12,Spinning,F,43,Activo,25000,0,Tarjeta,02/05/2024
1453,Milagros Lopez,Mendoza Ciudad,2024-05,Musculacion,F,29,Activo,35000,20000,Transferencia,17/05/2024
1453,Milagros Lopez,Mendoza Ciudad,2024-06,Musculacion,F,29,Activo,35000,0,Transferencia,17/05/2024
1453,Milagros Lopez,Mendoza Ciudad,2024-07,Musculacion,F,29,Inactivo,0,0,Transferencia,17/05/2024
1453,Milagros Lopez,Mendoza Ciudad,2024-08,Musculacion,F,29,Inactivo,0,0,Transferencia,17/05/2024
1453,Milagros Lopez,Mendoza Ciudad,2024-09,Musculacion,F,29,Activo,35000,0,Transferencia,17/05/2024
1453,Milagros Lopez,Mendoza Ciudad,2024-10,Musculacion,F,29,Activo,35000,0,Transferencia,17/05/2024
1453,Milagros Lopez,Mendoza Ciudad,2024-11,Musculacion,F,29,Activo,35000,0,Transferencia,17/05/2024
1453,Milagros Lopez,Mendoza Ciudad,2024-12,Musculacion,F,29,Inactivo,0,0,Transferencia,17/05/2024
1454,Micaela Lopez,Godoy Cruz,2024-06,Spinning,F,28,Activo,25000,20000,Transferencia,03/06/2024
1454,Micaela Lopez,Godoy Cruz,2024-07,Spinning,F,28,Activo,25000,0,Transferencia,03/06/2024
1454,Micaela Lopez,Godoy Cruz,2024-08,Spinning,F,28,Activo,25000,0,Transferencia,03/06/2024
1454,Micaela Lopez,Godoy Cruz,2024-09,Spinning,F,28,Activo,25000,0,Transferencia,03/06/2024
1454,Micaela Lopez,Godoy Cruz,2024-10,Spinning,F,28,Activo,25000,0,Transferencia,03/06/2024
1454,Micaela Lopez,Godoy Cruz,2024-11,Spinning,F,28,Inactivo,0,0,Transferencia,03/06/2024
1454,Micaela Lopez,Godoy Cruz,2024-12,Spinning,F,28,Activo,25000,0,Transferencia,03/06/2024
1455,Paula Fernandez,Godoy Cruz,2024-09,Spinning,F,31,Activo,25000,20000,Tarjeta,04/09/2024
1455,Paula Fernandez,Godoy Cruz,2024-10,Spinning,F,31,Activo,25000,0,Tarjeta,04/09/2024
1455,Paula Fernandez,Godoy Cruz,2024-11,Spinning,F,31,Activo,25000,0,Tarjeta,04/09/2024
1455,Paula Fernandez,Godoy Cruz,2024-12,Spinning,F,31,Inactivo,0,0,Tarjeta,04/09/2024
1456,Micaela Lopez,Mendoza Ciudad,2024-01,Funcional,F,28,Activo,35000,20000,Tarjeta,28/01/2024
1456,Micaela Lopez,Mendoza Ciudad,2024-02,Funcional,F,28,Activo,35000,0,Tarjeta,28/01/2024
1456,Micaela Lopez,Mendoza Ciudad,2024-03,Funcional,F,28,Activo,35000,0,Tarjeta,28/01/2024
1456,Micaela Lopez,Mendoza Ciudad,2024-04,Funcional,F,28,Activo,35000,0,Tarjeta,28/01/2024
1456,Micaela Lopez,Mendoza Ciudad,2024-05,Funcional,F,28,Activo,35000,0,Tarjeta,28/01/2024
1456,Micaela Lopez,Mendoza Ciudad,2024-06,Funcional,F,28,Inactivo,0,0,Tarjeta,28/01/2024
1456,Micaela Lopez,Mendoza Ciudad,2024-07,Funcional,F,28,Inactivo,0,0,Tarjeta,28/01/2024
1456,Micaela Lopez,Mendoza Ciudad,2024-08,Funcional,F,28,Inactivo,0,0,Tarjeta,28/01/2024
1456,Micaela Lopez,Mendoza Ciudad,2024-09,Funcional,F,28,Activo,35000,0,Tarjeta,28/01/2024
1456,Micaela Lopez,Mendoza Ciudad,2024-10,Funcional,F,28,Activo,35000,0,Tarjeta,28/01/2024
1456,Micaela Lopez,Mendoza Ciudad,2024-11,Funcional,F,28,Activo,35000,0,Tarjeta,28/01/2024
1456,Micaela Lopez,Mendoza Ciudad,2024-12,Funcional,F,28,Activo,35000,0,Tarjeta,28/01/2024
1457,Lucia Rodriguez,Guaymallen,2024-03,Spinning,M,37,Activo,25000,20000,Transferencia,26/03/2024
1457,Lucia Rodriguez,Guaymallen,2024-04,Spinning,M,37,Activo,25000,0,Transferencia,26/03/2024
1457,Lucia Rodriguez,Guaymallen,2024-05,Spinning,M,37,Activo,25000,0,Transferencia,26/03/2024
1457,Lucia Rodriguez,Guaymallen,2024-06,Spinning,M,37,Inactivo,0,0,Transferencia,26/03/2024
1457,Lucia Rodriguez,Guaymallen,2024-07,Spinning,M,37,Inactivo,0,0,Transferencia,26/03/2024
1457,Lucia Rodriguez,Guaymallen,2024-08,Spinning,M,37,Inactivo,0,0,Transferencia,26/03/2024
1457,Lucia Rodriguez,Guaymallen,2024-09,Spinning,M,37,Activo,25000,0,Transferencia,26/03/2024
1457,Lucia Rodriguez,Guaymallen,2024-10,Spinning,M,37,Activo,25000,0,Transferencia,26/03/2024
1457,Lucia Rodriguez,Guaymallen,2024-11,Spinning,M,37,Activo,25000,0,Transferencia,26/03/2024
1457,Lucia Rodriguez,Guaymallen,2024-12,Spinning,M,37,Activo,25000,0,Transferencia,26/03/2024
1458,Sofia Rios,Mendoza Ciudad,2024-07,Defensa Personal,F,42,Activo,25000,20000,Transferencia,23/07/2024
1458,Sofia Rios,Mendoza Ciudad,2024-08,Defensa Personal,F,42,Inactivo,0,0,Transferencia,23/07/2024
1458,Sofia Rios,Mendoza Ciudad,2024-09,Defensa Personal,F,42,Activo,25000,0,Transferencia,23/07/2024
1458,Sofia Rios,Mendoza Ciudad,2024-10,Defensa Personal,F,42,Activo,25000,0,Transferencia,23/07/2024
1458,Sofia Rios,Mendoza Ciudad,2024-11,Defensa Personal,F,42,Activo,25000,0,Transferencia,23/07/2024
1458,Sofia Rios,Mendoza Ciudad,2024-12,Defensa Personal,F,42,Activo,25000,0,Transferencia,23/07/2024
1459,Agustin Sanchez,Maipu,2024-11,Musculacion,M,17,Activo,35000,20000,Transferencia,25/11/2024
1459,Agustin Sanchez,Maipu,2024-12,Musculacion,M,17,Activo,35000,0,Transferencia,25/11/2024
1460,Ezequiel Dominguez,Godoy Cruz,2024-02,Yoga,F,53,Activo,25000,20000,Efectivo,15/02/2024
1460,Ezequiel Dominguez,Godoy Cruz,2024-03,Yoga,F,53,Activo,25000,0,Efectivo,15/02/2024
1460,Ezequiel Dominguez,Godoy Cruz,2024-04,Yoga,F,53,Activo,25000,0,Efectivo,15/02/2024
1460,Ezequiel Dominguez,Godoy Cruz,2024-05,Yoga,F,53,Activo,25000,0,Efectivo,15/02/2024
1460,Ezequiel Dominguez,Godoy Cruz,2024-06,Yoga,F,53,Inactivo,0,0,Efectivo,15/02/2024
1460,Ezequiel Dominguez,Godoy Cruz,2024-07,Yoga,F,53,Inactivo,0,0,Efectivo,15/02/2024
1460,Ezequiel Dominguez,Godoy Cruz,2024-08,Yoga,F,53,Activo,25000,0,Efectivo,15/02/2024
1460,Ezequiel Dominguez,Godoy Cruz,2024-09,Yoga,F,53,Activo,25000,0,Efectivo,15/02/2024
1460,Ezequiel Dominguez,Godoy Cruz,2024-10,Yoga,F,53,Activo,25000,0,Efectivo,15/02/2024
1460,Ezequiel Dominguez,Godoy Cruz,2024-11,Yoga,F,53,Inactivo,0,0,Efectivo,15/02/2024
1460,Ezequiel Dominguez,Godoy Cruz,2024-12,Yoga,F,53,Activo,25000,0,Efectivo,15/02/2024
1461,Micaela Medina,Mendoza Ciudad,2024-09,Spinning,F,24,Activo,25000,20000,Tarjeta,14/09/2024
1461,Micaela Medina,Mendoza Ciudad,2024-10,Spinning,F,24,Inactivo,0,0,Tarjeta,14/09/2024
1461,Micaela Medina,Mendoza Ciudad,2024-11,Spinning,F,24,Activo,25000,0,Tarjeta,14/09/2024
1461,Micaela Medina,Mendoza Ciudad,2024-12,Spinning,F,24,Activo,25000,0,Tarjeta,14/09/2024
1462,Julieta Navarro,Godoy Cruz,2024-10,Musculacion,M,17,Activo,35000,20000,Transferencia,25/10/2024
1462,Julieta Navarro,Godoy Cruz,2024-11,Musculacion,M,17,Activo,35000,0,Transferencia,25/10/2024
1462,Julieta Navarro,Godoy Cruz,2024-12,Musculacion,M,17,Activo,35000,0,Transferencia,25/10/2024
1463,Micaela Molina,Maipu,2024-09,Spinning,F,25,Activo,25000,20000,Tarjeta,19/09/2024
1463,Micaela Molina,Maipu,2024-10,Spinning,F,25,Activo,25000,0,Tarjeta,19/09/2024
1463,Micaela Molina,Maipu,2024-11,Spinning,F,25,Activo,25000,0,Tarjeta,19/09/2024
1463,Micaela Molina,Maipu,2024-12,Spinning,F,25,Activo,25000,0,Tarjeta,19/09/2024
1464,Carlos Gimenez,Godoy Cruz,2024-01,Defensa Personal,M,26,Activo,25000,20000,Transferencia,19/01/2024
1464,Carlos Gimenez,Godoy Cruz,2024-02,Defensa Personal,M,26,Activo,25000,0,Transferencia,19/01/2024
1464,Carlos Gimenez,Godoy Cruz,2024-03,Defensa Personal,M,26,Activo,25000,0,Transferencia,19/01/2024
1464,Carlos Gimenez,Godoy Cruz,2024-04,Defensa Personal,M,26,Activo,25000,0,Transferencia,19/01/2024
1464,Carlos Gimenez,Godoy Cruz,2024-05,Defensa Personal,M,26,Activo,25000,0,Transferencia,19/01/2024
1464,Carlos Gimenez,Godoy Cruz,2024-06,Defensa Personal,M,26,Inactivo,0,0,Transferencia,19/01/2024
1464,Carlos Gimenez,Godoy Cruz,2024-07,Defensa Personal,M,26,Inactivo,0,0,Transferencia,19/01/2024
1464,Carlos Gimenez,Godoy Cruz,2024-08,Defensa Personal,M,26,Activo,25000,0,Transferencia,19/01/2024
1464,Carlos Gimenez,Godoy Cruz,2024-09,Defensa Personal,M,26,Activo,25000,0,Transferencia,19/01/2024
1464,Carlos Gimenez,Godoy Cruz,2024-10,Defensa Personal,M,26,Activo,25000,0,Transferencia,19/01/2024
1464,Carlos Gimenez,Godoy Cruz,2024-11,Defensa Personal,M,26,Activo,25000,0,Transferencia,19/01/2024
1464,Carlos Gimenez,Godoy Cruz,2024-12,Defensa Personal,M,26,Activo,25000,0,Transferencia,19/01/2024
1465,Ezequiel Castro,Godoy Cruz,2024-12,Spinning,F,41,Activo,25000,20000,Tarjeta,06/12/2024
1466,Maria Suarez,Guaymallen,2024-02,Defensa Personal,F,24,Activo,25000,20000,Transferencia,15/02/2024
1466,Maria Suarez,Guaymallen,2024-03,Defensa Personal,F,24,Activo,25000,0,Transferencia,15/02/2024
1466,Maria Suarez,Guaymallen,2024-04,Defensa Personal,F,24,Activo,25000,0,Transferencia,15/02/2024
1466,Maria Suarez,Guaymallen,2024-05,Defensa Personal,F,24,Activo,25000,0,Transferencia,15/02/2024
1466,Maria Suarez,Guaymallen,2024-06,Defensa Personal,F,24,Inactivo,0,0,Transferencia,15/02/2024
1466,Maria Suarez,Guaymallen,2024-07,Defensa Personal,F,24,Inactivo,0,0,Transferencia,15/02/2024
1466,Maria Suarez,Guaymallen,2024-08,Defensa Personal,F,24,Activo,25000,0,Transferencia,15/02/2024
1466,Maria Suarez,Guaymallen,2024-09,Defensa Personal,F,24,Inactivo,0,0,Transferencia,15/02/2024
1466,Maria Suarez,Guaymallen,2024-10,Defensa Personal,F,24,Activo,25000,0,Transferencia,15/02/2024
1466,Maria Suarez,Guaymallen,2024-11,Defensa Personal,F,24,Activo,25000,0,Transferencia,15/02/2024
1466,Maria Suarez,Guaymallen,2024-12,Defensa Personal,F,24,Activo,25000,0,Transferencia,15/02/2024
1467,Juan Rios,Maipu,2024-12,Spinning,M,41,Activo,25000,20000,Transferencia,08/12/2024
1467,Juan Rios,Maipu,2024-12,Funcional,M,41,Inactivo,0,0,Transferencia,08/12/2024
1468,Franco Torres,Maipu,2024-11,Spinning,M,20,Activo,25000,20000,Efectivo,16/11/2024
1468,Franco Torres,Maipu,2024-12,Spinning,M,20,Activo,25000,0,Efectivo,16/11/2024
1469,Julieta Lopez,Mendoza Ciudad,2024-04,Musculacion,M,53,Activo,35000,20000,Tarjeta,15/04/2024
1469,Julieta Lopez,Mendoza Ciudad,2024-05,Musculacion,M,53,Inactivo,0,0,Tarjeta,15/04/2024
1469,Julieta Lopez,Mendoza Ciudad,2024-06,Musculacion,M,53,Inactivo,0,0,Tarjeta,15/04/2024
1469,Julieta Lopez,Mendoza Ciudad,2024-07,Musculacion,M,53,Inactivo,0,0,Tarjeta,15/04/2024
1469,Julieta Lopez,Mendoza Ciudad,2024-08,Musculacion,M,53,Activo,35000,0,Tarjeta,15/04/2024
1469,Julieta Lopez,Mendoza Ciudad,2024-09,Musculacion,M,53,Activo,35000,0,Tarjeta,15/04/2024
1469,Julieta Lopez,Mendoza Ciudad,2024-10,Musculacion,M,53,Activo,35000,0,Tarjeta,15/04/2024
1469,Julieta Lopez,Mendoza Ciudad,2024-11,Musculacion,M,53,Activo,35000,0,Tarjeta,15/04/2024
1469,Julieta Lopez,Mendoza Ciudad,2024-12,Musculacion,M,53,Activo,35000,0,Tarjeta,15/04/2024
1470,Camila Castro,Mendoza Ciudad,2024-11,Musculacion,M,35,Activo,35000,20000,Tarjeta,18/11/2024
1470,Camila Castro,Mendoza Ciudad,2024-12,Musculacion,M,35,Activo,35000,0,Tarjeta,18/11/2024
1471,Lucia Dominguez,Mendoza Ciudad,2024-06,Funcional,M,29,Activo,35000,20000,Efectivo,19/06/2024
1471,Lucia Dominguez,Mendoza Ciudad,2024-06,Defensa Personal,M,29,Activo,25000,0,Efectivo,19/06/2024
1471,Lucia Dominguez,Mendoza Ciudad,2024-07,Funcional,M,29,Activo,35000,0,Efectivo,19/06/2024
1471,Lucia Dominguez,Mendoza Ciudad,2024-07,Defensa Personal,M,29,Activo,25000,0,Efectivo,19/06/2024
1471,Lucia Dominguez,Mendoza Ciudad,2024-08,Funcional,M,29,Activo,35000,0,Efectivo,19/06/2024
1471,Lucia Dominguez,Mendoza Ciudad,2024-08,Defensa Personal,M,29,Activo,25000,0,Efectivo,19/06/2024
1471,Lucia Dominguez,Mendoza Ciudad,2024-09,Funcional,M,29,Activo,35000,0,Efectivo,19/06/2024
1471,Lucia Dominguez,Mendoza Ciudad,2024-09,Defensa Personal,M,29,Activo,25000,0,Efectivo,19/06/2024
1471,Lucia Dominguez,Mendoza Ciudad,2024-10,Funcional,M,29,Activo,35000,0,Efectivo,19/06/2024
1471,Lucia Dominguez,Mendoza Ciudad,2024-10,Defensa Personal,M,29,Activo,25000,0,Efectivo,19/06/2024
1471,Lucia Dominguez,Mendoza Ciudad,2024-11,Funcional,M,29,Activo,35000,0,Efectivo,19/06/2024
1471,Lucia Dominguez,Mendoza Ciudad,2024-11,Defensa Personal,M,29,Activo,25000,0,Efectivo,19/06/2024
1471,Lucia Dominguez,Mendoza Ciudad,2024-12,Funcional,M,29,Activo,35000,0,Efectivo,19/06/2024
1471,Lucia Dominguez,Mendoza Ciudad,2024-12,Defensa Personal,M,29,Activo,25000,0,Efectivo,19/06/2024
1472,Franco Torres,Mendoza Ciudad,2024-11,Musculacion,M,20,Activo,35000,20000,Transferencia,20/11/2024
1472,Franco Torres,Mendoza Ciudad,2024-12,Musculacion,M,20,Inactivo,0,0,Transferencia,20/11/2024
1473,Sofia Rios,Mendoza Ciudad,2024-01,Musculacion,M,31,Activo,35000,20000,Transferencia,01/01/2024
1473,Sofia Rios,Mendoza Ciudad,2024-02,Musculacion,M,31,Inactivo,0,0,Transferencia,01/01/2024
1473,Sofia Rios,Mendoza Ciudad,2024-03,Musculacion,M,31,Activo,35000,0,Transferencia,01/01/2024
1473,Sofia Rios,Mendoza Ciudad,2024-04,Musculacion,M,31,Activo,35000,0,Transferencia,01/01/2024
1473,Sofia Rios,Mendoza Ciudad,2024-05,Musculacion,M,31,Activo,35000,0,Transferencia,01/01/2024
1473,Sofia Rios,Mendoza Ciudad,2024-06,Musculacion,M,31,Inactivo,0,0,Transferencia,01/01/2024
1473,Sofia Rios,Mendoza Ciudad,2024-07,Musculacion,M,31,Inactivo,0,0,Transferencia,01/01/2024
1473,Sofia Rios,Mendoza Ciudad,2024-08,Musculacion,M,31,Inactivo,0,0,Transferencia,01/01/2024
1473,Sofia Rios,Mendoza Ciudad,2024-09,Musculacion,M,31,Activo,35000,0,Transferencia,01/01/2024
1473,Sofia Rios,Mendoza Ciudad,2024-10,Musculacion,M,31,Activo,35000,0,Transferencia,01/01/2024
1473,Sofia Rios,Mendoza Ciudad,2024-11,Musculacion,M,31,Activo,35000,0,Transferencia,01/01/2024
1473,Sofia Rios,Mendoza Ciudad,2024-12,Musculacion,M,31,Inactivo,0,0,Transferencia,01/01/2024
1474,Valentin Rodriguez,Mendoza Ciudad,2024-04,Spinning,F,32,Activo,25000,20000,Transferencia,24/04/2024
1474,Valentin Rodriguez,Mendoza Ciudad,2024-05,Spinning,F,32,Activo,25000,0,Transferencia,24/04/2024
1474,Valentin Rodriguez,Mendoza Ciudad,2024-06,Spinning,F,32,Activo,25000,0,Transferencia,24/04/2024
1474,Valentin Rodriguez,Mendoza Ciudad,2024-07,Spinning,F,32,Activo,25000,0,Transferencia,24/04/2024
1474,Valentin Rodriguez,Mendoza Ciudad,2024-08,Spinning,F,32,Activo,25000,0,Transferencia,24/04/2024
1474,Valentin Rodriguez,Mendoza Ciudad,2024-09,Spinning,F,32,Inactivo,0,0,Transferencia,24/04/2024
1474,Valentin Rodriguez,Mendoza Ciudad,2024-10,Spinning,F,32,Inactivo,0,0,Transferencia,24/04/2024
1474,Valentin Rodriguez,Mendoza Ciudad,2024-11,Spinning,F,32,Activo,25000,0,Transferencia,24/04/2024
1474,Valentin Rodriguez,Mendoza Ciudad,2024-12,Spinning,F,32,Activo,25000,0,Transferencia,24/04/2024
1475,Agustin Perez,Maipu,2024-11,Musculacion,M,33,Activo,35000,20000,Tarjeta,07/11/2024
1475,Agustin Perez,Maipu,2024-12,Musculacion,M,33,Activo,35000,0,Tarjeta,07/11/2024
1476,Julieta Perez,Mendoza Ciudad,2024-10,Musculacion,M,54,Activo,35000,20000,Transferencia,03/10/2024
1476,Julieta Perez,Mendoza Ciudad,2024-11,Musculacion,M,54,Activo,35000,0,Transferencia,03/10/2024
1476,Julieta Perez,Mendoza Ciudad,2024-12,Musculacion,M,54,Activo,35000,0,Transferencia,03/10/2024
1477,Micaela Romero,Mendoza Ciudad,2024-04,Musculacion,M,58,Activo,35000,20000,Tarjeta,25/04/2024
1477,Micaela Romero,Mendoza Ciudad,2024-05,Musculacion,M,58,Activo,35000,0,Tarjeta,25/04/2024
1477,Micaela Romero,Mendoza Ciudad,2024-06,Musculacion,M,58,Inactivo,0,0,Tarjeta,25/04/2024
1477,Micaela Romero,Mendoza Ciudad,2024-07,Musculacion,M,58,Activo,35000,0,Tarjeta,25/04/2024
1477,Micaela Romero,Mendoza Ciudad,2024-08,Musculacion,M,58,Activo,35000,0,Tarjeta,25/04/2024
1477,Micaela Romero,Mendoza Ciudad,2024-09,Musculacion,M,58,Activo,35000,0,Tarjeta,25/04/2024
1477,Micaela Romero,Mendoza Ciudad,2024-10,Musculacion,M,58,Activo,35000,0,Tarjeta,25/04/2024
1477,Micaela Romero,Mendoza Ciudad,2024-11,Musculacion,M,58,Activo,35000,0,Tarjeta,25/04/2024
1477,Micaela Romero,Mendoza Ciudad,2024-12,Musculacion,M,58,Activo,35000,0,Tarjeta,25/04/2024
1478,Julieta Rios,Guaymallen,2024-05,Spinning,M,29,Activo,25000,20000,Transferencia,11/05/2024
1478,Julieta Rios,Guaymallen,2024-06,Spinning,M,29,Inactivo,0,0,Transferencia,11/05/2024
1478,Julieta Rios,Guaymallen,2024-07,Spinning,M,29,Inactivo,0,0,Transferencia,11/05/2024
1478,Julieta Rios,Guaymallen,2024-08,Spinning,M,29,Inactivo,0,0,Transferencia,11/05/2024
1478,Julieta Rios,Guaymallen,2024-09,Spinning,M,29,Inactivo,0,0,Transferencia,11/05/2024
1478,Julieta Rios,Guaymallen,2024-10,Spinning,M,29,Activo,25000,0,Transferencia,11/05/2024
1478,Julieta Rios,Guaymallen,2024-11,Spinning,M,29,Activo,25000,0,Transferencia,11/05/2024
1478,Julieta Rios,Guaymallen,2024-12,Spinning,M,29,Activo,25000,0,Transferencia,11/05/2024
1479,Bruno Herrera,Mendoza Ciudad,2024-03,Musculacion,F,34,Activo,35000,20000,Transferencia,18/03/2024
1479,Bruno Herrera,Mendoza Ciudad,2024-04,Musculacion,F,34,Inactivo,0,0,Transferencia,18/03/2024
1479,Bruno Herrera,Mendoza Ciudad,2024-05,Musculacion,F,34,Activo,35000,0,Transferencia,18/03/2024
1479,Bruno Herrera,Mendoza Ciudad,2024-06,Musculacion,F,34,Inactivo,0,0,Transferencia,18/03/2024
1479,Bruno Herrera,Mendoza Ciudad,2024-07,Musculacion,F,34,Activo,35000,0,Transferencia,18/03/2024
1479,Bruno Herrera,Mendoza Ciudad,2024-08,Musculacion,F,34,Activo,35000,0,Transferencia,18/03/2024
1479,Bruno Herrera,Mendoza Ciudad,2024-09,Musculacion,F,34,Activo,35000,0,Transferencia,18/03/2024
1479,Bruno Herrera,Mendoza Ciudad,2024-10,Musculacion,F,34,Activo,35000,0,Transferencia,18/03/2024
1479,Bruno Herrera,Mendoza Ciudad,2024-11,Musculacion,F,34,Activo,35000,0,Transferencia,18/03/2024
1479,Bruno Herrera,Mendoza Ciudad,2024-12,Musculacion,F,34,Activo,35000,0,Transferencia,18/03/2024
1480,Paula Gomez,Mendoza Ciudad,2024-09,Yoga,M,30,Activo,25000,20000,Transferencia,04/09/2024
1480,Paula Gomez,Mendoza Ciudad,2024-10,Yoga,M,30,Activo,25000,0,Transferencia,04/09/2024
1480,Paula Gomez,Mendoza Ciudad,2024-11,Yoga,M,30,Activo,25000,0,Transferencia,04/09/2024
1480,Paula Gomez,Mendoza Ciudad,2024-12,Yoga,M,30,Activo,25000,0,Transferencia,04/09/2024
1481,Ezequiel Herrera,Godoy Cruz,2024-11,Spinning,M,23,Activo,25000,20000,Transferencia,06/11/2024
1481,Ezequiel Herrera,Godoy Cruz,2024-12,Spinning,M,23,Activo,25000,0,Transferencia,06/11/2024
1482,Sofia Herrera,Guaymallen,2024-05,Yoga,F,31,Activo,25000,20000,Transferencia,07/05/2024
1482,Sofia Herrera,Guaymallen,2024-06,Yoga,F,31,Inactivo,0,0,Transferencia,07/05/2024
1482,Sofia Herrera,Guaymallen,2024-07,Yoga,F,31,Inactivo,0,0,Transferencia,07/05/2024
1482,Sofia Herrera,Guaymallen,2024-08,Yoga,F,31,Inactivo,0,0,Transferencia,07/05/2024
1482,Sofia Herrera,Guaymallen,2024-09,Yoga,F,31,Activo,25000,0,Transferencia,07/05/2024
1482,Sofia Herrera,Guaymallen,2024-10,Yoga,F,31,Activo,25000,0,Transferencia,07/05/2024
1482,Sofia Herrera,Guaymallen,2024-11,Yoga,F,31,Activo,25000,0,Transferencia,07/05/2024
1482,Sofia Herrera,Guaymallen,2024-12,Yoga,F,31,Activo,25000,0,Transferencia,07/05/2024
1483,Carlos Perez,Maipu,2024-12,Musculacion,M,26,Activo,35000,20000,Tarjeta,08/12/2024
1484,Juan Medina,Mendoza Ciudad,2024-03,Musculacion,M,24,Activo,35000,20000,Transferencia,02/03/2024
1484,Juan Medina,Mendoza Ciudad,2024-04,Musculacion,M,24,Activo,35000,0,Transferencia,02/03/2024
1484,Juan Medina,Mendoza Ciudad,2024-05,Musculacion,M,24,Activo,35000,0,Transferencia,02/03/2024
1484,Juan Medina,Mendoza Ciudad,2024-06,Musculacion,M,24,Activo,35000,0,Transferencia,02/03/2024
1484,Juan Medina,Mendoza Ciudad,2024-07,Musculacion,M,24,Inactivo,0,0,Transferencia,02/03/2024
1484,Juan Medina,Mendoza Ciudad,2024-08,Musculacion,M,24,Activo,35000,0,Transferencia,02/03/2024
1484,Juan Medina,Mendoza Ciudad,2024-09,Musculacion,M,24,Activo,35000,0,Transferencia,02/03/2024
1484,Juan Medina,Mendoza Ciudad,2024-10,Musculacion,M,24,Activo,35000,0,Transferencia,02/03/2024
1484,Juan Medina,Mendoza Ciudad,2024-11,Musculacion,M,24,Activo,35000,0,Transferencia,02/03/2024
1484,Juan Medina,Mendoza Ciudad,2024-12,Musculacion,M,24,Activo,35000,0,Transferencia,02/03/2024
1485,Lucia Vega,Lujan de Cuyo,2024-06,Spinning,F,24,Activo,25000,20000,Tarjeta,02/06/2024
1485,Lucia Vega,Lujan de Cuyo,2024-07,Spinning,F,24,Inactivo,0,0,Tarjeta,02/06/2024
1485,Lucia Vega,Lujan de Cuyo,2024-08,Spinning,F,24,Inactivo,0,0,Tarjeta,02/06/2024
1485,Lucia Vega,Lujan de Cuyo,2024-09,Spinning,F,24,Activo,25000,0,Tarjeta,02/06/2024
1485,Lucia Vega,Lujan de Cuyo,2024-10,Spinning,F,24,Activo,25000,0,Tarjeta,02/06/2024
1485,Lucia Vega,Lujan de Cuyo,2024-11,Spinning,F,24,Activo,25000,0,Tarjeta,02/06/2024
1485,Lucia Vega,Lujan de Cuyo,2024-12,Spinning,F,24,Inactivo,0,0,Tarjeta,02/06/2024
1486,Ezequiel Gomez,Mendoza Ciudad,2024-12,Spinning,F,30,Activo,25000,20000,Efectivo,26/12/2024
1487,Micaela Fernandez,Mendoza Ciudad,2024-12,Musculacion,M,28,Activo,35000,20000,Efectivo,05/12/2024
1488,Florencia Perez,Mendoza Ciudad,2024-04,Musculacion,F,40,Activo,35000,20000,Efectivo,21/04/2024
1488,Florencia Perez,Mendoza Ciudad,2024-04,Defensa Personal,F,40,Activo,25000,0,Efectivo,21/04/2024
1488,Florencia Perez,Mendoza Ciudad,2024-05,Musculacion,F,40,Activo,35000,0,Efectivo,21/04/2024
1488,Florencia Perez,Mendoza Ciudad,2024-05,Defensa Personal,F,40,Activo,25000,0,Efectivo,21/04/2024
1488,Florencia Perez,Mendoza Ciudad,2024-06,Musculacion,F,40,Activo,35000,0,Efectivo,21/04/2024
1488,Florencia Perez,Mendoza Ciudad,2024-06,Defensa Personal,F,40,Inactivo,0,0,Efectivo,21/04/2024
1488,Florencia Perez,Mendoza Ciudad,2024-07,Musculacion,F,40,Activo,35000,0,Efectivo,21/04/2024
1488,Florencia Perez,Mendoza Ciudad,2024-07,Defensa Personal,F,40,Inactivo,0,0,Efectivo,21/04/2024
1488,Florencia Perez,Mendoza Ciudad,2024-08,Musculacion,F,40,Inactivo,0,0,Efectivo,21/04/2024
1488,Florencia Perez,Mendoza Ciudad,2024-08,Defensa Personal,F,40,Inactivo,0,0,Efectivo,21/04/2024
1488,Florencia Perez,Mendoza Ciudad,2024-09,Musculacion,F,40,Activo,35000,0,Efectivo,21/04/2024
1488,Florencia Perez,Mendoza Ciudad,2024-09,Defensa Personal,F,40,Activo,25000,0,Efectivo,21/04/2024
1488,Florencia Perez,Mendoza Ciudad,2024-10,Musculacion,F,40,Activo,35000,0,Efectivo,21/04/2024
1488,Florencia Perez,Mendoza Ciudad,2024-10,Defensa Personal,F,40,Activo,25000,0,Efectivo,21/04/2024
1488,Florencia Perez,Mendoza Ciudad,2024-11,Musculacion,F,40,Activo,35000,0,Efectivo,21/04/2024
1488,Florencia Perez,Mendoza Ciudad,2024-11,Defensa Personal,F,40,Activo,25000,0,Efectivo,21/04/2024
1488,Florencia Perez,Mendoza Ciudad,2024-12,Musculacion,F,40,Inactivo,0,0,Efectivo,21/04/2024
1488,Florencia Perez,Mendoza Ciudad,2024-12,Defensa Personal,F,40,Activo,25000,0,Efectivo,21/04/2024
1489,Franco Romero,Mendoza Ciudad,2024-01,Spinning,F,21,Activo,25000,20000,Tarjeta,24/01/2024
1489,Franco Romero,Mendoza Ciudad,2024-02,Spinning,F,21,Activo,25000,0,Tarjeta,24/01/2024
1489,Franco Romero,Mendoza Ciudad,2024-03,Spinning,F,21,Activo,25000,0,Tarjeta,24/01/2024
1489,Franco Romero,Mendoza Ciudad,2024-04,Spinning,F,21,Activo,25000,0,Tarjeta,24/01/2024
1489,Franco Romero,Mendoza Ciudad,2024-05,Spinning,F,21,Activo,25000,0,Tarjeta,24/01/2024
1489,Franco Romero,Mendoza Ciudad,2024-06,Spinning,F,21,Activo,25000,0,Tarjeta,24/01/2024
1489,Franco Romero,Mendoza Ciudad,2024-07,Spinning,F,21,Activo,25000,0,Tarjeta,24/01/2024
1489,Franco Romero,Mendoza Ciudad,2024-08,Spinning,F,21,Inactivo,0,0,Tarjeta,24/01/2024
1489,Franco Romero,Mendoza Ciudad,2024-09,Spinning,F,21,Activo,25000,0,Tarjeta,24/01/2024
1489,Franco Romero,Mendoza Ciudad,2024-10,Spinning,F,21,Activo,25000,0,Tarjeta,24/01/2024
1489,Franco Romero,Mendoza Ciudad,2024-11,Spinning,F,21,Activo,25000,0,Tarjeta,24/01/2024
1489,Franco Romero,Mendoza Ciudad,2024-12,Spinning,F,21,Activo,25000,0,Tarjeta,24/01/2024
1490,Catalina Sanchez,Guaymallen,2024-03,Spinning,F,28,Activo,25000,20000,Tarjeta,16/03/2024
1490,Catalina Sanchez,Guaymallen,2024-04,Spinning,F,28,Activo,25000,0,Tarjeta,16/03/2024
1490,Catalina Sanchez,Guaymallen,2024-05,Spinning,F,28,Activo,25000,0,Tarjeta,16/03/2024
1490,Catalina Sanchez,Guaymallen,2024-06,Spinning,F,28,Activo,25000,0,Tarjeta,16/03/2024
1490,Catalina Sanchez,Guaymallen,2024-07,Spinning,F,28,Activo,25000,0,Tarjeta,16/03/2024
1490,Catalina Sanchez,Guaymallen,2024-08,Spinning,F,28,Activo,25000,0,Tarjeta,16/03/2024
1490,Catalina Sanchez,Guaymallen,2024-09,Spinning,F,28,Activo,25000,0,Tarjeta,16/03/2024
1490,Catalina Sanchez,Guaymallen,2024-10,Spinning,F,28,Activo,25000,0,Tarjeta,16/03/2024
1490,Catalina Sanchez,Guaymallen,2024-11,Spinning,F,28,Activo,25000,0,Tarjeta,16/03/2024
1490,Catalina Sanchez,Guaymallen,2024-12,Spinning,F,28,Activo,25000,0,Tarjeta,16/03/2024
1491,Tomas Gimenez,Mendoza Ciudad,2024-11,Spinning,F,33,Activo,25000,20000,Efectivo,11/11/2024
1491,Tomas Gimenez,Mendoza Ciudad,2024-12,Spinning,F,33,Inactivo,0,0,Efectivo,11/11/2024
1492,Tomas Dominguez,Mendoza Ciudad,2024-05,Funcional,M,25,Activo,35000,20000,Tarjeta,27/05/2024
1492,Tomas Dominguez,Mendoza Ciudad,2024-06,Funcional,M,25,Inactivo,0,0,Tarjeta,27/05/2024
1492,Tomas Dominguez,Mendoza Ciudad,2024-07,Funcional,M,25,Inactivo,0,0,Tarjeta,27/05/2024
1492,Tomas Dominguez,Mendoza Ciudad,2024-08,Funcional,M,25,Activo,35000,0,Tarjeta,27/05/2024
1492,Tomas Dominguez,Mendoza Ciudad,2024-09,Funcional,M,25,Activo,35000,0,Tarjeta,27/05/2024
1492,Tomas Dominguez,Mendoza Ciudad,2024-10,Funcional,M,25,Activo,35000,0,Tarjeta,27/05/2024
1492,Tomas Dominguez,Mendoza Ciudad,2024-11,Funcional,M,25,Activo,35000,0,Tarjeta,27/05/2024
1492,Tomas Dominguez,Mendoza Ciudad,2024-12,Funcional,M,25,Activo,35000,0,Tarjeta,27/05/2024
1493,Agustin Medina,Guaymallen,2024-12,Musculacion,M,34,Activo,35000,20000,Efectivo,06/12/2024
1494,Pedro Garcia,Guaymallen,2024-06,Musculacion,M,55,Activo,35000,20000,Tarjeta,21/06/2024
1494,Pedro Garcia,Guaymallen,2024-07,Musculacion,M,55,Inactivo,0,0,Tarjeta,21/06/2024
1494,Pedro Garcia,Guaymallen,2024-08,Musculacion,M,55,Activo,35000,0,Tarjeta,21/06/2024
1494,Pedro Garcia,Guaymallen,2024-09,Musculacion,M,55,Activo,35000,0,Tarjeta,21/06/2024
1494,Pedro Garcia,Guaymallen,2024-10,Musculacion,M,55,Activo,35000,0,Tarjeta,21/06/2024
1494,Pedro Garcia,Guaymallen,2024-11,Musculacion,M,55,Inactivo,0,0,Tarjeta,21/06/2024
1494,Pedro Garcia,Guaymallen,2024-12,Musculacion,M,55,Activo,35000,0,Tarjeta,21/06/2024
1495,Julieta Perez,Mendoza Ciudad,2024-02,Defensa Personal,M,40,Activo,25000,20000,Tarjeta,20/02/2024
1495,Julieta Perez,Mendoza Ciudad,2024-03,Defensa Personal,M,40,Activo,25000,0,Tarjeta,20/02/2024
1495,Julieta Perez,Mendoza Ciudad,2024-04,Defensa Personal,M,40,Activo,25000,0,Tarjeta,20/02/2024
1495,Julieta Perez,Mendoza Ciudad,2024-05,Defensa Personal,M,40,Activo,25000,0,Tarjeta,20/02/2024
1495,Julieta Perez,Mendoza Ciudad,2024-06,Defensa Personal,M,40,Inactivo,0,0,Tarjeta,20/02/2024
1495,Julieta Perez,Mendoza Ciudad,2024-07,Defensa Personal,M,40,Inactivo,0,0,Tarjeta,20/02/2024
1495,Julieta Perez,Mendoza Ciudad,2024-08,Defensa Personal,M,40,Activo,25000,0,Tarjeta,20/02/2024
1495,Julieta Perez,Mendoza Ciudad,2024-09,Defensa Personal,M,40,Activo,25000,0,Tarjeta,20/02/2024
1495,Julieta Perez,Mendoza Ciudad,2024-10,Defensa Personal,M,40,Activo,25000,0,Tarjeta,20/02/2024
1495,Julieta Perez,Mendoza Ciudad,2024-11,Defensa Personal,M,40,Activo,25000,0,Tarjeta,20/02/2024
1495,Julieta Perez,Mendoza Ciudad,2024-12,Defensa Personal,M,40,Activo,25000,0,Tarjeta,20/02/2024
1496,Diego Castro,Mendoza Ciudad,2024-01,Musculacion,M,66,Activo,35000,20000,Tarjeta,22/01/2024
1496,Diego Castro,Mendoza Ciudad,2024-02,Musculacion,M,66,Inactivo,0,0,Tarjeta,22/01/2024
1496,Diego Castro,Mendoza Ciudad,2024-03,Musculacion,M,66,Activo,35000,0,Tarjeta,22/01/2024
1496,Diego Castro,Mendoza Ciudad,2024-04,Musculacion,M,66,Activo,35000,0,Tarjeta,22/01/2024
1496,Diego Castro,Mendoza Ciudad,2024-05,Musculacion,M,66,Activo,35000,0,Tarjeta,22/01/2024
1496,Diego Castro,Mendoza Ciudad,2024-06,Musculacion,M,66,Inactivo,0,0,Tarjeta,22/01/2024
1496,Diego Castro,Mendoza Ciudad,2024-07,Musculacion,M,66,Activo,35000,0,Tarjeta,22/01/2024
1496,Diego Castro,Mendoza Ciudad,2024-08,Musculacion,M,66,Activo,35000,0,Tarjeta,22/01/2024
1496,Diego Castro,Mendoza Ciudad,2024-09,Musculacion,M,66,Activo,35000,0,Tarjeta,22/01/2024
1496,Diego Castro,Mendoza Ciudad,2024-10,Musculacion,M,66,Activo,35000,0,Tarjeta,22/01/2024
1496,Diego Castro,Mendoza Ciudad,2024-11,Musculacion,M,66,Activo,35000,0,Tarjeta,22/01/2024
1496,Diego Castro,Mendoza Ciudad,2024-12,Musculacion,M,66,Activo,35000,0,Tarjeta,22/01/2024
1497,Milagros Gimenez,Godoy Cruz,2024-01,Musculacion,M,66,Activo,35000,20000,Tarjeta,28/01/2024
1497,Milagros Gimenez,Godoy Cruz,2024-02,Musculacion,M,66,Activo,35000,0,Tarjeta,28/01/2024
1497,Milagros Gimenez,Godoy Cruz,2024-03,Musculacion,M,66,Activo,35000,0,Tarjeta,28/01/2024
1497,Milagros Gimenez,Godoy Cruz,2024-04,Musculacion,M,66,Activo,35000,0,Tarjeta,28/01/2024
1497,Milagros Gimenez,Godoy Cruz,2024-05,Musculacion,M,66,Activo,35000,0,Tarjeta,28/01/2024
1497,Milagros Gimenez,Godoy Cruz,2024-06,Musculacion,M,66,Activo,35000,0,Tarjeta,28/01/2024
1497,Milagros Gimenez,Godoy Cruz,2024-07,Musculacion,M,66,Activo,35000,0,Tarjeta,28/01/2024
1497,Milagros Gimenez,Godoy Cruz,2024-08,Musculacion,M,66,Inactivo,0,0,Tarjeta,28/01/2024
1497,Milagros Gimenez,Godoy Cruz,2024-09,Musculacion,M,66,Activo,35000,0,Tarjeta,28/01/2024
1497,Milagros Gimenez,Godoy Cruz,2024-10,Musculacion,M,66,Activo,35000,0,Tarjeta,28/01/2024
1497,Milagros Gimenez,Godoy Cruz,2024-11,Musculacion,M,66,Activo,35000,0,Tarjeta,28/01/2024
1497,Milagros Gimenez,Godoy Cruz,2024-12,Musculacion,M,66,Activo,35000,0,Tarjeta,28/01/2024
1498,Paula Gimenez,Guaymallen,2024-10,Musculacion,M,48,Activo,35000,20000,Transferencia,10/10/2024
1498,Paula Gimenez,Guaymallen,2024-11,Musculacion,M,48,Activo,35000,0,Transferencia,10/10/2024
1498,Paula Gimenez,Guaymallen,2024-12,Musculacion,M,48,Activo,35000,0,Transferencia,10/10/2024
1499,Julieta Molina,Mendoza Ciudad,2024-07,Musculacion,M,44,Activo,35000,20000,Efectivo,27/07/2024
1499,Julieta Molina,Mendoza Ciudad,2024-08,Musculacion,M,44,Activo,35000,0,Efectivo,27/07/2024
1499,Julieta Molina,Mendoza Ciudad,2024-09,Musculacion,M,44,Activo,35000,0,Efectivo,27/07/2024
1499,Julieta Molina,Mendoza Ciudad,2024-10,Musculacion,M,44,Activo,35000,0,Efectivo,27/07/2024
1499,Julieta Molina,Mendoza Ciudad,2024-11,Musculacion,M,44,Activo,35000,0,Efectivo,27/07/2024
1499,Julieta Molina,Mendoza Ciudad,2024-12,Musculacion,M,44,Activo,35000,0,Efectivo,27/07/2024
1500,Milagros Lopez,Godoy Cruz,2024-11,Defensa Personal,M,18,Activo,25000,20000,Tarjeta,09/11/2024
1500,Milagros Lopez,Godoy Cruz,2024-12,Defensa Personal,M,18,Activo,25000,0,Tarjeta,09/11/2024
1501,Ezequiel Sanchez,Mendoza Ciudad,2024-07,Musculacion,M,33,Activo,35000,20000,Tarjeta,23/07/2024
1501,Ezequiel Sanchez,Mendoza Ciudad,2024-08,Musculacion,M,33,Inactivo,0,0,Tarjeta,23/07/2024
1501,Ezequiel Sanchez,Mendoza Ciudad,2024-09,Musculacion,M,33,Activo,35000,0,Tarjeta,23/07/2024
1501,Ezequiel Sanchez,Mendoza Ciudad,2024-10,Musculacion,M,33,Activo,35000,0,Tarjeta,23/07/2024
1501,Ezequiel Sanchez,Mendoza Ciudad,2024-11,Musculacion,M,33,Activo,35000,0,Tarjeta,23/07/2024
1501,Ezequiel Sanchez,Mendoza Ciudad,2024-12,Musculacion,M,33,Activo,35000,0,Tarjeta,23/07/2024
1502,Julieta Gomez,Godoy Cruz,2024-11,Musculacion,F,40,Activo,35000,20000,Tarjeta,06/11/2024
1502,Julieta Gomez,Godoy Cruz,2024-12,Musculacion,F,40,Activo,35000,0,Tarjeta,06/11/2024
1503,Florencia Rodriguez,Mendoza Ciudad,2024-07,Musculacion,F,17,Activo,35000,20000,Transferencia,16/07/2024
1503,Florencia Rodriguez,Mendoza Ciudad,2024-08,Musculacion,F,17,Inactivo,0,0,Transferencia,16/07/2024
1503,Florencia Rodriguez,Mendoza Ciudad,2024-09,Musculacion,F,17,Activo,35000,0,Transferencia,16/07/2024
1503,Florencia Rodriguez,Mendoza Ciudad,2024-10,Musculacion,F,17,Inactivo,0,0,Transferencia,16/07/2024
1503,Florencia Rodriguez,Mendoza Ciudad,2024-11,Musculacion,F,17,Activo,35000,0,Transferencia,16/07/2024
1503,Florencia Rodriguez,Mendoza Ciudad,2024-12,Musculacion,F,17,Activo,35000,0,Transferencia,16/07/2024
1504,Julieta Dominguez,Mendoza Ciudad,2024-11,Funcional,F,34,Activo,35000,20000,Transferencia,02/11/2024
1504,Julieta Dominguez,Mendoza Ciudad,2024-12,Funcional,F,34,Activo,35000,0,Transferencia,02/11/2024
1505,Bruno Garcia,Godoy Cruz,2024-04,Yoga,F,31,Activo,25000,20000,Transferencia,19/04/2024
1505,Bruno Garcia,Godoy Cruz,2024-05,Yoga,F,31,Activo,25000,0,Transferencia,19/04/2024
1505,Bruno Garcia,Godoy Cruz,2024-06,Yoga,F,31,Inactivo,0,0,Transferencia,19/04/2024
1505,Bruno Garcia,Godoy Cruz,2024-07,Yoga,F,31,Activo,25000,0,Transferencia,19/04/2024
1505,Bruno Garcia,Godoy Cruz,2024-08,Yoga,F,31,Inactivo,0,0,Transferencia,19/04/2024
1505,Bruno Garcia,Godoy Cruz,2024-09,Yoga,F,31,Activo,25000,0,Transferencia,19/04/2024
1505,Bruno Garcia,Godoy Cruz,2024-10,Yoga,F,31,Activo,25000,0,Transferencia,19/04/2024
1505,Bruno Garcia,Godoy Cruz,2024-11,Yoga,F,31,Activo,25000,0,Transferencia,19/04/2024
1505,Bruno Garcia,Godoy Cruz,2024-12,Yoga,F,31,Activo,25000,0,Transferencia,19/04/2024
1506,Juan Sanchez,Maipu,2024-05,Defensa Personal,M,40,Activo,25000,20000,Transferencia,09/05/2024
1506,Juan Sanchez,Maipu,2024-06,Defensa Personal,M,40,Inactivo,0,0,Transferencia,09/05/2024
1506,Juan Sanchez,Maipu,2024-07,Defensa Personal,M,40,Inactivo,0,0,Transferencia,09/05/2024
1506,Juan Sanchez,Maipu,2024-08,Defensa Personal,M,40,Activo,25000,0,Transferencia,09/05/2024
1506,Juan Sanchez,Maipu,2024-09,Defensa Personal,M,40,Activo,25000,0,Transferencia,09/05/2024
1506,Juan Sanchez,Maipu,2024-10,Defensa Personal,M,40,Activo,25000,0,Transferencia,09/05/2024
1506,Juan Sanchez,Maipu,2024-11,Defensa Personal,M,40,Activo,25000,0,Transferencia,09/05/2024
1506,Juan Sanchez,Maipu,2024-12,Defensa Personal,M,40,Activo,25000,0,Transferencia,09/05/2024
1507,Lucia Gimenez,Mendoza Ciudad,2024-04,Spinning,M,29,Activo,25000,20000,Transferencia,22/04/2024
1507,Lucia Gimenez,Mendoza Ciudad,2024-05,Spinning,M,29,Activo,25000,0,Transferencia,22/04/2024
1507,Lucia Gimenez,Mendoza Ciudad,2024-06,Spinning,M,29,Activo,25000,0,Transferencia,22/04/2024
1507,Lucia Gimenez,Mendoza Ciudad,2024-07,Spinning,M,29,Inactivo,0,0,Transferencia,22/04/2024
1507,Lucia Gimenez,Mendoza Ciudad,2024-08,Spinning,M,29,Activo,25000,0,Transferencia,22/04/2024
1507,Lucia Gimenez,Mendoza Ciudad,2024-09,Spinning,M,29,Activo,25000,0,Transferencia,22/04/2024
1507,Lucia Gimenez,Mendoza Ciudad,2024-10,Spinning,M,29,Activo,25000,0,Transferencia,22/04/2024
1507,Lucia Gimenez,Mendoza Ciudad,2024-11,Spinning,M,29,Activo,25000,0,Transferencia,22/04/2024
1507,Lucia Gimenez,Mendoza Ciudad,2024-12,Spinning,M,29,Activo,25000,0,Transferencia,22/04/2024
1508,Franco Medina,Mendoza Ciudad,2024-02,Spinning,F,36,Activo,25000,20000,Transferencia,03/02/2024
1508,Franco Medina,Mendoza Ciudad,2024-03,Spinning,F,36,Activo,25000,0,Transferencia,03/02/2024
1508,Franco Medina,Mendoza Ciudad,2024-04,Spinning,F,36,Activo,25000,0,Transferencia,03/02/2024
1508,Franco Medina,Mendoza Ciudad,2024-05,Spinning,F,36,Activo,25000,0,Transferencia,03/02/2024
1508,Franco Medina,Mendoza Ciudad,2024-06,Spinning,F,36,Activo,25000,0,Transferencia,03/02/2024
1508,Franco Medina,Mendoza Ciudad,2024-07,Spinning,F,36,Activo,25000,0,Transferencia,03/02/2024
1508,Franco Medina,Mendoza Ciudad,2024-08,Spinning,F,36,Activo,25000,0,Transferencia,03/02/2024
1508,Franco Medina,Mendoza Ciudad,2024-09,Spinning,F,36,Activo,25000,0,Transferencia,03/02/2024
1508,Franco Medina,Mendoza Ciudad,2024-10,Spinning,F,36,Inactivo,0,0,Transferencia,03/02/2024
1508,Franco Medina,Mendoza Ciudad,2024-11,Spinning,F,36,Activo,25000,0,Transferencia,03/02/2024
1508,Franco Medina,Mendoza Ciudad,2024-12,Spinning,F,36,Activo,25000,0,Transferencia,03/02/2024
1509,Agustin Rios,Mendoza Ciudad,2024-05,Spinning,M,19,Activo,25000,20000,Efectivo,06/05/2024
1509,Agustin Rios,Mendoza Ciudad,2024-06,Spinning,M,19,Activo,25000,0,Efectivo,06/05/2024
1509,Agustin Rios,Mendoza Ciudad,2024-07,Spinning,M,19,Inactivo,0,0,Efectivo,06/05/2024
1509,Agustin Rios,Mendoza Ciudad,2024-08,Spinning,M,19,Inactivo,0,0,Efectivo,06/05/2024
1509,Agustin Rios,Mendoza Ciudad,2024-09,Spinning,M,19,Activo,25000,0,Efectivo,06/05/2024
1509,Agustin Rios,Mendoza Ciudad,2024-10,Spinning,M,19,Activo,25000,0,Efectivo,06/05/2024
1509,Agustin Rios,Mendoza Ciudad,2024-11,Spinning,M,19,Activo,25000,0,Efectivo,06/05/2024
1509,Agustin Rios,Mendoza Ciudad,2024-12,Spinning,M,19,Activo,25000,0,Efectivo,06/05/2024
1510,Tomas Perez,Guaymallen,2024-12,Yoga,F,50,Activo,25000,20000,Transferencia,08/12/2024
1511,Valentin Perez,Mendoza Ciudad,2024-07,Spinning,M,18,Activo,25000,20000,Efectivo,10/07/2024
1511,Valentin Perez,Mendoza Ciudad,2024-08,Spinning,M,18,Inactivo,0,0,Efectivo,10/07/2024
1511,Valentin Perez,Mendoza Ciudad,2024-09,Spinning,M,18,Activo,25000,0,Efectivo,10/07/2024
1511,Valentin Perez,Mendoza Ciudad,2024-10,Spinning,M,18,Activo,25000,0,Efectivo,10/07/2024
1511,Valentin Perez,Mendoza Ciudad,2024-11,Spinning,M,18,Activo,25000,0,Efectivo,10/07/2024
1511,Valentin Perez,Mendoza Ciudad,2024-12,Spinning,M,18,Activo,25000,0,Efectivo,10/07/2024
1512,Micaela Rodriguez,Mendoza Ciudad,2024-11,Musculacion,F,49,Activo,35000,20000,Transferencia,23/11/2024
1512,Micaela Rodriguez,Mendoza Ciudad,2024-12,Musculacion,F,49,Activo,35000,0,Transferencia,23/11/2024
1513,Paula Dominguez,Mendoza Ciudad,2024-02,Yoga,M,35,Activo,25000,20000,Transferencia,21/02/2024
1513,Paula Dominguez,Mendoza Ciudad,2024-03,Yoga,M,35,Activo,25000,0,Transferencia,21/02/2024
1513,Paula Dominguez,Mendoza Ciudad,2024-04,Yoga,M,35,Activo,25000,0,Transferencia,21/02/2024
1513,Paula Dominguez,Mendoza Ciudad,2024-05,Yoga,M,35,Activo,25000,0,Transferencia,21/02/2024
1513,Paula Dominguez,Mendoza Ciudad,2024-06,Yoga,M,35,Activo,25000,0,Transferencia,21/02/2024
1513,Paula Dominguez,Mendoza Ciudad,2024-07,Yoga,M,35,Inactivo,0,0,Transferencia,21/02/2024
1513,Paula Dominguez,Mendoza Ciudad,2024-08,Yoga,M,35,Activo,25000,0,Transferencia,21/02/2024
1513,Paula Dominguez,Mendoza Ciudad,2024-09,Yoga,M,35,Activo,25000,0,Transferencia,21/02/2024
1513,Paula Dominguez,Mendoza Ciudad,2024-10,Yoga,M,35,Activo,25000,0,Transferencia,21/02/2024
1513,Paula Dominguez,Mendoza Ciudad,2024-11,Yoga,M,35,Activo,25000,0,Transferencia,21/02/2024
1513,Paula Dominguez,Mendoza Ciudad,2024-12,Yoga,M,35,Activo,25000,0,Transferencia,21/02/2024
1514,Carlos Suarez,Maipu,2024-11,Defensa Personal,F,70,Activo,25000,20000,Tarjeta,21/11/2024
1514,Carlos Suarez,Maipu,2024-12,Defensa Personal,F,70,Activo,25000,0,Tarjeta,21/11/2024
1515,Paula Dominguez,Mendoza Ciudad,2024-11,Yoga,F,17,Activo,25000,20000,Transferencia,23/11/2024
1515,Paula Dominguez,Mendoza Ciudad,2024-12,Yoga,F,17,Activo,25000,0,Transferencia,23/11/2024
1516,Milagros Gomez,Mendoza Ciudad,2024-07,Spinning,F,40,Activo,25000,20000,Transferencia,23/07/2024
1516,Milagros Gomez,Mendoza Ciudad,2024-08,Spinning,F,40,Inactivo,0,0,Transferencia,23/07/2024
1516,Milagros Gomez,Mendoza Ciudad,2024-09,Spinning,F,40,Activo,25000,0,Transferencia,23/07/2024
1516,Milagros Gomez,Mendoza Ciudad,2024-10,Spinning,F,40,Activo,25000,0,Transferencia,23/07/2024
1516,Milagros Gomez,Mendoza Ciudad,2024-11,Spinning,F,40,Inactivo,0,0,Transferencia,23/07/2024
1516,Milagros Gomez,Mendoza Ciudad,2024-12,Spinning,F,40,Activo,25000,0,Transferencia,23/07/2024
1517,Carlos Vega,Mendoza Ciudad,2024-06,Musculacion,F,35,Activo,35000,20000,Tarjeta,16/06/2024
1517,Carlos Vega,Mendoza Ciudad,2024-07,Musculacion,F,35,Activo,35000,0,Tarjeta,16/06/2024
1517,Carlos Vega,Mendoza Ciudad,2024-08,Musculacion,F,35,Inactivo,0,0,Tarjeta,16/06/2024
1517,Carlos Vega,Mendoza Ciudad,2024-09,Musculacion,F,35,Activo,35000,0,Tarjeta,16/06/2024
1517,Carlos Vega,Mendoza Ciudad,2024-10,Musculacion,F,35,Activo,35000,0,Tarjeta,16/06/2024
1517,Carlos Vega,Mendoza Ciudad,2024-11,Musculacion,F,35,Activo,35000,0,Tarjeta,16/06/2024
1517,Carlos Vega,Mendoza Ciudad,2024-12,Musculacion,F,35,Inactivo,0,0,Tarjeta,16/06/2024
1518,Pedro Torres,Mendoza Ciudad,2024-01,Defensa Personal,M,38,Activo,25000,20000,Tarjeta,02/01/2024
1518,Pedro Torres,Mendoza Ciudad,2024-02,Defensa Personal,M,38,Activo,25000,0,Tarjeta,02/01/2024
1518,Pedro Torres,Mendoza Ciudad,2024-03,Defensa Personal,M,38,Activo,25000,0,Tarjeta,02/01/2024
1518,Pedro Torres,Mendoza Ciudad,2024-04,Defensa Personal,M,38,Activo,25000,0,Tarjeta,02/01/2024
1518,Pedro Torres,Mendoza Ciudad,2024-05,Defensa Personal,M,38,Activo,25000,0,Tarjeta,02/01/2024
1518,Pedro Torres,Mendoza Ciudad,2024-06,Defensa Personal,M,38,Activo,25000,0,Tarjeta,02/01/2024
1518,Pedro Torres,Mendoza Ciudad,2024-07,Defensa Personal,M,38,Inactivo,0,0,Tarjeta,02/01/2024
1518,Pedro Torres,Mendoza Ciudad,2024-08,Defensa Personal,M,38,Activo,25000,0,Tarjeta,02/01/2024
1518,Pedro Torres,Mendoza Ciudad,2024-09,Defensa Personal,M,38,Activo,25000,0,Tarjeta,02/01/2024
1518,Pedro Torres,Mendoza Ciudad,2024-10,Defensa Personal,M,38,Activo,25000,0,Tarjeta,02/01/2024
1518,Pedro Torres,Mendoza Ciudad,2024-11,Defensa Personal,M,38,Activo,25000,0,Tarjeta,02/01/2024
1518,Pedro Torres,Mendoza Ciudad,2024-12,Defensa Personal,M,38,Activo,25000,0,Tarjeta,02/01/2024
1519,Florencia Rodriguez,Mendoza Ciudad,2024-07,Musculacion,M,35,Activo,35000,20000,Tarjeta,16/07/2024
1519,Florencia Rodriguez,Mendoza Ciudad,2024-08,Musculacion,M,35,Inactivo,0,0,Tarjeta,16/07/2024
1519,Florencia Rodriguez,Mendoza Ciudad,2024-09,Musculacion,M,35,Inactivo,0,0,Tarjeta,16/07/2024
1519,Florencia Rodriguez,Mendoza Ciudad,2024-10,Musculacion,M,35,Activo,35000,0,Tarjeta,16/07/2024
1519,Florencia Rodriguez,Mendoza Ciudad,2024-11,Musculacion,M,35,Activo,35000,0,Tarjeta,16/07/2024
1519,Florencia Rodriguez,Mendoza Ciudad,2024-12,Musculacion,M,35,Activo,35000,0,Tarjeta,16/07/2024
1520,Carlos Lopez,Guaymallen,2024-10,Musculacion,F,52,Activo,35000,20000,Tarjeta,13/10/2024
1520,Carlos Lopez,Guaymallen,2024-11,Musculacion,F,52,Activo,35000,0,Tarjeta,13/10/2024
1520,Carlos Lopez,Guaymallen,2024-12,Musculacion,F,52,Activo,35000,0,Tarjeta,13/10/2024
1521,Franco Garcia,Mendoza Ciudad,2024-02,Musculacion,F,26,Activo,35000,20000,Transferencia,17/02/2024
1521,Franco Garcia,Mendoza Ciudad,2024-03,Musculacion,F,26,Activo,35000,0,Transferencia,17/02/2024
1521,Franco Garcia,Mendoza Ciudad,2024-04,Musculacion,F,26,Inactivo,0,0,Transferencia,17/02/2024
1521,Franco Garcia,Mendoza Ciudad,2024-05,Musculacion,F,26,Activo,35000,0,Transferencia,17/02/2024
1521,Franco Garcia,Mendoza Ciudad,2024-06,Musculacion,F,26,Inactivo,0,0,Transferencia,17/02/2024
1521,Franco Garcia,Mendoza Ciudad,2024-07,Musculacion,F,26,Inactivo,0,0,Transferencia,17/02/2024
1521,Franco Garcia,Mendoza Ciudad,2024-08,Musculacion,F,26,Activo,35000,0,Transferencia,17/02/2024
1521,Franco Garcia,Mendoza Ciudad,2024-09,Musculacion,F,26,Activo,35000,0,Transferencia,17/02/2024
1521,Franco Garcia,Mendoza Ciudad,2024-10,Musculacion,F,26,Activo,35000,0,Transferencia,17/02/2024
1521,Franco Garcia,Mendoza Ciudad,2024-11,Musculacion,F,26,Activo,35000,0,Transferencia,17/02/2024
1521,Franco Garcia,Mendoza Ciudad,2024-12,Musculacion,F,26,Activo,35000,0,Transferencia,17/02/2024
1522,Tomas Dominguez,Godoy Cruz,2024-05,Defensa Personal,M,17,Activo,25000,20000,Transferencia,02/05/2024
1522,Tomas Dominguez,Godoy Cruz,2024-06,Defensa Personal,M,17,Inactivo,0,0,Transferencia,02/05/2024
1522,Tomas Dominguez,Godoy Cruz,2024-07,Defensa Personal,M,17,Inactivo,0,0,Transferencia,02/05/2024
1522,Tomas Dominguez,Godoy Cruz,2024-08,Defensa Personal,M,17,Activo,25000,0,Transferencia,02/05/2024
1522,Tomas Dominguez,Godoy Cruz,2024-09,Defensa Personal,M,17,Activo,25000,0,Transferencia,02/05/2024
1522,Tomas Dominguez,Godoy Cruz,2024-10,Defensa Personal,M,17,Activo,25000,0,Transferencia,02/05/2024
1522,Tomas Dominguez,Godoy Cruz,2024-11,Defensa Personal,M,17,Activo,25000,0,Transferencia,02/05/2024
1522,Tomas Dominguez,Godoy Cruz,2024-12,Defensa Personal,M,17,Activo,25000,0,Transferencia,02/05/2024
1523,Sofia Gimenez,Mendoza Ciudad,2024-02,Musculacion,F,27,Activo,35000,20000,Transferencia,01/02/2024
1523,Sofia Gimenez,Mendoza Ciudad,2024-03,Musculacion,F,27,Inactivo,0,0,Transferencia,01/02/2024
1523,Sofia Gimenez,Mendoza Ciudad,2024-04,Musculacion,F,27,Inactivo,0,0,Transferencia,01/02/2024
1523,Sofia Gimenez,Mendoza Ciudad,2024-05,Musculacion,F,27,Activo,35000,0,Transferencia,01/02/2024
1523,Sofia Gimenez,Mendoza Ciudad,2024-06,Musculacion,F,27,Activo,35000,0,Transferencia,01/02/2024
1523,Sofia Gimenez,Mendoza Ciudad,2024-07,Musculacion,F,27,Inactivo,0,0,Transferencia,01/02/2024
1523,Sofia Gimenez,Mendoza Ciudad,2024-08,Musculacion,F,27,Activo,35000,0,Transferencia,01/02/2024
1523,Sofia Gimenez,Mendoza Ciudad,2024-09,Musculacion,F,27,Activo,35000,0,Transferencia,01/02/2024
1523,Sofia Gimenez,Mendoza Ciudad,2024-10,Musculacion,F,27,Activo,35000,0,Transferencia,01/02/2024
1523,Sofia Gimenez,Mendoza Ciudad,2024-11,Musculacion,F,27,Activo,35000,0,Transferencia,01/02/2024
1523,Sofia Gimenez,Mendoza Ciudad,2024-12,Musculacion,F,27,Activo,35000,0,Transferencia,01/02/2024
1524,Camila Lopez,Maipu,2024-06,Defensa Personal,M,32,Activo,25000,20000,Efectivo,20/06/2024
1524,Camila Lopez,Maipu,2024-07,Defensa Personal,M,32,Activo,25000,0,Efectivo,20/06/2024
1524,Camila Lopez,Maipu,2024-08,Defensa Personal,M,32,Activo,25000,0,Efectivo,20/06/2024
1524,Camila Lopez,Maipu,2024-09,Defensa Personal,M,32,Activo,25000,0,Efectivo,20/06/2024
1524,Camila Lopez,Maipu,2024-10,Defensa Personal,M,32,Activo,25000,0,Efectivo,20/06/2024
1524,Camila Lopez,Maipu,2024-11,Defensa Personal,M,32,Activo,25000,0,Efectivo,20/06/2024
1524,Camila Lopez,Maipu,2024-12,Defensa Personal,M,32,Activo,25000,0,Efectivo,20/06/2024
1525,Catalina Castro,Mendoza Ciudad,2024-06,Funcional,M,36,Activo,35000,20000,Transferencia,18/06/2024
1525,Catalina Castro,Mendoza Ciudad,2024-07,Funcional,M,36,Activo,35000,0,Transferencia,18/06/2024
1525,Catalina Castro,Mendoza Ciudad,2024-08,Funcional,M,36,Activo,35000,0,Transferencia,18/06/2024
1525,Catalina Castro,Mendoza Ciudad,2024-09,Funcional,M,36,Inactivo,0,0,Transferencia,18/06/2024
1525,Catalina Castro,Mendoza Ciudad,2024-10,Funcional,M,36,Activo,35000,0,Transferencia,18/06/2024
1525,Catalina Castro,Mendoza Ciudad,2024-11,Funcional,M,36,Activo,35000,0,Transferencia,18/06/2024
1525,Catalina Castro,Mendoza Ciudad,2024-12,Funcional,M,36,Activo,35000,0,Transferencia,18/06/2024
1526,Bruno Herrera,Lujan de Cuyo,2024-06,Musculacion,M,26,Activo,35000,20000,Transferencia,13/06/2024
1526,Bruno Herrera,Lujan de Cuyo,2024-07,Musculacion,M,26,Inactivo,0,0,Transferencia,13/06/2024
1526,Bruno Herrera,Lujan de Cuyo,2024-08,Musculacion,M,26,Activo,35000,0,Transferencia,13/06/2024
1526,Bruno Herrera,Lujan de Cuyo,2024-09,Musculacion,M,26,Inactivo,0,0,Transferencia,13/06/2024
1526,Bruno Herrera,Lujan de Cuyo,2024-10,Musculacion,M,26,Activo,35000,0,Transferencia,13/06/2024
1526,Bruno Herrera,Lujan de Cuyo,2024-11,Musculacion,M,26,Inactivo,0,0,Transferencia,13/06/2024
1526,Bruno Herrera,Lujan de Cuyo,2024-12,Musculacion,M,26,Activo,35000,0,Transferencia,13/06/2024
1527,Lucia Romero,Godoy Cruz,2024-03,Yoga,F,50,Activo,25000,20000,Tarjeta,19/03/2024
1527,Lucia Romero,Godoy Cruz,2024-04,Yoga,F,50,Activo,25000,0,Tarjeta,19/03/2024
1527,Lucia Romero,Godoy Cruz,2024-05,Yoga,F,50,Activo,25000,0,Tarjeta,19/03/2024
1527,Lucia Romero,Godoy Cruz,2024-06,Yoga,F,50,Activo,25000,0,Tarjeta,19/03/2024
1527,Lucia Romero,Godoy Cruz,2024-07,Yoga,F,50,Activo,25000,0,Tarjeta,19/03/2024
1527,Lucia Romero,Godoy Cruz,2024-08,Yoga,F,50,Activo,25000,0,Tarjeta,19/03/2024
1527,Lucia Romero,Godoy Cruz,2024-09,Yoga,F,50,Activo,25000,0,Tarjeta,19/03/2024
1527,Lucia Romero,Godoy Cruz,2024-10,Yoga,F,50,Activo,25000,0,Tarjeta,19/03/2024
1527,Lucia Romero,Godoy Cruz,2024-11,Yoga,F,50,Activo,25000,0,Tarjeta,19/03/2024
1527,Lucia Romero,Godoy Cruz,2024-12,Yoga,F,50,Inactivo,0,0,Tarjeta,19/03/2024
1528,Valentin Romero,Mendoza Ciudad,2024-11,Spinning,M,43,Activo,25000,20000,Tarjeta,20/11/2024
1528,Valentin Romero,Mendoza Ciudad,2024-12,Spinning,M,43,Activo,25000,0,Tarjeta,20/11/2024
1529,Maria Medina,Maipu,2024-03,Funcional,M,36,Activo,35000,20000,Transferencia,07/03/2024
1529,Maria Medina,Maipu,2024-04,Funcional,M,36,Activo,35000,0,Transferencia,07/03/2024
1529,Maria Medina,Maipu,2024-05,Funcional,M,36,Inactivo,0,0,Transferencia,07/03/2024
1529,Maria Medina,Maipu,2024-06,Funcional,M,36,Inactivo,0,0,Transferencia,07/03/2024
1529,Maria Medina,Maipu,2024-07,Funcional,M,36,Activo,35000,0,Transferencia,07/03/2024
1529,Maria Medina,Maipu,2024-08,Funcional,M,36,Inactivo,0,0,Transferencia,07/03/2024
1529,Maria Medina,Maipu,2024-09,Funcional,M,36,Inactivo,0,0,Transferencia,07/03/2024
1529,Maria Medina,Maipu,2024-10,Funcional,M,36,Activo,35000,0,Transferencia,07/03/2024
1529,Maria Medina,Maipu,2024-11,Funcional,M,36,Activo,35000,0,Transferencia,07/03/2024
1529,Maria Medina,Maipu,2024-12,Funcional,M,36,Activo,35000,0,Transferencia,07/03/2024
1530,Florencia Gomez,Mendoza Ciudad,2024-09,Yoga,M,33,Activo,25000,20000,Tarjeta,01/09/2024
1530,Florencia Gomez,Mendoza Ciudad,2024-10,Yoga,M,33,Activo,25000,0,Tarjeta,01/09/2024
1530,Florencia Gomez,Mendoza Ciudad,2024-11,Yoga,M,33,Activo,25000,0,Tarjeta,01/09/2024
1530,Florencia Gomez,Mendoza Ciudad,2024-12,Yoga,M,33,Activo,25000,0,Tarjeta,01/09/2024
1531,Milagros Rios,Godoy Cruz,2024-08,Yoga,M,19,Activo,25000,20000,Transferencia,22/08/2024
1531,Milagros Rios,Godoy Cruz,2024-09,Yoga,M,19,Activo,25000,0,Transferencia,22/08/2024
1531,Milagros Rios,Godoy Cruz,2024-10,Yoga,M,19,Activo,25000,0,Transferencia,22/08/2024
1531,Milagros Rios,Godoy Cruz,2024-11,Yoga,M,19,Activo,25000,0,Transferencia,22/08/2024
1531,Milagros Rios,Godoy Cruz,2024-12,Yoga,M,19,Activo,25000,0,Transferencia,22/08/2024
1532,Bruno Gimenez,Guaymallen,2024-11,Yoga,F,21,Activo,25000,20000,Transferencia,19/11/2024
1532,Bruno Gimenez,Guaymallen,2024-12,Yoga,F,21,Activo,25000,0,Transferencia,19/11/2024
1533,Pedro Herrera,Mendoza Ciudad,2024-11,Yoga,M,26,Activo,25000,20000,Transferencia,08/11/2024
1533,Pedro Herrera,Mendoza Ciudad,2024-12,Yoga,M,26,Activo,25000,0,Transferencia,08/11/2024
1534,Micaela Herrera,Mendoza Ciudad,2024-08,Funcional,F,20,Activo,35000,20000,Efectivo,07/08/2024
1534,Micaela Herrera,Mendoza Ciudad,2024-09,Funcional,F,20,Activo,35000,0,Efectivo,07/08/2024
1534,Micaela Herrera,Mendoza Ciudad,2024-10,Funcional,F,20,Activo,35000,0,Efectivo,07/08/2024
1534,Micaela Herrera,Mendoza Ciudad,2024-11,Funcional,F,20,Activo,35000,0,Efectivo,07/08/2024
1534,Micaela Herrera,Mendoza Ciudad,2024-12,Funcional,F,20,Activo,35000,0,Efectivo,07/08/2024
1535,Julieta Lopez,Mendoza Ciudad,2024-08,Funcional,F,25,Activo,35000,20000,Tarjeta,24/08/2024
1535,Julieta Lopez,Mendoza Ciudad,2024-09,Funcional,F,25,Inactivo,0,0,Tarjeta,24/08/2024
1535,Julieta Lopez,Mendoza Ciudad,2024-10,Funcional,F,25,Activo,35000,0,Tarjeta,24/08/2024
1535,Julieta Lopez,Mendoza Ciudad,2024-11,Funcional,F,25,Activo,35000,0,Tarjeta,24/08/2024
1535,Julieta Lopez,Mendoza Ciudad,2024-12,Funcional,F,25,Activo,35000,0,Tarjeta,24/08/2024
1536,Milagros Herrera,Mendoza Ciudad,2024-01,Musculacion,F,51,Activo,35000,20000,Tarjeta,03/01/2024
1536,Milagros Herrera,Mendoza Ciudad,2024-02,Musculacion,F,51,Activo,35000,0,Tarjeta,03/01/2024
1536,Milagros Herrera,Mendoza Ciudad,2024-03,Musculacion,F,51,Inactivo,0,0,Tarjeta,03/01/2024
1536,Milagros Herrera,Mendoza Ciudad,2024-04,Musculacion,F,51,Activo,35000,0,Tarjeta,03/01/2024
1536,Milagros Herrera,Mendoza Ciudad,2024-05,Musculacion,F,51,Activo,35000,0,Tarjeta,03/01/2024
1536,Milagros Herrera,Mendoza Ciudad,2024-06,Musculacion,F,51,Activo,35000,0,Tarjeta,03/01/2024
1536,Milagros Herrera,Mendoza Ciudad,2024-07,Musculacion,F,51,Inactivo,0,0,Tarjeta,03/01/2024
1536,Milagros Herrera,Mendoza Ciudad,2024-08,Musculacion,F,51,Activo,35000,0,Tarjeta,03/01/2024
1536,Milagros Herrera,Mendoza Ciudad,2024-09,Musculacion,F,51,Activo,35000,0,Tarjeta,03/01/2024
1536,Milagros Herrera,Mendoza Ciudad,2024-10,Musculacion,F,51,Activo,35000,0,Tarjeta,03/01/2024
1536,Milagros Herrera,Mendoza Ciudad,2024-11,Musculacion,F,51,Activo,35000,0,Tarjeta,03/01/2024
1536,Milagros Herrera,Mendoza Ciudad,2024-12,Musculacion,F,51,Activo,35000,0,Tarjeta,03/01/2024
1537,Camila Lopez,Mendoza Ciudad,2024-09,Musculacion,M,32,Activo,35000,20000,Efectivo,28/09/2024
1537,Camila Lopez,Mendoza Ciudad,2024-10,Musculacion,M,32,Activo,35000,0,Efectivo,28/09/2024
1537,Camila Lopez,Mendoza Ciudad,2024-11,Musculacion,M,32,Activo,35000,0,Efectivo,28/09/2024
1537,Camila Lopez,Mendoza Ciudad,2024-12,Musculacion,M,32,Activo,35000,0,Efectivo,28/09/2024
1538,Franco Lopez,Mendoza Ciudad,2024-01,Musculacion,M,31,Activo,35000,20000,Tarjeta,05/01/2024
1538,Franco Lopez,Mendoza Ciudad,2024-02,Musculacion,M,31,Activo,35000,0,Tarjeta,05/01/2024
1538,Franco Lopez,Mendoza Ciudad,2024-03,Musculacion,M,31,Inactivo,0,0,Tarjeta,05/01/2024
1538,Franco Lopez,Mendoza Ciudad,2024-04,Musculacion,M,31,Activo,35000,0,Tarjeta,05/01/2024
1538,Franco Lopez,Mendoza Ciudad,2024-05,Musculacion,M,31,Activo,35000,0,Tarjeta,05/01/2024
1538,Franco Lopez,Mendoza Ciudad,2024-06,Musculacion,M,31,Inactivo,0,0,Tarjeta,05/01/2024
1538,Franco Lopez,Mendoza Ciudad,2024-07,Musculacion,M,31,Inactivo,0,0,Tarjeta,05/01/2024
1538,Franco Lopez,Mendoza Ciudad,2024-08,Musculacion,M,31,Activo,35000,0,Tarjeta,05/01/2024
1538,Franco Lopez,Mendoza Ciudad,2024-09,Musculacion,M,31,Activo,35000,0,Tarjeta,05/01/2024
1538,Franco Lopez,Mendoza Ciudad,2024-10,Musculacion,M,31,Inactivo,0,0,Tarjeta,05/01/2024
1538,Franco Lopez,Mendoza Ciudad,2024-11,Musculacion,M,31,Activo,35000,0,Tarjeta,05/01/2024
1538,Franco Lopez,Mendoza Ciudad,2024-12,Musculacion,M,31,Activo,35000,0,Tarjeta,05/01/2024
1539,Carlos Fernandez,Mendoza Ciudad,2024-04,Funcional,M,32,Activo,35000,20000,Tarjeta,13/04/2024
1539,Carlos Fernandez,Mendoza Ciudad,2024-05,Funcional,M,32,Inactivo,0,0,Tarjeta,13/04/2024
1539,Carlos Fernandez,Mendoza Ciudad,2024-06,Funcional,M,32,Activo,35000,0,Tarjeta,13/04/2024
1539,Carlos Fernandez,Mendoza Ciudad,2024-07,Funcional,M,32,Activo,35000,0,Tarjeta,13/04/2024
1539,Carlos Fernandez,Mendoza Ciudad,2024-08,Funcional,M,32,Inactivo,0,0,Tarjeta,13/04/2024
1539,Carlos Fernandez,Mendoza Ciudad,2024-09,Funcional,M,32,Inactivo,0,0,Tarjeta,13/04/2024
1539,Carlos Fernandez,Mendoza Ciudad,2024-10,Funcional,M,32,Activo,35000,0,Tarjeta,13/04/2024
1539,Carlos Fernandez,Mendoza Ciudad,2024-11,Funcional,M,32,Activo,35000,0,Tarjeta,13/04/2024
1539,Carlos Fernandez,Mendoza Ciudad,2024-12,Funcional,M,32,Activo,35000,0,Tarjeta,13/04/2024
1540,Julieta Medina,Lujan de Cuyo,2024-08,Funcional,F,18,Activo,35000,20000,Transferencia,08/08/2024
1540,Julieta Medina,Lujan de Cuyo,2024-09,Funcional,F,18,Activo,35000,0,Transferencia,08/08/2024
1540,Julieta Medina,Lujan de Cuyo,2024-10,Funcional,F,18,Activo,35000,0,Transferencia,08/08/2024
1540,Julieta Medina,Lujan de Cuyo,2024-11,Funcional,F,18,Activo,35000,0,Transferencia,08/08/2024
1540,Julieta Medina,Lujan de Cuyo,2024-12,Funcional,F,18,Activo,35000,0,Transferencia,08/08/2024
1541,Sofia Medina,Mendoza Ciudad,2024-07,Spinning,F,40,Activo,25000,20000,Transferencia,20/07/2024
1541,Sofia Medina,Mendoza Ciudad,2024-08,Spinning,F,40,Inactivo,0,0,Transferencia,20/07/2024
1541,Sofia Medina,Mendoza Ciudad,2024-09,Spinning,F,40,Activo,25000,0,Transferencia,20/07/2024
1541,Sofia Medina,Mendoza Ciudad,2024-10,Spinning,F,40,Inactivo,0,0,Transferencia,20/07/2024
1541,Sofia Medina,Mendoza Ciudad,2024-11,Spinning,F,40,Activo,25000,0,Transferencia,20/07/2024
1541,Sofia Medina,Mendoza Ciudad,2024-12,Spinning,F,40,Activo,25000,0,Transferencia,20/07/2024
1542,Lucia Cruz,Mendoza Ciudad,2024-07,Yoga,F,30,Activo,25000,20000,Tarjeta,24/07/2024
1542,Lucia Cruz,Mendoza Ciudad,2024-08,Yoga,F,30,Inactivo,0,0,Tarjeta,24/07/2024
1542,Lucia Cruz,Mendoza Ciudad,2024-09,Yoga,F,30,Activo,25000,0,Tarjeta,24/07/2024
1542,Lucia Cruz,Mendoza Ciudad,2024-10,Yoga,F,30,Activo,25000,0,Tarjeta,24/07/2024
1542,Lucia Cruz,Mendoza Ciudad,2024-11,Yoga,F,30,Activo,25000,0,Tarjeta,24/07/2024
1542,Lucia Cruz,Mendoza Ciudad,2024-12,Yoga,F,30,Activo,25000,0,Tarjeta,24/07/2024
1543,Ezequiel Sanchez,Mendoza Ciudad,2024-03,Funcional,M,50,Activo,35000,20000,Tarjeta,25/03/2024
1543,Ezequiel Sanchez,Mendoza Ciudad,2024-04,Funcional,M,50,Inactivo,0,0,Tarjeta,25/03/2024
1543,Ezequiel Sanchez,Mendoza Ciudad,2024-05,Funcional,M,50,Activo,35000,0,Tarjeta,25/03/2024
1543,Ezequiel Sanchez,Mendoza Ciudad,2024-06,Funcional,M,50,Inactivo,0,0,Tarjeta,25/03/2024
1543,Ezequiel Sanchez,Mendoza Ciudad,2024-07,Funcional,M,50,Activo,35000,0,Tarjeta,25/03/2024
1543,Ezequiel Sanchez,Mendoza Ciudad,2024-08,Funcional,M,50,Inactivo,0,0,Tarjeta,25/03/2024
1543,Ezequiel Sanchez,Mendoza Ciudad,2024-09,Funcional,M,50,Activo,35000,0,Tarjeta,25/03/2024
1543,Ezequiel Sanchez,Mendoza Ciudad,2024-10,Funcional,M,50,Activo,35000,0,Tarjeta,25/03/2024
1543,Ezequiel Sanchez,Mendoza Ciudad,2024-11,Funcional,M,50,Activo,35000,0,Tarjeta,25/03/2024
1543,Ezequiel Sanchez,Mendoza Ciudad,2024-12,Funcional,M,50,Activo,35000,0,Tarjeta,25/03/2024
1544,Diego Vega,Mendoza Ciudad,2024-06,Funcional,F,33,Activo,35000,20000,Tarjeta,24/06/2024
1544,Diego Vega,Mendoza Ciudad,2024-07,Funcional,F,33,Inactivo,0,0,Tarjeta,24/06/2024
1544,Diego Vega,Mendoza Ciudad,2024-08,Funcional,F,33,Activo,35000,0,Tarjeta,24/06/2024
1544,Diego Vega,Mendoza Ciudad,2024-09,Funcional,F,33,Activo,35000,0,Tarjeta,24/06/2024
1544,Diego Vega,Mendoza Ciudad,2024-10,Funcional,F,33,Activo,35000,0,Tarjeta,24/06/2024
1544,Diego Vega,Mendoza Ciudad,2024-11,Funcional,F,33,Activo,35000,0,Tarjeta,24/06/2024
1544,Diego Vega,Mendoza Ciudad,2024-12,Funcional,F,33,Inactivo,0,0,Tarjeta,24/06/2024
1545,Sofia Medina,Mendoza Ciudad,2024-01,Funcional,M,42,Activo,35000,20000,Transferencia,12/01/2024
1545,Sofia Medina,Mendoza Ciudad,2024-01,Defensa Personal,M,42,Activo,25000,0,Transferencia,12/01/2024
1545,Sofia Medina,Mendoza Ciudad,2024-02,Funcional,M,42,Activo,35000,0,Transferencia,12/01/2024
1545,Sofia Medina,Mendoza Ciudad,2024-02,Defensa Personal,M,42,Activo,25000,0,Transferencia,12/01/2024
1545,Sofia Medina,Mendoza Ciudad,2024-03,Funcional,M,42,Inactivo,0,0,Transferencia,12/01/2024
1545,Sofia Medina,Mendoza Ciudad,2024-03,Defensa Personal,M,42,Activo,25000,0,Transferencia,12/01/2024
1545,Sofia Medina,Mendoza Ciudad,2024-04,Funcional,M,42,Activo,35000,0,Transferencia,12/01/2024
1545,Sofia Medina,Mendoza Ciudad,2024-04,Defensa Personal,M,42,Activo,25000,0,Transferencia,12/01/2024
1545,Sofia Medina,Mendoza Ciudad,2024-05,Funcional,M,42,Activo,35000,0,Transferencia,12/01/2024
1545,Sofia Medina,Mendoza Ciudad,2024-05,Defensa Personal,M,42,Activo,25000,0,Transferencia,12/01/2024
1545,Sofia Medina,Mendoza Ciudad,2024-06,Funcional,M,42,Activo,35000,0,Transferencia,12/01/2024
1545,Sofia Medina,Mendoza Ciudad,2024-06,Defensa Personal,M,42,Inactivo,0,0,Transferencia,12/01/2024
1545,Sofia Medina,Mendoza Ciudad,2024-07,Funcional,M,42,Activo,35000,0,Transferencia,12/01/2024
1545,Sofia Medina,Mendoza Ciudad,2024-07,Defensa Personal,M,42,Inactivo,0,0,Transferencia,12/01/2024
1545,Sofia Medina,Mendoza Ciudad,2024-08,Funcional,M,42,Activo,35000,0,Transferencia,12/01/2024
1545,Sofia Medina,Mendoza Ciudad,2024-08,Defensa Personal,M,42,Activo,25000,0,Transferencia,12/01/2024
1545,Sofia Medina,Mendoza Ciudad,2024-09,Funcional,M,42,Inactivo,0,0,Transferencia,12/01/2024
1545,Sofia Medina,Mendoza Ciudad,2024-09,Defensa Personal,M,42,Activo,25000,0,Transferencia,12/01/2024
1545,Sofia Medina,Mendoza Ciudad,2024-10,Funcional,M,42,Activo,35000,0,Transferencia,12/01/2024
1545,Sofia Medina,Mendoza Ciudad,2024-10,Defensa Personal,M,42,Activo,25000,0,Transferencia,12/01/2024
1545,Sofia Medina,Mendoza Ciudad,2024-11,Funcional,M,42,Activo,35000,0,Transferencia,12/01/2024
1545,Sofia Medina,Mendoza Ciudad,2024-11,Defensa Personal,M,42,Inactivo,0,0,Transferencia,12/01/2024
1545,Sofia Medina,Mendoza Ciudad,2024-12,Funcional,M,42,Activo,35000,0,Transferencia,12/01/2024
1545,Sofia Medina,Mendoza Ciudad,2024-12,Defensa Personal,M,42,Activo,25000,0,Transferencia,12/01/2024
1546,Lucia Romero,Maipu,2024-02,Spinning,F,42,Activo,25000,20000,Efectivo,05/02/2024
1546,Lucia Romero,Maipu,2024-03,Spinning,F,42,Activo,25000,0,Efectivo,05/02/2024
1546,Lucia Romero,Maipu,2024-04,Spinning,F,42,Activo,25000,0,Efectivo,05/02/2024
1546,Lucia Romero,Maipu,2024-05,Spinning,F,42,Activo,25000,0,Efectivo,05/02/2024
1546,Lucia Romero,Maipu,2024-06,Spinning,F,42,Activo,25000,0,Efectivo,05/02/2024
1546,Lucia Romero,Maipu,2024-07,Spinning,F,42,Activo,25000,0,Efectivo,05/02/2024
1546,Lucia Romero,Maipu,2024-08,Spinning,F,42,Activo,25000,0,Efectivo,05/02/2024
1546,Lucia Romero,Maipu,2024-09,Spinning,F,42,Activo,25000,0,Efectivo,05/02/2024
1546,Lucia Romero,Maipu,2024-10,Spinning,F,42,Activo,25000,0,Efectivo,05/02/2024
1546,Lucia Romero,Maipu,2024-11,Spinning,F,42,Activo,25000,0,Efectivo,05/02/2024
1546,Lucia Romero,Maipu,2024-12,Spinning,F,42,Activo,25000,0,Efectivo,05/02/2024
1547,Tomas Rodriguez,Maipu,2024-05,Yoga,F,34,Activo,25000,20000,Efectivo,06/05/2024
1547,Tomas Rodriguez,Maipu,2024-06,Yoga,F,34,Inactivo,0,0,Efectivo,06/05/2024
1547,Tomas Rodriguez,Maipu,2024-07,Yoga,F,34,Activo,25000,0,Efectivo,06/05/2024
1547,Tomas Rodriguez,Maipu,2024-08,Yoga,F,34,Activo,25000,0,Efectivo,06/05/2024
1547,Tomas Rodriguez,Maipu,2024-09,Yoga,F,34,Activo,25000,0,Efectivo,06/05/2024
1547,Tomas Rodriguez,Maipu,2024-10,Yoga,F,34,Activo,25000,0,Efectivo,06/05/2024
1547,Tomas Rodriguez,Maipu,2024-11,Yoga,F,34,Inactivo,0,0,Efectivo,06/05/2024
1547,Tomas Rodriguez,Maipu,2024-12,Yoga,F,34,Activo,25000,0,Efectivo,06/05/2024
1548,Diego Cruz,Mendoza Ciudad,2024-10,Musculacion,F,22,Activo,35000,20000,Transferencia,02/10/2024
1548,Diego Cruz,Mendoza Ciudad,2024-11,Musculacion,F,22,Activo,35000,0,Transferencia,02/10/2024
1548,Diego Cruz,Mendoza Ciudad,2024-12,Musculacion,F,22,Activo,35000,0,Transferencia,02/10/2024
1549,Milagros Herrera,Mendoza Ciudad,2024-01,Spinning,F,32,Activo,25000,20000,Tarjeta,08/01/2024
1549,Milagros Herrera,Mendoza Ciudad,2024-02,Spinning,F,32,Inactivo,0,0,Tarjeta,08/01/2024
1549,Milagros Herrera,Mendoza Ciudad,2024-03,Spinning,F,32,Activo,25000,0,Tarjeta,08/01/2024
1549,Milagros Herrera,Mendoza Ciudad,2024-04,Spinning,F,32,Activo,25000,0,Tarjeta,08/01/2024
1549,Milagros Herrera,Mendoza Ciudad,2024-05,Spinning,F,32,Inactivo,0,0,Tarjeta,08/01/2024
1549,Milagros Herrera,Mendoza Ciudad,2024-06,Spinning,F,32,Inactivo,0,0,Tarjeta,08/01/2024
1549,Milagros Herrera,Mendoza Ciudad,2024-07,Spinning,F,32,Inactivo,0,0,Tarjeta,08/01/2024
1549,Milagros Herrera,Mendoza Ciudad,2024-08,Spinning,F,32,Activo,25000,0,Tarjeta,08/01/2024
1549,Milagros Herrera,Mendoza Ciudad,2024-09,Spinning,F,32,Activo,25000,0,Tarjeta,08/01/2024
1549,Milagros Herrera,Mendoza Ciudad,2024-10,Spinning,F,32,Activo,25000,0,Tarjeta,08/01/2024
1549,Milagros Herrera,Mendoza Ciudad,2024-11,Spinning,F,32,Inactivo,0,0,Tarjeta,08/01/2024
1549,Milagros Herrera,Mendoza Ciudad,2024-12,Spinning,F,32,Activo,25000,0,Tarjeta,08/01/2024
1550,Micaela Cruz,Godoy Cruz,2024-11,Musculacion,F,29,Activo,35000,20000,Efectivo,13/11/2024
1550,Micaela Cruz,Godoy Cruz,2024-12,Musculacion,F,29,Activo,35000,0,Efectivo,13/11/2024
1551,Milagros Lopez,Godoy Cruz,2024-03,Spinning,M,31,Activo,25000,20000,Tarjeta,03/03/2024
1551,Milagros Lopez,Godoy Cruz,2024-04,Spinning,M,31,Activo,25000,0,Tarjeta,03/03/2024
1551,Milagros Lopez,Godoy Cruz,2024-05,Spinning,M,31,Activo,25000,0,Tarjeta,03/03/2024
1551,Milagros Lopez,Godoy Cruz,2024-06,Spinning,M,31,Inactivo,0,0,Tarjeta,03/03/2024
1551,Milagros Lopez,Godoy Cruz,2024-07,Spinning,M,31,Inactivo,0,0,Tarjeta,03/03/2024
1551,Milagros Lopez,Godoy Cruz,2024-08,Spinning,M,31,Activo,25000,0,Tarjeta,03/03/2024
1551,Milagros Lopez,Godoy Cruz,2024-09,Spinning,M,31,Activo,25000,0,Tarjeta,03/03/2024
1551,Milagros Lopez,Godoy Cruz,2024-10,Spinning,M,31,Activo,25000,0,Tarjeta,03/03/2024
1551,Milagros Lopez,Godoy Cruz,2024-11,Spinning,M,31,Activo,25000,0,Tarjeta,03/03/2024
1551,Milagros Lopez,Godoy Cruz,2024-12,Spinning,M,31,Activo,25000,0,Tarjeta,03/03/2024
1552,Paula Romero,Mendoza Ciudad,2024-12,Musculacion,F,39,Activo,35000,20000,Tarjeta,02/12/2024
1553,Florencia Cruz,Mendoza Ciudad,2024-03,Funcional,F,49,Activo,35000,20000,Tarjeta,28/03/2024
1553,Florencia Cruz,Mendoza Ciudad,2024-04,Funcional,F,49,Activo,35000,0,Tarjeta,28/03/2024
1553,Florencia Cruz,Mendoza Ciudad,2024-05,Funcional,F,49,Activo,35000,0,Tarjeta,28/03/2024
1553,Florencia Cruz,Mendoza Ciudad,2024-06,Funcional,F,49,Activo,35000,0,Tarjeta,28/03/2024
1553,Florencia Cruz,Mendoza Ciudad,2024-07,Funcional,F,49,Activo,35000,0,Tarjeta,28/03/2024
1553,Florencia Cruz,Mendoza Ciudad,2024-08,Funcional,F,49,Inactivo,0,0,Tarjeta,28/03/2024
1553,Florencia Cruz,Mendoza Ciudad,2024-09,Funcional,F,49,Activo,35000,0,Tarjeta,28/03/2024
1553,Florencia Cruz,Mendoza Ciudad,2024-10,Funcional,F,49,Activo,35000,0,Tarjeta,28/03/2024
1553,Florencia Cruz,Mendoza Ciudad,2024-11,Funcional,F,49,Activo,35000,0,Tarjeta,28/03/2024
1553,Florencia Cruz,Mendoza Ciudad,2024-12,Funcional,F,49,Activo,35000,0,Tarjeta,28/03/2024
1554,Sofia Molina,Guaymallen,2024-06,Funcional,F,28,Activo,35000,20000,Tarjeta,20/06/2024
1554,Sofia Molina,Guaymallen,2024-07,Funcional,F,28,Activo,35000,0,Tarjeta,20/06/2024
1554,Sofia Molina,Guaymallen,2024-08,Funcional,F,28,Inactivo,0,0,Tarjeta,20/06/2024
1554,Sofia Molina,Guaymallen,2024-09,Funcional,F,28,Activo,35000,0,Tarjeta,20/06/2024
1554,Sofia Molina,Guaymallen,2024-10,Funcional,F,28,Activo,35000,0,Tarjeta,20/06/2024
1554,Sofia Molina,Guaymallen,2024-11,Funcional,F,28,Activo,35000,0,Tarjeta,20/06/2024
1554,Sofia Molina,Guaymallen,2024-12,Funcional,F,28,Activo,35000,0,Tarjeta,20/06/2024
1555,Diego Garcia,Mendoza Ciudad,2024-01,Yoga,F,34,Activo,25000,20000,Tarjeta,19/01/2024
1555,Diego Garcia,Mendoza Ciudad,2024-02,Yoga,F,34,Activo,25000,0,Tarjeta,19/01/2024
1555,Diego Garcia,Mendoza Ciudad,2024-03,Yoga,F,34,Inactivo,0,0,Tarjeta,19/01/2024
1555,Diego Garcia,Mendoza Ciudad,2024-04,Yoga,F,34,Activo,25000,0,Tarjeta,19/01/2024
1555,Diego Garcia,Mendoza Ciudad,2024-05,Yoga,F,34,Activo,25000,0,Tarjeta,19/01/2024
1555,Diego Garcia,Mendoza Ciudad,2024-06,Yoga,F,34,Inactivo,0,0,Tarjeta,19/01/2024
1555,Diego Garcia,Mendoza Ciudad,2024-07,Yoga,F,34,Inactivo,0,0,Tarjeta,19/01/2024
1555,Diego Garcia,Mendoza Ciudad,2024-08,Yoga,F,34,Inactivo,0,0,Tarjeta,19/01/2024
1555,Diego Garcia,Mendoza Ciudad,2024-09,Yoga,F,34,Activo,25000,0,Tarjeta,19/01/2024
1555,Diego Garcia,Mendoza Ciudad,2024-10,Yoga,F,34,Activo,25000,0,Tarjeta,19/01/2024
1555,Diego Garcia,Mendoza Ciudad,2024-11,Yoga,F,34,Activo,25000,0,Tarjeta,19/01/2024
1555,Diego Garcia,Mendoza Ciudad,2024-12,Yoga,F,34,Activo,25000,0,Tarjeta,19/01/2024
1556,Catalina Gimenez,Mendoza Ciudad,2024-02,Defensa Personal,M,18,Activo,25000,20000,Efectivo,08/02/2024
1556,Catalina Gimenez,Mendoza Ciudad,2024-03,Defensa Personal,M,18,Activo,25000,0,Efectivo,08/02/2024
1556,Catalina Gimenez,Mendoza Ciudad,2024-04,Defensa Personal,M,18,Activo,25000,0,Efectivo,08/02/2024
1556,Catalina Gimenez,Mendoza Ciudad,2024-05,Defensa Personal,M,18,Activo,25000,0,Efectivo,08/02/2024
1556,Catalina Gimenez,Mendoza Ciudad,2024-06,Defensa Personal,M,18,Activo,25000,0,Efectivo,08/02/2024
1556,Catalina Gimenez,Mendoza Ciudad,2024-07,Defensa Personal,M,18,Activo,25000,0,Efectivo,08/02/2024
1556,Catalina Gimenez,Mendoza Ciudad,2024-08,Defensa Personal,M,18,Activo,25000,0,Efectivo,08/02/2024
1556,Catalina Gimenez,Mendoza Ciudad,2024-09,Defensa Personal,M,18,Inactivo,0,0,Efectivo,08/02/2024
1556,Catalina Gimenez,Mendoza Ciudad,2024-10,Defensa Personal,M,18,Activo,25000,0,Efectivo,08/02/2024
1556,Catalina Gimenez,Mendoza Ciudad,2024-11,Defensa Personal,M,18,Inactivo,0,0,Efectivo,08/02/2024
1556,Catalina Gimenez,Mendoza Ciudad,2024-12,Defensa Personal,M,18,Activo,25000,0,Efectivo,08/02/2024
1557,Micaela Medina,Guaymallen,2024-05,Musculacion,M,69,Activo,35000,20000,Tarjeta,06/05/2024
1557,Micaela Medina,Guaymallen,2024-06,Musculacion,M,69,Inactivo,0,0,Tarjeta,06/05/2024
1557,Micaela Medina,Guaymallen,2024-07,Musculacion,M,69,Activo,35000,0,Tarjeta,06/05/2024
1557,Micaela Medina,Guaymallen,2024-08,Musculacion,M,69,Activo,35000,0,Tarjeta,06/05/2024
1557,Micaela Medina,Guaymallen,2024-09,Musculacion,M,69,Activo,35000,0,Tarjeta,06/05/2024
1557,Micaela Medina,Guaymallen,2024-10,Musculacion,M,69,Activo,35000,0,Tarjeta,06/05/2024
1557,Micaela Medina,Guaymallen,2024-11,Musculacion,M,69,Activo,35000,0,Tarjeta,06/05/2024
1557,Micaela Medina,Guaymallen,2024-12,Musculacion,M,69,Activo,35000,0,Tarjeta,06/05/2024
1558,Julieta Lopez,Godoy Cruz,2024-04,Yoga,M,26,Activo,25000,20000,Tarjeta,15/04/2024
1558,Julieta Lopez,Godoy Cruz,2024-05,Yoga,M,26,Activo,25000,0,Tarjeta,15/04/2024
1558,Julieta Lopez,Godoy Cruz,2024-06,Yoga,M,26,Inactivo,0,0,Tarjeta,15/04/2024
1558,Julieta Lopez,Godoy Cruz,2024-07,Yoga,M,26,Activo,25000,0,Tarjeta,15/04/2024
1558,Julieta Lopez,Godoy Cruz,2024-08,Yoga,M,26,Activo,25000,0,Tarjeta,15/04/2024
1558,Julieta Lopez,Godoy Cruz,2024-09,Yoga,M,26,Activo,25000,0,Tarjeta,15/04/2024
1558,Julieta Lopez,Godoy Cruz,2024-10,Yoga,M,26,Activo,25000,0,Tarjeta,15/04/2024
1558,Julieta Lopez,Godoy Cruz,2024-11,Yoga,M,26,Activo,25000,0,Tarjeta,15/04/2024
1558,Julieta Lopez,Godoy Cruz,2024-12,Yoga,M,26,Inactivo,0,0,Tarjeta,15/04/2024
1559,Sofia Rodriguez,Mendoza Ciudad,2024-02,Spinning,F,34,Activo,25000,20000,Tarjeta,14/02/2024
1559,Sofia Rodriguez,Mendoza Ciudad,2024-03,Spinning,F,34,Activo,25000,0,Tarjeta,14/02/2024
1559,Sofia Rodriguez,Mendoza Ciudad,2024-04,Spinning,F,34,Activo,25000,0,Tarjeta,14/02/2024
1559,Sofia Rodriguez,Mendoza Ciudad,2024-05,Spinning,F,34,Inactivo,0,0,Tarjeta,14/02/2024
1559,Sofia Rodriguez,Mendoza Ciudad,2024-06,Spinning,F,34,Inactivo,0,0,Tarjeta,14/02/2024
1559,Sofia Rodriguez,Mendoza Ciudad,2024-07,Spinning,F,34,Activo,25000,0,Tarjeta,14/02/2024
1559,Sofia Rodriguez,Mendoza Ciudad,2024-08,Spinning,F,34,Inactivo,0,0,Tarjeta,14/02/2024
1559,Sofia Rodriguez,Mendoza Ciudad,2024-09,Spinning,F,34,Activo,25000,0,Tarjeta,14/02/2024
1559,Sofia Rodriguez,Mendoza Ciudad,2024-10,Spinning,F,34,Activo,25000,0,Tarjeta,14/02/2024
1559,Sofia Rodriguez,Mendoza Ciudad,2024-11,Spinning,F,34,Inactivo,0,0,Tarjeta,14/02/2024
1559,Sofia Rodriguez,Mendoza Ciudad,2024-12,Spinning,F,34,Activo,25000,0,Tarjeta,14/02/2024
1560,Tomas Fernandez,Guaymallen,2024-04,Funcional,F,20,Activo,35000,20000,Tarjeta,03/04/2024
1560,Tomas Fernandez,Guaymallen,2024-05,Funcional,F,20,Activo,35000,0,Tarjeta,03/04/2024
1560,Tomas Fernandez,Guaymallen,2024-06,Funcional,F,20,Activo,35000,0,Tarjeta,03/04/2024
1560,Tomas Fernandez,Guaymallen,2024-07,Funcional,F,20,Activo,35000,0,Tarjeta,03/04/2024
1560,Tomas Fernandez,Guaymallen,2024-08,Funcional,F,20,Activo,35000,0,Tarjeta,03/04/2024
1560,Tomas Fernandez,Guaymallen,2024-09,Funcional,F,20,Activo,35000,0,Tarjeta,03/04/2024
1560,Tomas Fernandez,Guaymallen,2024-10,Funcional,F,20,Activo,35000,0,Tarjeta,03/04/2024
1560,Tomas Fernandez,Guaymallen,2024-11,Funcional,F,20,Activo,35000,0,Tarjeta,03/04/2024
1560,Tomas Fernandez,Guaymallen,2024-12,Funcional,F,20,Activo,35000,0,Tarjeta,03/04/2024
1561,Carlos Perez,Lujan de Cuyo,2024-11,Funcional,M,27,Activo,35000,20000,Tarjeta,17/11/2024
1561,Carlos Perez,Lujan de Cuyo,2024-11,Defensa Personal,M,27,Activo,25000,0,Tarjeta,17/11/2024
1561,Carlos Perez,Lujan de Cuyo,2024-12,Funcional,M,27,Activo,35000,0,Tarjeta,17/11/2024
1561,Carlos Perez,Lujan de Cuyo,2024-12,Defensa Personal,M,27,Activo,25000,0,Tarjeta,17/11/2024
1562,Pedro Romero,Mendoza Ciudad,2024-03,Defensa Personal,M,21,Activo,25000,20000,Tarjeta,03/03/2024
1562,Pedro Romero,Mendoza Ciudad,2024-04,Defensa Personal,M,21,Activo,25000,0,Tarjeta,03/03/2024
1562,Pedro Romero,Mendoza Ciudad,2024-05,Defensa Personal,M,21,Activo,25000,0,Tarjeta,03/03/2024
1562,Pedro Romero,Mendoza Ciudad,2024-06,Defensa Personal,M,21,Activo,25000,0,Tarjeta,03/03/2024
1562,Pedro Romero,Mendoza Ciudad,2024-07,Defensa Personal,M,21,Activo,25000,0,Tarjeta,03/03/2024
1562,Pedro Romero,Mendoza Ciudad,2024-08,Defensa Personal,M,21,Activo,25000,0,Tarjeta,03/03/2024
1562,Pedro Romero,Mendoza Ciudad,2024-09,Defensa Personal,M,21,Inactivo,0,0,Tarjeta,03/03/2024
1562,Pedro Romero,Mendoza Ciudad,2024-10,Defensa Personal,M,21,Inactivo,0,0,Tarjeta,03/03/2024
1562,Pedro Romero,Mendoza Ciudad,2024-11,Defensa Personal,M,21,Activo,25000,0,Tarjeta,03/03/2024
1562,Pedro Romero,Mendoza Ciudad,2024-12,Defensa Personal,M,21,Activo,25000,0,Tarjeta,03/03/2024
1563,Julieta Gomez,Maipu,2024-03,Defensa Personal,M,43,Activo,25000,20000,Efectivo,27/03/2024
1563,Julieta Gomez,Maipu,2024-04,Defensa Personal,M,43,Activo,25000,0,Efectivo,27/03/2024
1563,Julieta Gomez,Maipu,2024-05,Defensa Personal,M,43,Activo,25000,0,Efectivo,27/03/2024
1563,Julieta Gomez,Maipu,2024-06,Defensa Personal,M,43,Inactivo,0,0,Efectivo,27/03/2024
1563,Julieta Gomez,Maipu,2024-07,Defensa Personal,M,43,Inactivo,0,0,Efectivo,27/03/2024
1563,Julieta Gomez,Maipu,2024-08,Defensa Personal,M,43,Activo,25000,0,Efectivo,27/03/2024
1563,Julieta Gomez,Maipu,2024-09,Defensa Personal,M,43,Activo,25000,0,Efectivo,27/03/2024
1563,Julieta Gomez,Maipu,2024-10,Defensa Personal,M,43,Activo,25000,0,Efectivo,27/03/2024
1563,Julieta Gomez,Maipu,2024-11,Defensa Personal,M,43,Inactivo,0,0,Efectivo,27/03/2024
1563,Julieta Gomez,Maipu,2024-12,Defensa Personal,M,43,Activo,25000,0,Efectivo,27/03/2024
1564,Camila Vega,Godoy Cruz,2024-09,Spinning,M,32,Activo,25000,20000,Tarjeta,26/09/2024
1564,Camila Vega,Godoy Cruz,2024-10,Spinning,M,32,Activo,25000,0,Tarjeta,26/09/2024
1564,Camila Vega,Godoy Cruz,2024-11,Spinning,M,32,Activo,25000,0,Tarjeta,26/09/2024
1564,Camila Vega,Godoy Cruz,2024-12,Spinning,M,32,Activo,25000,0,Tarjeta,26/09/2024
1565,Maria Fernandez,Mendoza Ciudad,2024-07,Defensa Personal,M,21,Activo,25000,20000,Efectivo,14/07/2024
1565,Maria Fernandez,Mendoza Ciudad,2024-08,Defensa Personal,M,21,Inactivo,0,0,Efectivo,14/07/2024
1565,Maria Fernandez,Mendoza Ciudad,2024-09,Defensa Personal,M,21,Activo,25000,0,Efectivo,14/07/2024
1565,Maria Fernandez,Mendoza Ciudad,2024-10,Defensa Personal,M,21,Activo,25000,0,Efectivo,14/07/2024
1565,Maria Fernandez,Mendoza Ciudad,2024-11,Defensa Personal,M,21,Activo,25000,0,Efectivo,14/07/2024
1565,Maria Fernandez,Mendoza Ciudad,2024-12,Defensa Personal,M,21,Inactivo,0,0,Efectivo,14/07/2024
1566,Agustin Gomez,Lujan de Cuyo,2024-03,Spinning,F,46,Activo,25000,20000,Tarjeta,13/03/2024
1566,Agustin Gomez,Lujan de Cuyo,2024-04,Spinning,F,46,Inactivo,0,0,Tarjeta,13/03/2024
1566,Agustin Gomez,Lujan de Cuyo,2024-05,Spinning,F,46,Inactivo,0,0,Tarjeta,13/03/2024
1566,Agustin Gomez,Lujan de Cuyo,2024-06,Spinning,F,46,Activo,25000,0,Tarjeta,13/03/2024
1566,Agustin Gomez,Lujan de Cuyo,2024-07,Spinning,F,46,Inactivo,0,0,Tarjeta,13/03/2024
1566,Agustin Gomez,Lujan de Cuyo,2024-08,Spinning,F,46,Inactivo,0,0,Tarjeta,13/03/2024
1566,Agustin Gomez,Lujan de Cuyo,2024-09,Spinning,F,46,Activo,25000,0,Tarjeta,13/03/2024
1566,Agustin Gomez,Lujan de Cuyo,2024-10,Spinning,F,46,Activo,25000,0,Tarjeta,13/03/2024
1566,Agustin Gomez,Lujan de Cuyo,2024-11,Spinning,F,46,Activo,25000,0,Tarjeta,13/03/2024
1566,Agustin Gomez,Lujan de Cuyo,2024-12,Spinning,F,46,Activo,25000,0,Tarjeta,13/03/2024
1567,Pedro Fernandez,Guaymallen,2024-10,Funcional,F,27,Activo,35000,20000,Tarjeta,24/10/2024
1567,Pedro Fernandez,Guaymallen,2024-11,Funcional,F,27,Activo,35000,0,Tarjeta,24/10/2024
1567,Pedro Fernandez,Guaymallen,2024-12,Funcional,F,27,Activo,35000,0,Tarjeta,24/10/2024
1568,Valentin Rios,Mendoza Ciudad,2024-09,Spinning,F,28,Activo,25000,20000,Efectivo,04/09/2024
1568,Valentin Rios,Mendoza Ciudad,2024-09,Funcional,F,28,Activo,35000,0,Efectivo,04/09/2024
1568,Valentin Rios,Mendoza Ciudad,2024-10,Spinning,F,28,Activo,25000,0,Efectivo,04/09/2024
1568,Valentin Rios,Mendoza Ciudad,2024-10,Funcional,F,28,Inactivo,0,0,Efectivo,04/09/2024
1568,Valentin Rios,Mendoza Ciudad,2024-11,Spinning,F,28,Activo,25000,0,Efectivo,04/09/2024
1568,Valentin Rios,Mendoza Ciudad,2024-11,Funcional,F,28,Activo,35000,0,Efectivo,04/09/2024
1568,Valentin Rios,Mendoza Ciudad,2024-12,Spinning,F,28,Activo,25000,0,Efectivo,04/09/2024
1568,Valentin Rios,Mendoza Ciudad,2024-12,Funcional,F,28,Activo,35000,0,Efectivo,04/09/2024
1569,Maria Molina,Godoy Cruz,2024-07,Funcional,M,54,Activo,35000,20000,Transferencia,01/07/2024
1569,Maria Molina,Godoy Cruz,2024-08,Funcional,M,54,Activo,35000,0,Transferencia,01/07/2024
1569,Maria Molina,Godoy Cruz,2024-09,Funcional,M,54,Inactivo,0,0,Transferencia,01/07/2024
1569,Maria Molina,Godoy Cruz,2024-10,Funcional,M,54,Inactivo,0,0,Transferencia,01/07/2024
1569,Maria Molina,Godoy Cruz,2024-11,Funcional,M,54,Activo,35000,0,Transferencia,01/07/2024
1569,Maria Molina,Godoy Cruz,2024-12,Funcional,M,54,Activo,35000,0,Transferencia,01/07/2024
1570,Valentin Dominguez,Mendoza Ciudad,2024-08,Musculacion,F,27,Activo,35000,20000,Efectivo,10/08/2024
1570,Valentin Dominguez,Mendoza Ciudad,2024-09,Musculacion,F,27,Activo,35000,0,Efectivo,10/08/2024
1570,Valentin Dominguez,Mendoza Ciudad,2024-10,Musculacion,F,27,Activo,35000,0,Efectivo,10/08/2024
1570,Valentin Dominguez,Mendoza Ciudad,2024-11,Musculacion,F,27,Activo,35000,0,Efectivo,10/08/2024
1570,Valentin Dominguez,Mendoza Ciudad,2024-12,Musculacion,F,27,Activo,35000,0,Efectivo,10/08/2024
1571,Carlos Romero,Mendoza Ciudad,2024-01,Funcional,M,44,Activo,35000,20000,Efectivo,20/01/2024
1571,Carlos Romero,Mendoza Ciudad,2024-02,Funcional,M,44,Activo,35000,0,Efectivo,20/01/2024
1571,Carlos Romero,Mendoza Ciudad,2024-03,Funcional,M,44,Activo,35000,0,Efectivo,20/01/2024
1571,Carlos Romero,Mendoza Ciudad,2024-04,Funcional,M,44,Activo,35000,0,Efectivo,20/01/2024
1571,Carlos Romero,Mendoza Ciudad,2024-05,Funcional,M,44,Activo,35000,0,Efectivo,20/01/2024
1571,Carlos Romero,Mendoza Ciudad,2024-06,Funcional,M,44,Inactivo,0,0,Efectivo,20/01/2024
1571,Carlos Romero,Mendoza Ciudad,2024-07,Funcional,M,44,Activo,35000,0,Efectivo,20/01/2024
1571,Carlos Romero,Mendoza Ciudad,2024-08,Funcional,M,44,Inactivo,0,0,Efectivo,20/01/2024
1571,Carlos Romero,Mendoza Ciudad,2024-09,Funcional,M,44,Activo,35000,0,Efectivo,20/01/2024
1571,Carlos Romero,Mendoza Ciudad,2024-10,Funcional,M,44,Activo,35000,0,Efectivo,20/01/2024
1571,Carlos Romero,Mendoza Ciudad,2024-11,Funcional,M,44,Activo,35000,0,Efectivo,20/01/2024
1571,Carlos Romero,Mendoza Ciudad,2024-12,Funcional,M,44,Activo,35000,0,Efectivo,20/01/2024
1572,Carlos Cruz,Guaymallen,2024-01,Funcional,F,21,Activo,35000,20000,Transferencia,07/01/2024
1572,Carlos Cruz,Guaymallen,2024-02,Funcional,F,21,Activo,35000,0,Transferencia,07/01/2024
1572,Carlos Cruz,Guaymallen,2024-03,Funcional,F,21,Activo,35000,0,Transferencia,07/01/2024
1572,Carlos Cruz,Guaymallen,2024-04,Funcional,F,21,Activo,35000,0,Transferencia,07/01/2024
1572,Carlos Cruz,Guaymallen,2024-05,Funcional,F,21,Activo,35000,0,Transferencia,07/01/2024
1572,Carlos Cruz,Guaymallen,2024-06,Funcional,F,21,Inactivo,0,0,Transferencia,07/01/2024
1572,Carlos Cruz,Guaymallen,2024-07,Funcional,F,21,Inactivo,0,0,Transferencia,07/01/2024
1572,Carlos Cruz,Guaymallen,2024-08,Funcional,F,21,Activo,35000,0,Transferencia,07/01/2024
1572,Carlos Cruz,Guaymallen,2024-09,Funcional,F,21,Activo,35000,0,Transferencia,07/01/2024
1572,Carlos Cruz,Guaymallen,2024-10,Funcional,F,21,Activo,35000,0,Transferencia,07/01/2024
1572,Carlos Cruz,Guaymallen,2024-11,Funcional,F,21,Activo,35000,0,Transferencia,07/01/2024
1572,Carlos Cruz,Guaymallen,2024-12,Funcional,F,21,Activo,35000,0,Transferencia,07/01/2024
1573,Ezequiel Molina,Mendoza Ciudad,2024-06,Funcional,F,40,Activo,35000,20000,Transferencia,01/06/2024
1573,Ezequiel Molina,Mendoza Ciudad,2024-07,Funcional,F,40,Inactivo,0,0,Transferencia,01/06/2024
1573,Ezequiel Molina,Mendoza Ciudad,2024-08,Funcional,F,40,Inactivo,0,0,Transferencia,01/06/2024
1573,Ezequiel Molina,Mendoza Ciudad,2024-09,Funcional,F,40,Activo,35000,0,Transferencia,01/06/2024
1573,Ezequiel Molina,Mendoza Ciudad,2024-10,Funcional,F,40,Activo,35000,0,Transferencia,01/06/2024
1573,Ezequiel Molina,Mendoza Ciudad,2024-11,Funcional,F,40,Activo,35000,0,Transferencia,01/06/2024
1573,Ezequiel Molina,Mendoza Ciudad,2024-12,Funcional,F,40,Activo,35000,0,Transferencia,01/06/2024
1574,Valentin Suarez,Godoy Cruz,2024-07,Musculacion,M,20,Activo,35000,20000,Efectivo,26/07/2024
1574,Valentin Suarez,Godoy Cruz,2024-08,Musculacion,M,20,Inactivo,0,0,Efectivo,26/07/2024
1574,Valentin Suarez,Godoy Cruz,2024-09,Musculacion,M,20,Activo,35000,0,Efectivo,26/07/2024
1574,Valentin Suarez,Godoy Cruz,2024-10,Musculacion,M,20,Activo,35000,0,Efectivo,26/07/2024
1574,Valentin Suarez,Godoy Cruz,2024-11,Musculacion,M,20,Activo,35000,0,Efectivo,26/07/2024
1574,Valentin Suarez,Godoy Cruz,2024-12,Musculacion,M,20,Activo,35000,0,Efectivo,26/07/2024
1575,Lucia Cruz,Mendoza Ciudad,2024-10,Yoga,F,39,Activo,25000,20000,Tarjeta,28/10/2024
1575,Lucia Cruz,Mendoza Ciudad,2024-11,Yoga,F,39,Activo,25000,0,Tarjeta,28/10/2024
1575,Lucia Cruz,Mendoza Ciudad,2024-12,Yoga,F,39,Activo,25000,0,Tarjeta,28/10/2024
1576,Tomas Molina,Mendoza Ciudad,2024-07,Funcional,F,21,Activo,35000,20000,Efectivo,10/07/2024
1576,Tomas Molina,Mendoza Ciudad,2024-08,Funcional,F,21,Activo,35000,0,Efectivo,10/07/2024
1576,Tomas Molina,Mendoza Ciudad,2024-09,Funcional,F,21,Activo,35000,0,Efectivo,10/07/2024
1576,Tomas Molina,Mendoza Ciudad,2024-10,Funcional,F,21,Activo,35000,0,Efectivo,10/07/2024
1576,Tomas Molina,Mendoza Ciudad,2024-11,Funcional,F,21,Activo,35000,0,Efectivo,10/07/2024
1576,Tomas Molina,Mendoza Ciudad,2024-12,Funcional,F,21,Activo,35000,0,Efectivo,10/07/2024
1577,Agustin Suarez,Maipu,2024-09,Musculacion,M,24,Activo,35000,20000,Efectivo,10/09/2024
1577,Agustin Suarez,Maipu,2024-10,Musculacion,M,24,Activo,35000,0,Efectivo,10/09/2024
1577,Agustin Suarez,Maipu,2024-11,Musculacion,M,24,Activo,35000,0,Efectivo,10/09/2024
1577,Agustin Suarez,Maipu,2024-12,Musculacion,M,24,Activo,35000,0,Efectivo,10/09/2024
1578,Bruno Torres,Guaymallen,2024-11,Defensa Personal,F,49,Activo,25000,20000,Tarjeta,05/11/2024
1578,Bruno Torres,Guaymallen,2024-12,Defensa Personal,F,49,Activo,25000,0,Tarjeta,05/11/2024
1579,Paula Molina,Mendoza Ciudad,2024-03,Musculacion,M,33,Activo,35000,20000,Tarjeta,13/03/2024
1579,Paula Molina,Mendoza Ciudad,2024-04,Musculacion,M,33,Activo,35000,0,Tarjeta,13/03/2024
1579,Paula Molina,Mendoza Ciudad,2024-05,Musculacion,M,33,Inactivo,0,0,Tarjeta,13/03/2024
1579,Paula Molina,Mendoza Ciudad,2024-06,Musculacion,M,33,Inactivo,0,0,Tarjeta,13/03/2024
1579,Paula Molina,Mendoza Ciudad,2024-07,Musculacion,M,33,Activo,35000,0,Tarjeta,13/03/2024
1579,Paula Molina,Mendoza Ciudad,2024-08,Musculacion,M,33,Inactivo,0,0,Tarjeta,13/03/2024
1579,Paula Molina,Mendoza Ciudad,2024-09,Musculacion,M,33,Activo,35000,0,Tarjeta,13/03/2024
1579,Paula Molina,Mendoza Ciudad,2024-10,Musculacion,M,33,Activo,35000,0,Tarjeta,13/03/2024
1579,Paula Molina,Mendoza Ciudad,2024-11,Musculacion,M,33,Activo,35000,0,Tarjeta,13/03/2024
1579,Paula Molina,Mendoza Ciudad,2024-12,Musculacion,M,33,Activo,35000,0,Tarjeta,13/03/2024
1580,Florencia Molina,Mendoza Ciudad,2024-12,Musculacion,M,23,Activo,35000,20000,Transferencia,12/12/2024
1581,Diego Medina,Godoy Cruz,2024-12,Yoga,M,16,Activo,25000,20000,Transferencia,04/12/2024
1582,Sofia Castro,Mendoza Ciudad,2024-11,Musculacion,M,29,Activo,35000,20000,Tarjeta,02/11/2024
1582,Sofia Castro,Mendoza Ciudad,2024-12,Musculacion,M,29,Activo,35000,0,Tarjeta,02/11/2024
1583,Julieta Romero,Lujan de Cuyo,2024-05,Yoga,M,47,Activo,25000,20000,Transferencia,10/05/2024
1583,Julieta Romero,Lujan de Cuyo,2024-06,Yoga,M,47,Inactivo,0,0,Transferencia,10/05/2024
1583,Julieta Romero,Lujan de Cuyo,2024-07,Yoga,M,47,Inactivo,0,0,Transferencia,10/05/2024
1583,Julieta Romero,Lujan de Cuyo,2024-08,Yoga,M,47,Inactivo,0,0,Transferencia,10/05/2024
1583,Julieta Romero,Lujan de Cuyo,2024-09,Yoga,M,47,Activo,25000,0,Transferencia,10/05/2024
1583,Julieta Romero,Lujan de Cuyo,2024-10,Yoga,M,47,Activo,25000,0,Transferencia,10/05/2024
1583,Julieta Romero,Lujan de Cuyo,2024-11,Yoga,M,47,Activo,25000,0,Transferencia,10/05/2024
1583,Julieta Romero,Lujan de Cuyo,2024-12,Yoga,M,47,Activo,25000,0,Transferencia,10/05/2024
1584,Bruno Molina,Mendoza Ciudad,2024-05,Spinning,F,47,Activo,25000,20000,Tarjeta,10/05/2024
1584,Bruno Molina,Mendoza Ciudad,2024-06,Spinning,F,47,Inactivo,0,0,Tarjeta,10/05/2024
1584,Bruno Molina,Mendoza Ciudad,2024-07,Spinning,F,47,Inactivo,0,0,Tarjeta,10/05/2024
1584,Bruno Molina,Mendoza Ciudad,2024-08,Spinning,F,47,Activo,25000,0,Tarjeta,10/05/2024
1584,Bruno Molina,Mendoza Ciudad,2024-09,Spinning,F,47,Activo,25000,0,Tarjeta,10/05/2024
1584,Bruno Molina,Mendoza Ciudad,2024-10,Spinning,F,47,Activo,25000,0,Tarjeta,10/05/2024
1584,Bruno Molina,Mendoza Ciudad,2024-11,Spinning,F,47,Activo,25000,0,Tarjeta,10/05/2024
1584,Bruno Molina,Mendoza Ciudad,2024-12,Spinning,F,47,Inactivo,0,0,Tarjeta,10/05/2024
1585,Diego Fernandez,Maipu,2024-04,Defensa Personal,M,53,Activo,25000,20000,Tarjeta,25/04/2024
1585,Diego Fernandez,Maipu,2024-05,Defensa Personal,M,53,Activo,25000,0,Tarjeta,25/04/2024
1585,Diego Fernandez,Maipu,2024-06,Defensa Personal,M,53,Inactivo,0,0,Tarjeta,25/04/2024
1585,Diego Fernandez,Maipu,2024-07,Defensa Personal,M,53,Activo,25000,0,Tarjeta,25/04/2024
1585,Diego Fernandez,Maipu,2024-08,Defensa Personal,M,53,Activo,25000,0,Tarjeta,25/04/2024
1585,Diego Fernandez,Maipu,2024-09,Defensa Personal,M,53,Activo,25000,0,Tarjeta,25/04/2024
1585,Diego Fernandez,Maipu,2024-10,Defensa Personal,M,53,Activo,25000,0,Tarjeta,25/04/2024
1585,Diego Fernandez,Maipu,2024-11,Defensa Personal,M,53,Activo,25000,0,Tarjeta,25/04/2024
1585,Diego Fernandez,Maipu,2024-12,Defensa Personal,M,53,Inactivo,0,0,Tarjeta,25/04/2024
1586,Tomas Perez,Mendoza Ciudad,2024-02,Musculacion,M,54,Activo,35000,20000,Tarjeta,23/02/2024
1586,Tomas Perez,Mendoza Ciudad,2024-03,Musculacion,M,54,Activo,35000,0,Tarjeta,23/02/2024
1586,Tomas Perez,Mendoza Ciudad,2024-04,Musculacion,M,54,Activo,35000,0,Tarjeta,23/02/2024
1586,Tomas Perez,Mendoza Ciudad,2024-05,Musculacion,M,54,Activo,35000,0,Tarjeta,23/02/2024
1586,Tomas Perez,Mendoza Ciudad,2024-06,Musculacion,M,54,Inactivo,0,0,Tarjeta,23/02/2024
1586,Tomas Perez,Mendoza Ciudad,2024-07,Musculacion,M,54,Activo,35000,0,Tarjeta,23/02/2024
1586,Tomas Perez,Mendoza Ciudad,2024-08,Musculacion,M,54,Inactivo,0,0,Tarjeta,23/02/2024
1586,Tomas Perez,Mendoza Ciudad,2024-09,Musculacion,M,54,Activo,35000,0,Tarjeta,23/02/2024
1586,Tomas Perez,Mendoza Ciudad,2024-10,Musculacion,M,54,Activo,35000,0,Tarjeta,23/02/2024
1586,Tomas Perez,Mendoza Ciudad,2024-11,Musculacion,M,54,Activo,35000,0,Tarjeta,23/02/2024
1586,Tomas Perez,Mendoza Ciudad,2024-12,Musculacion,M,54,Activo,35000,0,Tarjeta,23/02/2024
1587,Paula Castro,Guaymallen,2024-12,Spinning,F,18,Activo,25000,20000,Transferencia,21/12/2024
1588,Diego Castro,Maipu,2024-03,Musculacion,M,34,Activo,35000,20000,Efectivo,21/03/2024
1588,Diego Castro,Maipu,2024-04,Musculacion,M,34,Activo,35000,0,Efectivo,21/03/2024
1588,Diego Castro,Maipu,2024-05,Musculacion,M,34,Activo,35000,0,Efectivo,21/03/2024
1588,Diego Castro,Maipu,2024-06,Musculacion,M,34,Inactivo,0,0,Efectivo,21/03/2024
1588,Diego Castro,Maipu,2024-07,Musculacion,M,34,Inactivo,0,0,Efectivo,21/03/2024
1588,Diego Castro,Maipu,2024-08,Musculacion,M,34,Activo,35000,0,Efectivo,21/03/2024
1588,Diego Castro,Maipu,2024-09,Musculacion,M,34,Activo,35000,0,Efectivo,21/03/2024
1588,Diego Castro,Maipu,2024-10,Musculacion,M,34,Activo,35000,0,Efectivo,21/03/2024
1588,Diego Castro,Maipu,2024-11,Musculacion,M,34,Activo,35000,0,Efectivo,21/03/2024
1588,Diego Castro,Maipu,2024-12,Musculacion,M,34,Activo,35000,0,Efectivo,21/03/2024
1589,Agustin Navarro,Mendoza Ciudad,2024-07,Spinning,M,39,Activo,25000,20000,Tarjeta,28/07/2024
1589,Agustin Navarro,Mendoza Ciudad,2024-08,Spinning,M,39,Activo,25000,0,Tarjeta,28/07/2024
1589,Agustin Navarro,Mendoza Ciudad,2024-09,Spinning,M,39,Inactivo,0,0,Tarjeta,28/07/2024
1589,Agustin Navarro,Mendoza Ciudad,2024-10,Spinning,M,39,Activo,25000,0,Tarjeta,28/07/2024
1589,Agustin Navarro,Mendoza Ciudad,2024-11,Spinning,M,39,Activo,25000,0,Tarjeta,28/07/2024
1589,Agustin Navarro,Mendoza Ciudad,2024-12,Spinning,M,39,Inactivo,0,0,Tarjeta,28/07/2024
1590,Tomas Dominguez,Mendoza Ciudad,2024-06,Yoga,F,31,Activo,25000,20000,Transferencia,25/06/2024
1590,Tomas Dominguez,Mendoza Ciudad,2024-07,Yoga,F,31,Activo,25000,0,Transferencia,25/06/2024
1590,Tomas Dominguez,Mendoza Ciudad,2024-08,Yoga,F,31,Activo,25000,0,Transferencia,25/06/2024
1590,Tomas Dominguez,Mendoza Ciudad,2024-09,Yoga,F,31,Inactivo,0,0,Transferencia,25/06/2024
1590,Tomas Dominguez,Mendoza Ciudad,2024-10,Yoga,F,31,Inactivo,0,0,Transferencia,25/06/2024
1590,Tomas Dominguez,Mendoza Ciudad,2024-11,Yoga,F,31,Inactivo,0,0,Transferencia,25/06/2024
1590,Tomas Dominguez,Mendoza Ciudad,2024-12,Yoga,F,31,Activo,25000,0,Transferencia,25/06/2024
1591,Bruno Rodriguez,Guaymallen,2024-05,Musculacion,F,50,Activo,35000,20000,Tarjeta,04/05/2024
1591,Bruno Rodriguez,Guaymallen,2024-06,Musculacion,F,50,Inactivo,0,0,Tarjeta,04/05/2024
1591,Bruno Rodriguez,Guaymallen,2024-07,Musculacion,F,50,Activo,35000,0,Tarjeta,04/05/2024
1591,Bruno Rodriguez,Guaymallen,2024-08,Musculacion,F,50,Inactivo,0,0,Tarjeta,04/05/2024
1591,Bruno Rodriguez,Guaymallen,2024-09,Musculacion,F,50,Activo,35000,0,Tarjeta,04/05/2024
1591,Bruno Rodriguez,Guaymallen,2024-10,Musculacion,F,50,Activo,35000,0,Tarjeta,04/05/2024
1591,Bruno Rodriguez,Guaymallen,2024-11,Musculacion,F,50,Activo,35000,0,Tarjeta,04/05/2024
1591,Bruno Rodriguez,Guaymallen,2024-12,Musculacion,F,50,Activo,35000,0,Tarjeta,04/05/2024
1592,Catalina Romero,Mendoza Ciudad,2024-09,Musculacion,M,43,Activo,35000,20000,Transferencia,04/09/2024
1592,Catalina Romero,Mendoza Ciudad,2024-10,Musculacion,M,43,Activo,35000,0,Transferencia,04/09/2024
1592,Catalina Romero,Mendoza Ciudad,2024-11,Musculacion,M,43,Activo,35000,0,Transferencia,04/09/2024
1592,Catalina Romero,Mendoza Ciudad,2024-12,Musculacion,M,43,Activo,35000,0,Transferencia,04/09/2024
1593,Bruno Romero,Mendoza Ciudad,2024-12,Funcional,M,32,Activo,35000,20000,Transferencia,14/12/2024
1594,Catalina Torres,Guaymallen,2024-11,Spinning,F,40,Activo,25000,20000,Tarjeta,12/11/2024
1594,Catalina Torres,Guaymallen,2024-12,Spinning,F,40,Activo,25000,0,Tarjeta,12/11/2024
1595,Florencia Lopez,Mendoza Ciudad,2024-10,Musculacion,M,43,Activo,35000,20000,Tarjeta,20/10/2024
1595,Florencia Lopez,Mendoza Ciudad,2024-11,Musculacion,M,43,Activo,35000,0,Tarjeta,20/10/2024
1595,Florencia Lopez,Mendoza Ciudad,2024-12,Musculacion,M,43,Activo,35000,0,Tarjeta,20/10/2024
1596,Carlos Sanchez,Mendoza Ciudad,2024-11,Musculacion,F,30,Activo,35000,20000,Tarjeta,19/11/2024
1596,Carlos Sanchez,Mendoza Ciudad,2024-12,Musculacion,F,30,Activo,35000,0,Tarjeta,19/11/2024
1597,Ezequiel Vega,Mendoza Ciudad,2024-10,Musculacion,M,46,Activo,35000,20000,Transferencia,09/10/2024
1597,Ezequiel Vega,Mendoza Ciudad,2024-10,Spinning,M,46,Activo,25000,0,Transferencia,09/10/2024
1597,Ezequiel Vega,Mendoza Ciudad,2024-11,Musculacion,M,46,Activo,35000,0,Transferencia,09/10/2024
1597,Ezequiel Vega,Mendoza Ciudad,2024-11,Spinning,M,46,Activo,25000,0,Transferencia,09/10/2024
1597,Ezequiel Vega,Mendoza Ciudad,2024-12,Musculacion,M,46,Activo,35000,0,Transferencia,09/10/2024
1597,Ezequiel Vega,Mendoza Ciudad,2024-12,Spinning,M,46,Activo,25000,0,Transferencia,09/10/2024
1598,Valentin Molina,Godoy Cruz,2024-04,Funcional,M,46,Activo,35000,20000,Transferencia,27/04/2024
1598,Valentin Molina,Godoy Cruz,2024-05,Funcional,M,46,Inactivo,0,0,Transferencia,27/04/2024
1598,Valentin Molina,Godoy Cruz,2024-06,Funcional,M,46,Inactivo,0,0,Transferencia,27/04/2024
1598,Valentin Molina,Godoy Cruz,2024-07,Funcional,M,46,Activo,35000,0,Transferencia,27/04/2024
1598,Valentin Molina,Godoy Cruz,2024-08,Funcional,M,46,Inactivo,0,0,Transferencia,27/04/2024
1598,Valentin Molina,Godoy Cruz,2024-09,Funcional,M,46,Inactivo,0,0,Transferencia,27/04/2024
1598,Valentin Molina,Godoy Cruz,2024-10,Funcional,M,46,Activo,35000,0,Transferencia,27/04/2024
1598,Valentin Molina,Godoy Cruz,2024-11,Funcional,M,46,Activo,35000,0,Transferencia,27/04/2024
1598,Valentin Molina,Godoy Cruz,2024-12,Funcional,M,46,Activo,35000,0,Transferencia,27/04/2024
1599,Micaela Lopez,Mendoza Ciudad,2024-08,Spinning,F,36,Activo,25000,20000,Efectivo,21/08/2024
1599,Micaela Lopez,Mendoza Ciudad,2024-09,Spinning,F,36,Activo,25000,0,Efectivo,21/08/2024
1599,Micaela Lopez,Mendoza Ciudad,2024-10,Spinning,F,36,Activo,25000,0,Efectivo,21/08/2024
1599,Micaela Lopez,Mendoza Ciudad,2024-11,Spinning,F,36,Activo,25000,0,Efectivo,21/08/2024
1599,Micaela Lopez,Mendoza Ciudad,2024-12,Spinning,F,36,Activo,25000,0,Efectivo,21/08/2024
1600,Franco Garcia,Guaymallen,2024-05,Musculacion,F,25,Activo,35000,20000,Tarjeta,19/05/2024
1600,Franco Garcia,Guaymallen,2024-06,Musculacion,F,25,Activo,35000,0,Tarjeta,19/05/2024
1600,Franco Garcia,Guaymallen,2024-07,Musculacion,F,25,Activo,35000,0,Tarjeta,19/05/2024
1600,Franco Garcia,Guaymallen,2024-08,Musculacion,F,25,Activo,35000,0,Tarjeta,19/05/2024
1600,Franco Garcia,Guaymallen,2024-09,Musculacion,F,25,Activo,35000,0,Tarjeta,19/05/2024
1600,Franco Garcia,Guaymallen,2024-10,Musculacion,F,25,Activo,35000,0,Tarjeta,19/05/2024
1600,Franco Garcia,Guaymallen,2024-11,Musculacion,F,25,Activo,35000,0,Tarjeta,19/05/2024
1600,Franco Garcia,Guaymallen,2024-12,Musculacion,F,25,Activo,35000,0,Tarjeta,19/05/2024
1601,Camila Fernandez,Mendoza Ciudad,2024-03,Musculacion,M,17,Activo,35000,20000,Transferencia,09/03/2024
1601,Camila Fernandez,Mendoza Ciudad,2024-03,Spinning,M,17,Activo,25000,0,Transferencia,09/03/2024
1601,Camila Fernandez,Mendoza Ciudad,2024-04,Musculacion,M,17,Activo,35000,0,Transferencia,09/03/2024
1601,Camila Fernandez,Mendoza Ciudad,2024-04,Spinning,M,17,Activo,25000,0,Transferencia,09/03/2024
1601,Camila Fernandez,Mendoza Ciudad,2024-05,Musculacion,M,17,Inactivo,0,0,Transferencia,09/03/2024
1601,Camila Fernandez,Mendoza Ciudad,2024-05,Spinning,M,17,Activo,25000,0,Transferencia,09/03/2024
1601,Camila Fernandez,Mendoza Ciudad,2024-06,Musculacion,M,17,Activo,35000,0,Transferencia,09/03/2024
1601,Camila Fernandez,Mendoza Ciudad,2024-06,Spinning,M,17,Inactivo,0,0,Transferencia,09/03/2024
1601,Camila Fernandez,Mendoza Ciudad,2024-07,Musculacion,M,17,Activo,35000,0,Transferencia,09/03/2024
1601,Camila Fernandez,Mendoza Ciudad,2024-07,Spinning,M,17,Activo,25000,0,Transferencia,09/03/2024
1601,Camila Fernandez,Mendoza Ciudad,2024-08,Musculacion,M,17,Inactivo,0,0,Transferencia,09/03/2024
1601,Camila Fernandez,Mendoza Ciudad,2024-08,Spinning,M,17,Inactivo,0,0,Transferencia,09/03/2024
1601,Camila Fernandez,Mendoza Ciudad,2024-09,Musculacion,M,17,Activo,35000,0,Transferencia,09/03/2024
1601,Camila Fernandez,Mendoza Ciudad,2024-09,Spinning,M,17,Activo,25000,0,Transferencia,09/03/2024
1601,Camila Fernandez,Mendoza Ciudad,2024-10,Musculacion,M,17,Activo,35000,0,Transferencia,09/03/2024
1601,Camila Fernandez,Mendoza Ciudad,2024-10,Spinning,M,17,Activo,25000,0,Transferencia,09/03/2024
1601,Camila Fernandez,Mendoza Ciudad,2024-11,Musculacion,M,17,Activo,35000,0,Transferencia,09/03/2024
1601,Camila Fernandez,Mendoza Ciudad,2024-11,Spinning,M,17,Activo,25000,0,Transferencia,09/03/2024
1601,Camila Fernandez,Mendoza Ciudad,2024-12,Musculacion,M,17,Activo,35000,0,Transferencia,09/03/2024
1601,Camila Fernandez,Mendoza Ciudad,2024-12,Spinning,M,17,Inactivo,0,0,Transferencia,09/03/2024
1602,Camila Rodriguez,Mendoza Ciudad,2024-07,Funcional,F,21,Activo,35000,20000,Tarjeta,16/07/2024
1602,Camila Rodriguez,Mendoza Ciudad,2024-08,Funcional,F,21,Inactivo,0,0,Tarjeta,16/07/2024
1602,Camila Rodriguez,Mendoza Ciudad,2024-09,Funcional,F,21,Activo,35000,0,Tarjeta,16/07/2024
1602,Camila Rodriguez,Mendoza Ciudad,2024-10,Funcional,F,21,Activo,35000,0,Tarjeta,16/07/2024
1602,Camila Rodriguez,Mendoza Ciudad,2024-11,Funcional,F,21,Activo,35000,0,Tarjeta,16/07/2024
1602,Camila Rodriguez,Mendoza Ciudad,2024-12,Funcional,F,21,Activo,35000,0,Tarjeta,16/07/2024
1603,Agustin Vega,Maipu,2024-10,Funcional,M,27,Activo,35000,20000,Tarjeta,03/10/2024
1603,Agustin Vega,Maipu,2024-11,Funcional,M,27,Activo,35000,0,Tarjeta,03/10/2024
1603,Agustin Vega,Maipu,2024-12,Funcional,M,27,Activo,35000,0,Tarjeta,03/10/2024
1604,Milagros Castro,Mendoza Ciudad,2024-03,Musculacion,M,17,Activo,35000,20000,Tarjeta,25/03/2024
1604,Milagros Castro,Mendoza Ciudad,2024-04,Musculacion,M,17,Activo,35000,0,Tarjeta,25/03/2024
1604,Milagros Castro,Mendoza Ciudad,2024-05,Musculacion,M,17,Activo,35000,0,Tarjeta,25/03/2024
1604,Milagros Castro,Mendoza Ciudad,2024-06,Musculacion,M,17,Activo,35000,0,Tarjeta,25/03/2024
1604,Milagros Castro,Mendoza Ciudad,2024-07,Musculacion,M,17,Activo,35000,0,Tarjeta,25/03/2024
1604,Milagros Castro,Mendoza Ciudad,2024-08,Musculacion,M,17,Inactivo,0,0,Tarjeta,25/03/2024
1604,Milagros Castro,Mendoza Ciudad,2024-09,Musculacion,M,17,Activo,35000,0,Tarjeta,25/03/2024
1604,Milagros Castro,Mendoza Ciudad,2024-10,Musculacion,M,17,Activo,35000,0,Tarjeta,25/03/2024
1604,Milagros Castro,Mendoza Ciudad,2024-11,Musculacion,M,17,Activo,35000,0,Tarjeta,25/03/2024
1604,Milagros Castro,Mendoza Ciudad,2024-12,Musculacion,M,17,Activo,35000,0,Tarjeta,25/03/2024
1605,Milagros Lopez,Maipu,2024-11,Spinning,M,22,Activo,25000,20000,Transferencia,02/11/2024
1605,Milagros Lopez,Maipu,2024-12,Spinning,M,22,Activo,25000,0,Transferencia,02/11/2024
1606,Milagros Garcia,Godoy Cruz,2024-07,Defensa Personal,F,43,Activo,25000,20000,Tarjeta,21/07/2024
1606,Milagros Garcia,Godoy Cruz,2024-08,Defensa Personal,F,43,Inactivo,0,0,Tarjeta,21/07/2024
1606,Milagros Garcia,Godoy Cruz,2024-09,Defensa Personal,F,43,Activo,25000,0,Tarjeta,21/07/2024
1606,Milagros Garcia,Godoy Cruz,2024-10,Defensa Personal,F,43,Activo,25000,0,Tarjeta,21/07/2024
1606,Milagros Garcia,Godoy Cruz,2024-11,Defensa Personal,F,43,Activo,25000,0,Tarjeta,21/07/2024
1606,Milagros Garcia,Godoy Cruz,2024-12,Defensa Personal,F,43,Activo,25000,0,Tarjeta,21/07/2024
1607,Pedro Molina,Maipu,2024-10,Musculacion,F,31,Activo,35000,20000,Transferencia,09/10/2024
1607,Pedro Molina,Maipu,2024-11,Musculacion,F,31,Activo,35000,0,Transferencia,09/10/2024
1607,Pedro Molina,Maipu,2024-12,Musculacion,F,31,Activo,35000,0,Transferencia,09/10/2024
1608,Tomas Rodriguez,Maipu,2024-04,Spinning,F,27,Activo,25000,20000,Transferencia,11/04/2024
1608,Tomas Rodriguez,Maipu,2024-05,Spinning,F,27,Activo,25000,0,Transferencia,11/04/2024
1608,Tomas Rodriguez,Maipu,2024-06,Spinning,F,27,Activo,25000,0,Transferencia,11/04/2024
1608,Tomas Rodriguez,Maipu,2024-07,Spinning,F,27,Activo,25000,0,Transferencia,11/04/2024
1608,Tomas Rodriguez,Maipu,2024-08,Spinning,F,27,Activo,25000,0,Transferencia,11/04/2024
1608,Tomas Rodriguez,Maipu,2024-09,Spinning,F,27,Activo,25000,0,Transferencia,11/04/2024
1608,Tomas Rodriguez,Maipu,2024-10,Spinning,F,27,Activo,25000,0,Transferencia,11/04/2024
1608,Tomas Rodriguez,Maipu,2024-11,Spinning,F,27,Activo,25000,0,Transferencia,11/04/2024
1608,Tomas Rodriguez,Maipu,2024-12,Spinning,F,27,Activo,25000,0,Transferencia,11/04/2024
1609,Sofia Torres,Mendoza Ciudad,2024-10,Spinning,F,21,Activo,25000,20000,Tarjeta,13/10/2024
1609,Sofia Torres,Mendoza Ciudad,2024-11,Spinning,F,21,Inactivo,0,0,Tarjeta,13/10/2024
1609,Sofia Torres,Mendoza Ciudad,2024-12,Spinning,F,21,Activo,25000,0,Tarjeta,13/10/2024
1610,Diego Navarro,Mendoza Ciudad,2024-04,Yoga,F,38,Activo,25000,20000,Transferencia,09/04/2024
1610,Diego Navarro,Mendoza Ciudad,2024-05,Yoga,F,38,Activo,25000,0,Transferencia,09/04/2024
1610,Diego Navarro,Mendoza Ciudad,2024-06,Yoga,F,38,Activo,25000,0,Transferencia,09/04/2024
1610,Diego Navarro,Mendoza Ciudad,2024-07,Yoga,F,38,Activo,25000,0,Transferencia,09/04/2024
1610,Diego Navarro,Mendoza Ciudad,2024-08,Yoga,F,38,Activo,25000,0,Transferencia,09/04/2024
1610,Diego Navarro,Mendoza Ciudad,2024-09,Yoga,F,38,Activo,25000,0,Transferencia,09/04/2024
1610,Diego Navarro,Mendoza Ciudad,2024-10,Yoga,F,38,Activo,25000,0,Transferencia,09/04/2024
1610,Diego Navarro,Mendoza Ciudad,2024-11,Yoga,F,38,Activo,25000,0,Transferencia,09/04/2024
1610,Diego Navarro,Mendoza Ciudad,2024-12,Yoga,F,38,Inactivo,0,0,Transferencia,09/04/2024
1611,Agustin Vega,Mendoza Ciudad,2024-08,Spinning,F,46,Activo,25000,20000,Tarjeta,22/08/2024
1611,Agustin Vega,Mendoza Ciudad,2024-09,Spinning,F,46,Activo,25000,0,Tarjeta,22/08/2024
1611,Agustin Vega,Mendoza Ciudad,2024-10,Spinning,F,46,Activo,25000,0,Tarjeta,22/08/2024
1611,Agustin Vega,Mendoza Ciudad,2024-11,Spinning,F,46,Activo,25000,0,Tarjeta,22/08/2024
1611,Agustin Vega,Mendoza Ciudad,2024-12,Spinning,F,46,Activo,25000,0,Tarjeta,22/08/2024
1612,Franco Perez,Lujan de Cuyo,2024-01,Defensa Personal,M,32,Activo,25000,20000,Efectivo,09/01/2024
1612,Franco Perez,Lujan de Cuyo,2024-02,Defensa Personal,M,32,Activo,25000,0,Efectivo,09/01/2024
1612,Franco Perez,Lujan de Cuyo,2024-03,Defensa Personal,M,32,Activo,25000,0,Efectivo,09/01/2024
1612,Franco Perez,Lujan de Cuyo,2024-04,Defensa Personal,M,32,Activo,25000,0,Efectivo,09/01/2024
1612,Franco Perez,Lujan de Cuyo,2024-05,Defensa Personal,M,32,Inactivo,0,0,Efectivo,09/01/2024
1612,Franco Perez,Lujan de Cuyo,2024-06,Defensa Personal,M,32,Activo,25000,0,Efectivo,09/01/2024
1612,Franco Perez,Lujan de Cuyo,2024-07,Defensa Personal,M,32,Activo,25000,0,Efectivo,09/01/2024
1612,Franco Perez,Lujan de Cuyo,2024-08,Defensa Personal,M,32,Inactivo,0,0,Efectivo,09/01/2024
1612,Franco Perez,Lujan de Cuyo,2024-09,Defensa Personal,M,32,Activo,25000,0,Efectivo,09/01/2024
1612,Franco Perez,Lujan de Cuyo,2024-10,Defensa Personal,M,32,Activo,25000,0,Efectivo,09/01/2024
1612,Franco Perez,Lujan de Cuyo,2024-11,Defensa Personal,M,32,Activo,25000,0,Efectivo,09/01/2024
1612,Franco Perez,Lujan de Cuyo,2024-12,Defensa Personal,M,32,Activo,25000,0,Efectivo,09/01/2024
1613,Pedro Suarez,Godoy Cruz,2024-03,Funcional,M,23,Activo,35000,20000,Transferencia,12/03/2024
1613,Pedro Suarez,Godoy Cruz,2024-04,Funcional,M,23,Activo,35000,0,Transferencia,12/03/2024
1613,Pedro Suarez,Godoy Cruz,2024-05,Funcional,M,23,Activo,35000,0,Transferencia,12/03/2024
1613,Pedro Suarez,Godoy Cruz,2024-06,Funcional,M,23,Activo,35000,0,Transferencia,12/03/2024
1613,Pedro Suarez,Godoy Cruz,2024-07,Funcional,M,23,Inactivo,0,0,Transferencia,12/03/2024
1613,Pedro Suarez,Godoy Cruz,2024-08,Funcional,M,23,Inactivo,0,0,Transferencia,12/03/2024
1613,Pedro Suarez,Godoy Cruz,2024-09,Funcional,M,23,Activo,35000,0,Transferencia,12/03/2024
1613,Pedro Suarez,Godoy Cruz,2024-10,Funcional,M,23,Activo,35000,0,Transferencia,12/03/2024
1613,Pedro Suarez,Godoy Cruz,2024-11,Funcional,M,23,Inactivo,0,0,Transferencia,12/03/2024
1613,Pedro Suarez,Godoy Cruz,2024-12,Funcional,M,23,Inactivo,0,0,Transferencia,12/03/2024
1614,Milagros Lopez,Maipu,2024-09,Musculacion,M,24,Activo,35000,20000,Tarjeta,23/09/2024
1614,Milagros Lopez,Maipu,2024-10,Musculacion,M,24,Activo,35000,0,Tarjeta,23/09/2024
1614,Milagros Lopez,Maipu,2024-11,Musculacion,M,24,Activo,35000,0,Tarjeta,23/09/2024
1614,Milagros Lopez,Maipu,2024-12,Musculacion,M,24,Activo,35000,0,Tarjeta,23/09/2024
1615,Camila Gomez,Lujan de Cuyo,2024-10,Musculacion,M,20,Activo,35000,20000,Transferencia,07/10/2024
1615,Camila Gomez,Lujan de Cuyo,2024-11,Musculacion,M,20,Activo,35000,0,Transferencia,07/10/2024
1615,Camila Gomez,Lujan de Cuyo,2024-12,Musculacion,M,20,Activo,35000,0,Transferencia,07/10/2024
1616,Julieta Perez,Guaymallen,2024-09,Funcional,F,28,Activo,35000,20000,Transferencia,28/09/2024
1616,Julieta Perez,Guaymallen,2024-10,Funcional,F,28,Activo,35000,0,Transferencia,28/09/2024
1616,Julieta Perez,Guaymallen,2024-11,Funcional,F,28,Inactivo,0,0,Transferencia,28/09/2024
1616,Julieta Perez,Guaymallen,2024-12,Funcional,F,28,Activo,35000,0,Transferencia,28/09/2024
1617,Carlos Herrera,Maipu,2024-05,Funcional,F,37,Activo,35000,20000,Efectivo,07/05/2024
1617,Carlos Herrera,Maipu,2024-06,Funcional,F,37,Activo,35000,0,Efectivo,07/05/2024
1617,Carlos Herrera,Maipu,2024-07,Funcional,F,37,Activo,35000,0,Efectivo,07/05/2024
1617,Carlos Herrera,Maipu,2024-08,Funcional,F,37,Inactivo,0,0,Efectivo,07/05/2024
1617,Carlos Herrera,Maipu,2024-09,Funcional,F,37,Activo,35000,0,Efectivo,07/05/2024
1617,Carlos Herrera,Maipu,2024-10,Funcional,F,37,Activo,35000,0,Efectivo,07/05/2024
1617,Carlos Herrera,Maipu,2024-11,Funcional,F,37,Activo,35000,0,Efectivo,07/05/2024
1617,Carlos Herrera,Maipu,2024-12,Funcional,F,37,Activo,35000,0,Efectivo,07/05/2024
1618,Julieta Suarez,Maipu,2024-07,Musculacion,M,59,Activo,35000,0,Efectivo,18/07/2024
1618,Julieta Suarez,Maipu,2024-07,Spinning,M,59,Activo,25000,20000,Efectivo,18/07/2024
1618,Julieta Suarez,Maipu,2024-08,Musculacion,M,59,Inactivo,0,0,Efectivo,18/07/2024
1618,Julieta Suarez,Maipu,2024-08,Spinning,M,59,Activo,25000,0,Efectivo,18/07/2024
1618,Julieta Suarez,Maipu,2024-09,Musculacion,M,59,Activo,35000,0,Efectivo,18/07/2024
1618,Julieta Suarez,Maipu,2024-09,Spinning,M,59,Inactivo,0,0,Efectivo,18/07/2024
1618,Julieta Suarez,Maipu,2024-10,Musculacion,M,59,Activo,35000,0,Efectivo,18/07/2024
1618,Julieta Suarez,Maipu,2024-10,Spinning,M,59,Activo,25000,0,Efectivo,18/07/2024
1618,Julieta Suarez,Maipu,2024-11,Musculacion,M,59,Activo,35000,0,Efectivo,18/07/2024
1618,Julieta Suarez,Maipu,2024-11,Spinning,M,59,Activo,25000,0,Efectivo,18/07/2024
1618,Julieta Suarez,Maipu,2024-12,Musculacion,M,59,Inactivo,0,0,Efectivo,18/07/2024
1618,Julieta Suarez,Maipu,2024-12,Spinning,M,59,Inactivo,0,0,Efectivo,18/07/2024
1619,Catalina Torres,Godoy Cruz,2024-10,Yoga,F,45,Activo,25000,20000,Efectivo,11/10/2024
1619,Catalina Torres,Godoy Cruz,2024-11,Yoga,F,45,Activo,25000,0,Efectivo,11/10/2024
1619,Catalina Torres,Godoy Cruz,2024-12,Yoga,F,45,Inactivo,0,0,Efectivo,11/10/2024
1620,Pedro Romero,Guaymallen,2024-12,Musculacion,M,44,Activo,35000,20000,Efectivo,01/12/2024
1621,Valentin Medina,Lujan de Cuyo,2024-02,Musculacion,M,65,Activo,35000,20000,Transferencia,01/02/2024
1621,Valentin Medina,Lujan de Cuyo,2024-03,Musculacion,M,65,Inactivo,0,0,Transferencia,01/02/2024
1621,Valentin Medina,Lujan de Cuyo,2024-04,Musculacion,M,65,Activo,35000,0,Transferencia,01/02/2024
1621,Valentin Medina,Lujan de Cuyo,2024-05,Musculacion,M,65,Activo,35000,0,Transferencia,01/02/2024
1621,Valentin Medina,Lujan de Cuyo,2024-06,Musculacion,M,65,Activo,35000,0,Transferencia,01/02/2024
1621,Valentin Medina,Lujan de Cuyo,2024-07,Musculacion,M,65,Activo,35000,0,Transferencia,01/02/2024
1621,Valentin Medina,Lujan de Cuyo,2024-08,Musculacion,M,65,Activo,35000,0,Transferencia,01/02/2024
1621,Valentin Medina,Lujan de Cuyo,2024-09,Musculacion,M,65,Activo,35000,0,Transferencia,01/02/2024
1621,Valentin Medina,Lujan de Cuyo,2024-10,Musculacion,M,65,Activo,35000,0,Transferencia,01/02/2024
1621,Valentin Medina,Lujan de Cuyo,2024-11,Musculacion,M,65,Activo,35000,0,Transferencia,01/02/2024
1621,Valentin Medina,Lujan de Cuyo,2024-12,Musculacion,M,65,Activo,35000,0,Transferencia,01/02/2024
1622,Juan Rodriguez,Mendoza Ciudad,2024-12,Funcional,M,46,Activo,35000,20000,Tarjeta,01/12/2024
1623,Bruno Cruz,Mendoza Ciudad,2024-11,Yoga,F,37,Activo,25000,20000,Efectivo,11/11/2024
1623,Bruno Cruz,Mendoza Ciudad,2024-12,Yoga,F,37,Activo,25000,0,Efectivo,11/11/2024
1624,Sofia Vega,Godoy Cruz,2024-11,Yoga,F,56,Activo,25000,20000,Tarjeta,09/11/2024
1624,Sofia Vega,Godoy Cruz,2024-12,Yoga,F,56,Activo,25000,0,Tarjeta,09/11/2024
1625,Julieta Perez,Mendoza Ciudad,2024-08,Spinning,F,20,Activo,25000,20000,Tarjeta,17/08/2024
1625,Julieta Perez,Mendoza Ciudad,2024-09,Spinning,F,20,Activo,25000,0,Tarjeta,17/08/2024
1625,Julieta Perez,Mendoza Ciudad,2024-10,Spinning,F,20,Activo,25000,0,Tarjeta,17/08/2024
1625,Julieta Perez,Mendoza Ciudad,2024-11,Spinning,F,20,Activo,25000,0,Tarjeta,17/08/2024
1625,Julieta Perez,Mendoza Ciudad,2024-12,Spinning,F,20,Activo,25000,0,Tarjeta,17/08/2024
1626,Micaela Dominguez,Mendoza Ciudad,2024-11,Spinning,F,45,Activo,25000,20000,Tarjeta,01/11/2024
1626,Micaela Dominguez,Mendoza Ciudad,2024-12,Spinning,F,45,Activo,25000,0,Tarjeta,01/11/2024
1627,Carlos Garcia,Mendoza Ciudad,2024-02,Spinning,F,27,Activo,25000,20000,Tarjeta,14/02/2024
1627,Carlos Garcia,Mendoza Ciudad,2024-03,Spinning,F,27,Activo,25000,0,Tarjeta,14/02/2024
1627,Carlos Garcia,Mendoza Ciudad,2024-04,Spinning,F,27,Inactivo,0,0,Tarjeta,14/02/2024
1627,Carlos Garcia,Mendoza Ciudad,2024-05,Spinning,F,27,Activo,25000,0,Tarjeta,14/02/2024
1627,Carlos Garcia,Mendoza Ciudad,2024-06,Spinning,F,27,Inactivo,0,0,Tarjeta,14/02/2024
1627,Carlos Garcia,Mendoza Ciudad,2024-07,Spinning,F,27,Activo,25000,0,Tarjeta,14/02/2024
1627,Carlos Garcia,Mendoza Ciudad,2024-08,Spinning,F,27,Inactivo,0,0,Tarjeta,14/02/2024
1627,Carlos Garcia,Mendoza Ciudad,2024-09,Spinning,F,27,Activo,25000,0,Tarjeta,14/02/2024
1627,Carlos Garcia,Mendoza Ciudad,2024-10,Spinning,F,27,Activo,25000,0,Tarjeta,14/02/2024
1627,Carlos Garcia,Mendoza Ciudad,2024-11,Spinning,F,27,Activo,25000,0,Tarjeta,14/02/2024
1627,Carlos Garcia,Mendoza Ciudad,2024-12,Spinning,F,27,Activo,25000,0,Tarjeta,14/02/2024
1628,Agustin Vega,Guaymallen,2024-12,Yoga,F,54,Activo,25000,20000,Tarjeta,08/12/2024
1629,Micaela Gomez,Mendoza Ciudad,2024-08,Defensa Personal,M,34,Activo,25000,20000,Efectivo,06/08/2024
1629,Micaela Gomez,Mendoza Ciudad,2024-09,Defensa Personal,M,34,Activo,25000,0,Efectivo,06/08/2024
1629,Micaela Gomez,Mendoza Ciudad,2024-10,Defensa Personal,M,34,Activo,25000,0,Efectivo,06/08/2024
1629,Micaela Gomez,Mendoza Ciudad,2024-11,Defensa Personal,M,34,Inactivo,0,0,Efectivo,06/08/2024
1629,Micaela Gomez,Mendoza Ciudad,2024-12,Defensa Personal,M,34,Activo,25000,0,Efectivo,06/08/2024
1630,Juan Rodriguez,Mendoza Ciudad,2024-12,Musculacion,M,36,Activo,35000,20000,Tarjeta,15/12/2024
1631,Julieta Gimenez,Mendoza Ciudad,2024-08,Defensa Personal,M,17,Activo,25000,20000,Transferencia,22/08/2024
1631,Julieta Gimenez,Mendoza Ciudad,2024-09,Defensa Personal,M,17,Activo,25000,0,Transferencia,22/08/2024
1631,Julieta Gimenez,Mendoza Ciudad,2024-10,Defensa Personal,M,17,Activo,25000,0,Transferencia,22/08/2024
1631,Julieta Gimenez,Mendoza Ciudad,2024-11,Defensa Personal,M,17,Activo,25000,0,Transferencia,22/08/2024
1631,Julieta Gimenez,Mendoza Ciudad,2024-12,Defensa Personal,M,17,Activo,25000,0,Transferencia,22/08/2024
1632,Tomas Fernandez,Godoy Cruz,2024-07,Musculacion,M,61,Activo,35000,20000,Efectivo,09/07/2024
1632,Tomas Fernandez,Godoy Cruz,2024-08,Musculacion,M,61,Activo,35000,0,Efectivo,09/07/2024
1632,Tomas Fernandez,Godoy Cruz,2024-09,Musculacion,M,61,Inactivo,0,0,Efectivo,09/07/2024
1632,Tomas Fernandez,Godoy Cruz,2024-10,Musculacion,M,61,Activo,35000,0,Efectivo,09/07/2024
1632,Tomas Fernandez,Godoy Cruz,2024-11,Musculacion,M,61,Activo,35000,0,Efectivo,09/07/2024
1632,Tomas Fernandez,Godoy Cruz,2024-12,Musculacion,M,61,Activo,35000,0,Efectivo,09/07/2024
1633,Ezequiel Navarro,Maipu,2024-06,Spinning,F,62,Activo,25000,20000,Tarjeta,18/06/2024
1633,Ezequiel Navarro,Maipu,2024-07,Spinning,F,62,Inactivo,0,0,Tarjeta,18/06/2024
1633,Ezequiel Navarro,Maipu,2024-08,Spinning,F,62,Inactivo,0,0,Tarjeta,18/06/2024
1633,Ezequiel Navarro,Maipu,2024-09,Spinning,F,62,Activo,25000,0,Tarjeta,18/06/2024
1633,Ezequiel Navarro,Maipu,2024-10,Spinning,F,62,Activo,25000,0,Tarjeta,18/06/2024
1633,Ezequiel Navarro,Maipu,2024-11,Spinning,F,62,Activo,25000,0,Tarjeta,18/06/2024
1633,Ezequiel Navarro,Maipu,2024-12,Spinning,F,62,Activo,25000,0,Tarjeta,18/06/2024
1634,Valentin Suarez,Mendoza Ciudad,2024-07,Musculacion,M,30,Activo,35000,20000,Transferencia,08/07/2024
1634,Valentin Suarez,Mendoza Ciudad,2024-08,Musculacion,M,30,Inactivo,0,0,Transferencia,08/07/2024
1634,Valentin Suarez,Mendoza Ciudad,2024-09,Musculacion,M,30,Activo,35000,0,Transferencia,08/07/2024
1634,Valentin Suarez,Mendoza Ciudad,2024-10,Musculacion,M,30,Activo,35000,0,Transferencia,08/07/2024
1634,Valentin Suarez,Mendoza Ciudad,2024-11,Musculacion,M,30,Activo,35000,0,Transferencia,08/07/2024
1634,Valentin Suarez,Mendoza Ciudad,2024-12,Musculacion,M,30,Activo,35000,0,Transferencia,08/07/2024
1635,Catalina Rios,Guaymallen,2024-06,Defensa Personal,M,31,Activo,25000,20000,Transferencia,24/06/2024
1635,Catalina Rios,Guaymallen,2024-07,Defensa Personal,M,31,Inactivo,0,0,Transferencia,24/06/2024
1635,Catalina Rios,Guaymallen,2024-08,Defensa Personal,M,31,Activo,25000,0,Transferencia,24/06/2024
1635,Catalina Rios,Guaymallen,2024-09,Defensa Personal,M,31,Activo,25000,0,Transferencia,24/06/2024
1635,Catalina Rios,Guaymallen,2024-10,Defensa Personal,M,31,Activo,25000,0,Transferencia,24/06/2024
1635,Catalina Rios,Guaymallen,2024-11,Defensa Personal,M,31,Activo,25000,0,Transferencia,24/06/2024
1635,Catalina Rios,Guaymallen,2024-12,Defensa Personal,M,31,Activo,25000,0,Transferencia,24/06/2024
1636,Diego Gimenez,Mendoza Ciudad,2024-12,Yoga,M,19,Activo,25000,20000,Efectivo,26/12/2024
1637,Camila Rios,Godoy Cruz,2024-08,Musculacion,M,34,Activo,35000,20000,Tarjeta,18/08/2024
1637,Camila Rios,Godoy Cruz,2024-09,Musculacion,M,34,Activo,35000,0,Tarjeta,18/08/2024
1637,Camila Rios,Godoy Cruz,2024-10,Musculacion,M,34,Activo,35000,0,Tarjeta,18/08/2024
1637,Camila Rios,Godoy Cruz,2024-11,Musculacion,M,34,Activo,35000,0,Tarjeta,18/08/2024
1637,Camila Rios,Godoy Cruz,2024-12,Musculacion,M,34,Activo,35000,0,Tarjeta,18/08/2024
1638,Valentin Fernandez,Mendoza Ciudad,2024-11,Funcional,M,30,Activo,35000,20000,Transferencia,20/11/2024
1638,Valentin Fernandez,Mendoza Ciudad,2024-12,Funcional,M,30,Activo,35000,0,Transferencia,20/11/2024
1639,Catalina Fernandez,Mendoza Ciudad,2024-03,Yoga,F,30,Activo,25000,20000,Transferencia,26/03/2024
1639,Catalina Fernandez,Mendoza Ciudad,2024-04,Yoga,F,30,Activo,25000,0,Transferencia,26/03/2024
1639,Catalina Fernandez,Mendoza Ciudad,2024-05,Yoga,F,30,Activo,25000,0,Transferencia,26/03/2024
1639,Catalina Fernandez,Mendoza Ciudad,2024-06,Yoga,F,30,Activo,25000,0,Transferencia,26/03/2024
1639,Catalina Fernandez,Mendoza Ciudad,2024-07,Yoga,F,30,Activo,25000,0,Transferencia,26/03/2024
1639,Catalina Fernandez,Mendoza Ciudad,2024-08,Yoga,F,30,Activo,25000,0,Transferencia,26/03/2024
1639,Catalina Fernandez,Mendoza Ciudad,2024-09,Yoga,F,30,Activo,25000,0,Transferencia,26/03/2024
1639,Catalina Fernandez,Mendoza Ciudad,2024-10,Yoga,F,30,Activo,25000,0,Transferencia,26/03/2024
1639,Catalina Fernandez,Mendoza Ciudad,2024-11,Yoga,F,30,Activo,25000,0,Transferencia,26/03/2024
1639,Catalina Fernandez,Mendoza Ciudad,2024-12,Yoga,F,30,Activo,25000,0,Transferencia,26/03/2024
1640,Bruno Molina,Maipu,2024-11,Spinning,F,28,Activo,25000,20000,Transferencia,07/11/2024
1640,Bruno Molina,Maipu,2024-12,Spinning,F,28,Activo,25000,0,Transferencia,07/11/2024
1641,Bruno Dominguez,Godoy Cruz,2024-03,Spinning,F,51,Activo,25000,20000,Transferencia,20/03/2024
1641,Bruno Dominguez,Godoy Cruz,2024-04,Spinning,F,51,Activo,25000,0,Transferencia,20/03/2024
1641,Bruno Dominguez,Godoy Cruz,2024-05,Spinning,F,51,Inactivo,0,0,Transferencia,20/03/2024
1641,Bruno Dominguez,Godoy Cruz,2024-06,Spinning,F,51,Inactivo,0,0,Transferencia,20/03/2024
1641,Bruno Dominguez,Godoy Cruz,2024-07,Spinning,F,51,Inactivo,0,0,Transferencia,20/03/2024
1641,Bruno Dominguez,Godoy Cruz,2024-08,Spinning,F,51,Activo,25000,0,Transferencia,20/03/2024
1641,Bruno Dominguez,Godoy Cruz,2024-09,Spinning,F,51,Activo,25000,0,Transferencia,20/03/2024
1641,Bruno Dominguez,Godoy Cruz,2024-10,Spinning,F,51,Activo,25000,0,Transferencia,20/03/2024
1641,Bruno Dominguez,Godoy Cruz,2024-11,Spinning,F,51,Activo,25000,0,Transferencia,20/03/2024
1641,Bruno Dominguez,Godoy Cruz,2024-12,Spinning,F,51,Activo,25000,0,Transferencia,20/03/2024
1642,Valentin Rios,Mendoza Ciudad,2024-10,Spinning,M,18,Activo,25000,20000,Efectivo,06/10/2024
1642,Valentin Rios,Mendoza Ciudad,2024-11,Spinning,M,18,Activo,25000,0,Efectivo,06/10/2024
1642,Valentin Rios,Mendoza Ciudad,2024-12,Spinning,M,18,Activo,25000,0,Efectivo,06/10/2024
1643,Lucia Molina,Godoy Cruz,2024-11,Funcional,M,32,Activo,35000,20000,Efectivo,02/11/2024
1643,Lucia Molina,Godoy Cruz,2024-12,Funcional,M,32,Activo,35000,0,Efectivo,02/11/2024
1644,Juan Herrera,Mendoza Ciudad,2024-07,Musculacion,M,30,Activo,35000,20000,Tarjeta,14/07/2024
1644,Juan Herrera,Mendoza Ciudad,2024-08,Musculacion,M,30,Inactivo,0,0,Tarjeta,14/07/2024
1644,Juan Herrera,Mendoza Ciudad,2024-09,Musculacion,M,30,Activo,35000,0,Tarjeta,14/07/2024
1644,Juan Herrera,Mendoza Ciudad,2024-10,Musculacion,M,30,Activo,35000,0,Tarjeta,14/07/2024
1644,Juan Herrera,Mendoza Ciudad,2024-11,Musculacion,M,30,Activo,35000,0,Tarjeta,14/07/2024
1644,Juan Herrera,Mendoza Ciudad,2024-12,Musculacion,M,30,Activo,35000,0,Tarjeta,14/07/2024
1645,Tomas Rios,Mendoza Ciudad,2024-03,Musculacion,M,20,Activo,35000,20000,Tarjeta,18/03/2024
1645,Tomas Rios,Mendoza Ciudad,2024-04,Musculacion,M,20,Activo,35000,0,Tarjeta,18/03/2024
1645,Tomas Rios,Mendoza Ciudad,2024-05,Musculacion,M,20,Activo,35000,0,Tarjeta,18/03/2024
1645,Tomas Rios,Mendoza Ciudad,2024-06,Musculacion,M,20,Inactivo,0,0,Tarjeta,18/03/2024
1645,Tomas Rios,Mendoza Ciudad,2024-07,Musculacion,M,20,Inactivo,0,0,Tarjeta,18/03/2024
1645,Tomas Rios,Mendoza Ciudad,2024-08,Musculacion,M,20,Inactivo,0,0,Tarjeta,18/03/2024
1645,Tomas Rios,Mendoza Ciudad,2024-09,Musculacion,M,20,Inactivo,0,0,Tarjeta,18/03/2024
1645,Tomas Rios,Mendoza Ciudad,2024-10,Musculacion,M,20,Activo,35000,0,Tarjeta,18/03/2024
1645,Tomas Rios,Mendoza Ciudad,2024-11,Musculacion,M,20,Activo,35000,0,Tarjeta,18/03/2024
1645,Tomas Rios,Mendoza Ciudad,2024-12,Musculacion,M,20,Activo,35000,0,Tarjeta,18/03/2024
1646,Julieta Suarez,Godoy Cruz,2024-12,Yoga,F,44,Activo,25000,20000,Tarjeta,07/12/2024
1647,Micaela Herrera,Maipu,2024-10,Musculacion,M,25,Activo,35000,20000,Efectivo,22/10/2024
1647,Micaela Herrera,Maipu,2024-11,Musculacion,M,25,Activo,35000,0,Efectivo,22/10/2024
1647,Micaela Herrera,Maipu,2024-12,Musculacion,M,25,Activo,35000,0,Efectivo,22/10/2024
1648,Catalina Lopez,Godoy Cruz,2024-11,Musculacion,M,19,Activo,35000,20000,Tarjeta,12/11/2024
1648,Catalina Lopez,Godoy Cruz,2024-12,Musculacion,M,19,Activo,35000,0,Tarjeta,12/11/2024
1649,Agustin Fernandez,Mendoza Ciudad,2024-11,Musculacion,F,24,Activo,35000,20000,Efectivo,02/11/2024
1649,Agustin Fernandez,Mendoza Ciudad,2024-12,Musculacion,F,24,Activo,35000,0,Efectivo,02/11/2024
1650,Camila Sanchez,Mendoza Ciudad,2024-06,Musculacion,M,28,Activo,35000,20000,Tarjeta,04/06/2024
1650,Camila Sanchez,Mendoza Ciudad,2024-07,Musculacion,M,28,Activo,35000,0,Tarjeta,04/06/2024
1650,Camila Sanchez,Mendoza Ciudad,2024-08,Musculacion,M,28,Inactivo,0,0,Tarjeta,04/06/2024
1650,Camila Sanchez,Mendoza Ciudad,2024-09,Musculacion,M,28,Activo,35000,0,Tarjeta,04/06/2024
1650,Camila Sanchez,Mendoza Ciudad,2024-10,Musculacion,M,28,Activo,35000,0,Tarjeta,04/06/2024
1650,Camila Sanchez,Mendoza Ciudad,2024-11,Musculacion,M,28,Activo,35000,0,Tarjeta,04/06/2024
1650,Camila Sanchez,Mendoza Ciudad,2024-12,Musculacion,M,28,Activo,35000,0,Tarjeta,04/06/2024
